gene_symbol,action_family,n_edges,chem_id,chem_name,action_norm
APOE,activates,73,MESH:C049235,11-dehydro-thromboxane B2,increases^abundance|increases^reaction
APOE,activates,73,MESH:C425784,2-(4-amino-3-methylphenyl)-5-fluorobenzothiazole,increases^expression
APOE,activates,73,MESH:C117220,3-nitrobenzanthrone,increases^expression
APOE,activates,73,MESH:C459179,"4-(5-benzo(1,3)dioxol-5-yl-4-pyridin-2-yl-1H-imidazol-2-yl)benzamide",affects^cotreatment|increases^expression
APOE,activates,73,MESH:C000590451,abemaciclib,increases^expression
APOE,activates,73,MESH:D000393,Air Pollutants,increases^abundance|increases^expression
APOE,activates,73,MESH:D016718,Arachidonic Acid,increases^abundance|increases^reaction
APOE,activates,73,MESH:C000228,aristolochic acid I,increases^expression
APOE,activates,73,MESH:D001151,Arsenic,increases^response to substance
APOE,activates,73,MESH:D001564,Benzo(a)pyrene,increases^methylation
APOE,activates,73,MESH:D001629,Bezafibrate,increases^expression
APOE,activates,73,MESH:C006780,bisphenol A,increases^expression
APOE,activates,73,MESH:C583074,bisphenol AF,increases^expression
APOE,activates,73,MESH:C492482,bisphenol B,increases^expression
APOE,activates,73,MESH:C000611646,bisphenol F,increases^expression
APOE,activates,73,MESH:C543008,bisphenol S,increases^expression
APOE,activates,73,MESH:D002110,Caffeine,increases^phosphorylation
APOE,activates,73,MESH:C026690,cerous chloride,affects^cotreatment|increases^expression
APOE,activates,73,MESH:D008076,"Cholesterol, HDL",increases^abundance
APOE,activates,73,MESH:C113861,corosolic acid,increases^expression
APOE,activates,73,MESH:D003634,DDT,increases^expression
APOE,activates,73,MESH:D003907,Dexamethasone,increases^expression
APOE,activates,73,MESH:D003633,Dichlorodiphenyl Dichloroethylene,increases^response to substance
APOE,activates,73,MESH:D004054,Diethylstilbestrol,increases^expression
APOE,activates,73,MESH:C516138,dorsomorphin,affects^cotreatment|increases^expression
APOE,activates,73,MESH:C118739,entinostat,affects^cotreatment|increases^expression
APOE,activates,73,MESH:C118739,entinostat,increases^expression
APOE,activates,73,MESH:C029451,ferrous chloride,increases^expression
APOE,activates,73,MESH:D005459,Fluorides,increases^expression
APOE,activates,73,MESH:C000720117,fluorotelomer sulfonic acids,increases^expression
APOE,activates,73,MESH:D000077340,Fluvastatin,increases^expression
APOE,activates,73,MESH:C000713927,ginger extract,increases^abundance|increases^expression
APOE,activates,73,MESH:C577920,GSK-2816126,increases^expression
APOE,activates,73,MESH:C473027,GW 3965,increases^expression|increases^secretion
APOE,activates,73,MESH:C473027,GW 3965,increases^expression
APOE,activates,73,MESH:D019161,Hydroxymethylglutaryl-CoA Reductase Inhibitors,increases^response to substance
APOE,activates,73,MESH:C492448,ICG 001,increases^expression
APOE,activates,73,MESH:D007501,Iron,increases^response to substance
APOE,activates,73,MESH:D064747,Lansoprazole,increases^expression
APOE,activates,73,MESH:C028521,lanthanum chloride,affects^cotreatment|increases^expression
APOE,activates,73,MESH:C028521,lanthanum chloride,increases^expression
APOE,activates,73,MESH:C541528,licochalcone B,increases^expression
APOE,activates,73,MESH:C442865,"lipopolysaccharide, Helicobacter pylori",increases^expression
APOE,activates,73,MESH:C000723530,lly-283,increases^expression
APOE,activates,73,MESH:C029938,nickel sulfate,increases^expression
APOE,activates,73,MESH:D009822,"Oils, Volatile",increases^abundance|increases^expression
APOE,activates,73,MESH:D019319,Okadaic Acid,increases^expression
APOE,activates,73,MESH:C500026,palbociclib,increases^expression
APOE,activates,73,MESH:D052638,Particulate Matter,increases^abundance|increases^expression
APOE,activates,73,MESH:C086401,pentabromodiphenyl ether,increases^expression
APOE,activates,73,MESH:C046012,pentanal,increases^expression
APOE,activates,73,MESH:C023036,perfluorooctanoic acid,increases^expression
APOE,activates,73,MESH:D010936,Plant Extracts,increases^expression
APOE,activates,73,MESH:C060540,polyhexamethyleneguanidine,increases^expression
APOE,activates,73,MESH:C005556,propionaldehyde,increases^expression
APOE,activates,73,MESH:D011794,Quercetin,increases^expression
APOE,activates,73,MESH:D000077185,Resveratrol,increases^expression
APOE,activates,73,MESH:D000077154,Rosiglitazone,increases^expression
APOE,activates,73,MESH:D012524,Sarin,increases^expression
APOE,activates,73,MESH:D012643,Selenium,increases^expression
APOE,activates,73,MESH:C017947,sodium arsenite,increases^expression
APOE,activates,73,MESH:D012970,Sodium Glutamate,increases^expression
APOE,activates,73,MESH:C423915,T0901317,increases^expression
APOE,activates,73,MESH:D020122,tert-Butylhydroperoxide,increases^expression
APOE,activates,73,MESH:D013749,Tetrachlorodibenzodioxin,increases^expression
APOE,activates,73,MESH:D014028,Tobacco Smoke Pollution,increases^expression
APOE,activates,73,MESH:D014108,Tosylphenylalanyl Chloromethyl Ketone,increases^reaction|increases^secretion
APOE,activates,73,MESH:D014108,Tosylphenylalanyl Chloromethyl Ketone,increases^expression|increases^reaction
APOE,activates,73,MESH:D014212,Tretinoin,increases^expression
APOE,activates,73,MESH:D014282,Trihexyphenidyl,increases^response to substance
APOE,activates,73,MESH:D000077288,Troglitazone,increases^expression
APOE,activates,73,MESH:D014331,Tropicamide,increases^response to substance
APOE,activates,73,MESH:D014635,Valproic Acid,increases^expression
APOE,binds,5,MESH:C032642,4-aminophenylarsenoxide,affects^binding
APOE,binds,5,MESH:D002104,Cadmium,affects^binding
APOE,binds,5,MESH:D003300,Copper,affects^binding
APOE,binds,5,MESH:D009532,Nickel,affects^binding
APOE,binds,5,MESH:D015032,Zinc,affects^binding
APOE,inhibits,77,MESH:C049235,11-dehydro-thromboxane B2,decreases^reaction|increases^abundance|increases^reaction
APOE,inhibits,77,MESH:C587734,"2,3,5-trichloro-6-phenyl-(1,4)benzoquinone",decreases^expression
APOE,inhibits,77,MESH:C023035,"3,4,5,3',4'-pentachlorobiphenyl",decreases^expression
APOE,inhibits,77,MESH:C032642,4-aminophenylarsenoxide,affects^binding|decreases^reaction
APOE,inhibits,77,MESH:C121465,6-methyl-2-(phenylethynyl)pyridine,decreases^reaction|increases^expression
APOE,inhibits,77,MESH:D000082,Acetaminophen,decreases^expression
APOE,inhibits,77,MESH:D000171,Acrolein,decreases^activity
APOE,inhibits,77,MESH:D000336,Aerosols,decreases^expression
APOE,inhibits,77,MESH:D016604,Aflatoxin B1,decreases^expression
APOE,inhibits,77,MESH:D000393,Air Pollutants,decreases^expression|increases^abundance
APOE,inhibits,77,MESH:D016718,Arachidonic Acid,decreases^reaction|increases^abundance|increases^reaction
APOE,inhibits,77,MESH:D000077237,Arsenic Trioxide,affects^binding|decreases^reaction
APOE,inhibits,77,MESH:D000077237,Arsenic Trioxide,decreases^expression
APOE,inhibits,77,MESH:D001218,Aspartame,decreases^expression
APOE,inhibits,77,MESH:D001241,Aspirin,decreases^reaction|increases^abundance|increases^reaction
APOE,inhibits,77,MESH:D000069059,Atorvastatin,decreases^expression
APOE,inhibits,77,MESH:D000069059,Atorvastatin,affects^cotreatment|decreases^expression
APOE,inhibits,77,MESH:D001564,Benzo(a)pyrene,decreases^methylation
APOE,inhibits,77,MESH:D001564,Benzo(a)pyrene,decreases^expression
APOE,inhibits,77,MESH:D001629,Bezafibrate,affects^cotreatment|decreases^expression
APOE,inhibits,77,MESH:C006780,bisphenol A,decreases^expression
APOE,inhibits,77,MESH:C062876,cetrorelix,affects^cotreatment|decreases^expression
APOE,inhibits,77,MESH:C100187,chloropicrin,decreases^expression
APOE,inhibits,77,MESH:D004390,Chlorpyrifos,decreases^reaction|increases^expression
APOE,inhibits,77,MESH:D002945,Cisplatin,decreases^expression
APOE,inhibits,77,MESH:D002945,Cisplatin,decreases^response to substance
APOE,inhibits,77,MESH:D002945,Cisplatin,affects^cotreatment|decreases^expression
APOE,inhibits,77,MESH:D003035,Cobalt,affects^cotreatment|decreases^expression
APOE,inhibits,77,MESH:D016572,Cyclosporine,decreases^expression
APOE,inhibits,77,MESH:C029166,dazoxiben,decreases^reaction|increases^abundance|increases^reaction
APOE,inhibits,77,MESH:C007262,deoxynivalenol,decreases^expression
APOE,inhibits,77,MESH:D017135,Desogestrel,affects^cotreatment|decreases^expression
APOE,inhibits,77,MESH:D004176,Dipyridamole,affects^cotreatment|decreases^expression
APOE,inhibits,77,MESH:D004656,Enalapril,affects^cotreatment|decreases^expression
APOE,inhibits,77,MESH:D004958,Estradiol,decreases^expression
APOE,inhibits,77,MESH:D005492,Folic Acid,decreases^expression
APOE,inhibits,77,MESH:C515005,ganoderic acid A,decreases^expression
APOE,inhibits,77,MESH:C412815,GW 4064,affects^cotreatment|decreases^expression
APOE,inhibits,77,MESH:C453899,GW 7647,affects^cotreatment|decreases^expression
APOE,inhibits,77,MESH:D000960,Hypolipidemic Agents,decreases^expression
APOE,inhibits,77,MESH:D007559,Ivermectin,decreases^expression
APOE,inhibits,77,MESH:C544151,jinfukang,decreases^expression
APOE,inhibits,77,MESH:C544151,jinfukang,affects^cotreatment|decreases^expression
APOE,inhibits,77,MESH:D007649,Ketamine,decreases^response to substance
APOE,inhibits,77,MESH:C000609591,MDCO-216,decreases^expression
APOE,inhibits,77,MESH:C004925,methylmercuric chloride,decreases^expression
APOE,inhibits,77,MESH:C063509,N-(2-(4-bromocinnamylamino)ethyl)-5-isoquinolinesulfonamide,decreases^reaction|increases^secretion
APOE,inhibits,77,MESH:C063509,N-(2-(4-bromocinnamylamino)ethyl)-5-isoquinolinesulfonamide,decreases^reaction|increases^expression
APOE,inhibits,77,MESH:D009532,Nickel,decreases^expression
APOE,inhibits,77,MESH:C029938,nickel sulfate,decreases^expression
APOE,inhibits,77,MESH:C038405,nivalenol,decreases^expression
APOE,inhibits,77,MESH:C464660,obeticholic acid,decreases^expression
APOE,inhibits,77,MESH:D019319,Okadaic Acid,decreases^expression
APOE,inhibits,77,MESH:D019301,Oleic Acid,affects^cotreatment|decreases^expression
APOE,inhibits,77,MESH:C084656,paricalcitol,affects^cotreatment|decreases^expression
APOE,inhibits,77,MESH:D052638,Particulate Matter,decreases^expression|increases^abundance
APOE,inhibits,77,MESH:C076994,perfluorooctane sulfonic acid,decreases^expression
APOE,inhibits,77,MESH:C023036,perfluorooctanoic acid,decreases^expression
APOE,inhibits,77,MESH:D010758,Phosphorus,affects^cotreatment|decreases^expression
APOE,inhibits,77,MESH:D059808,Polyphenols,decreases^expression
APOE,inhibits,77,MESH:C009006,potassium perchlorate,decreases^expression
APOE,inhibits,77,MESH:D019821,Simvastatin,decreases^expression
APOE,inhibits,77,MESH:D012906,Smoke,decreases^expression
APOE,inhibits,77,MESH:D012906,Smoke,decreases^expression|increases^abundance
APOE,inhibits,77,MESH:C017947,sodium arsenite,decreases^expression
APOE,inhibits,77,MESH:D012970,Sodium Glutamate,decreases^reaction|increases^expression
APOE,inhibits,77,MESH:D000077210,Sunitinib,decreases^expression
APOE,inhibits,77,MESH:C001803,tempol,decreases^reaction|increases^abundance|increases^reaction
APOE,inhibits,77,MESH:C004648,testosterone enanthate,affects^cotreatment|decreases^expression
APOE,inhibits,77,MESH:D014028,Tobacco Smoke Pollution,decreases^expression
APOE,inhibits,77,MESH:C024746,tobacco tar,decreases^expression
APOE,inhibits,77,MESH:D014212,Tretinoin,decreases^expression
APOE,inhibits,77,MESH:C002802,tungsten carbide,affects^cotreatment|decreases^expression
APOE,inhibits,77,MESH:D014635,Valproic Acid,decreases^expression
APOE,inhibits,77,MESH:D000068756,Valsartan,affects^cotreatment|decreases^expression
APOE,inhibits,77,MESH:D000068756,Valsartan,decreases^expression|decreases^reaction
APOE,inhibits,77,MESH:D015025,Zearalenone,decreases^expression
APOE,modifies,8,MESH:D000171,Acrolein,affects^folding
APOE,modifies,8,MESH:D008076,"Cholesterol, HDL",affects^abundance
APOE,modifies,8,MESH:D013196,Dihydrotestosterone,affects^phosphorylation|affects^reaction
APOE,modifies,8,MESH:D005947,Glucose,affects^secretion
APOE,modifies,8,MESH:D000077185,Resveratrol,affects^secretion
APOE,modifies,8,MESH:C017947,sodium arsenite,affects^methylation
APOE,modifies,8,MESH:D014812,Vitamin K,affects^uptake
APOE,modifies,8,MESH:D014812,Vitamin K,affects^abundance
PCSK9,activates,34,MESH:C477819,15-deoxyprostaglandin J2,increases^expression
PCSK9,activates,34,MESH:D015056,1-Methyl-3-isobutylxanthine,affects^cotreatment|increases^expression
PCSK9,activates,34,MESH:C093973,2-(2-amino-3-methoxyphenyl)-4H-1-benzopyran-4-one,increases^expression
PCSK9,activates,34,MESH:C009407,"2,5,2',5'-tetrachlorobiphenyl",increases^expression
PCSK9,activates,34,MESH:D016604,Aflatoxin B1,increases^methylation
PCSK9,activates,34,MESH:D000638,Amiodarone,increases^expression
PCSK9,activates,34,MESH:C049935,avobenzone,increases^expression
PCSK9,activates,34,MESH:D001629,Bezafibrate,increases^expression
PCSK9,activates,34,MESH:C006780,bisphenol A,affects^cotreatment|increases^expression
PCSK9,activates,34,MESH:C543008,bisphenol S,affects^cotreatment|increases^methylation
PCSK9,activates,34,MESH:D002110,Caffeine,increases^phosphorylation
PCSK9,activates,34,MESH:C092451,CGP 52608,affects^binding|increases^reaction
PCSK9,activates,34,MESH:D016572,Cyclosporine,increases^expression
PCSK9,activates,34,MESH:D003609,Dactinomycin,affects^cotreatment|increases^expression
PCSK9,activates,34,MESH:D003907,Dexamethasone,affects^cotreatment|increases^expression
PCSK9,activates,34,MESH:C045651,epigallocatechin gallate,increases^expression
PCSK9,activates,34,MESH:D000069438,Ezetimibe,affects^cotreatment|increases^expression
PCSK9,activates,34,MESH:D005227,Fatty Acids,increases^secretion
PCSK9,activates,34,MESH:D005227,Fatty Acids,increases^expression
PCSK9,activates,34,MESH:D011345,Fenofibrate,increases^expression
PCSK9,activates,34,MESH:D000077267,Fulvestrant,affects^cotreatment|increases^methylation
PCSK9,activates,34,MESH:D000093542,Gemcitabine,increases^expression
PCSK9,activates,34,MESH:D007213,Indomethacin,affects^cotreatment|increases^expression
PCSK9,activates,34,MESH:D037742,"Nanotubes, Carbon",increases^expression
PCSK9,activates,34,MESH:C482205,nutlin 3,affects^cotreatment|increases^expression
PCSK9,activates,34,MESH:D000077205,Pioglitazone,increases^expression
PCSK9,activates,34,MESH:D000077205,Pioglitazone,increases^expression|increases^reaction
PCSK9,activates,34,MESH:D000077185,Resveratrol,increases^expression
PCSK9,activates,34,MESH:D019821,Simvastatin,affects^cotreatment|increases^expression
PCSK9,activates,34,MESH:C017947,sodium arsenite,increases^expression
PCSK9,activates,34,MESH:C113580,U 0126,increases^expression|increases^reaction
PCSK9,activates,34,MESH:C113580,U 0126,increases^expression
PCSK9,activates,34,MESH:C066632,yessotoxin,increases^expression
PCSK9,activates,34,MESH:D000077211,Zoledronic Acid,increases^expression
PCSK9,binds,1,MESH:D004137,Dinitrochlorobenzene,affects^binding
PCSK9,inhibits,74,MESH:C524478,"1,3-bis(4-hydroxyphenyl)-4-methyl-5-(4-(2-piperidinylethoxy)phenol)-1H-pyrazole",decreases^reaction|increases^expression
PCSK9,inhibits,74,MESH:C524478,"1,3-bis(4-hydroxyphenyl)-4-methyl-5-(4-(2-piperidinylethoxy)phenol)-1H-pyrazole",decreases^reaction|increases^secretion
PCSK9,inhibits,74,MESH:D020001,1-Butanol,affects^cotreatment|decreases^expression|increases^abundance
PCSK9,inhibits,74,MESH:C477694,"2,2',4,4',5-brominated diphenyl ether",decreases^expression
PCSK9,inhibits,74,MESH:C511621,2-methyl-2H-pyrazole-3-carboxylic acid (2-methyl-4-o-tolylazophenyl)amide,affects^cotreatment|decreases^expression
PCSK9,inhibits,74,MESH:C459179,"4-(5-benzo(1,3)dioxol-5-yl-4-pyridin-2-yl-1H-imidazol-2-yl)benzamide",affects^cotreatment|decreases^expression
PCSK9,inhibits,74,MESH:C020738,"9,10-dihydro-9,10-dihydroxybenzo(a)pyrene",decreases^expression
PCSK9,inhibits,74,MESH:C496492,abrine,decreases^expression
PCSK9,inhibits,74,MESH:D000082,Acetaminophen,decreases^expression
PCSK9,inhibits,74,MESH:D016604,Aflatoxin B1,decreases^expression
PCSK9,inhibits,74,MESH:D000393,Air Pollutants,decreases^expression|increases^abundance
PCSK9,inhibits,74,MESH:C526957,alisol B 23-acetate,decreases^reaction|increases^expression
PCSK9,inhibits,74,MESH:C526957,alisol B 23-acetate,decreases^reaction|increases^expression|increases^reaction
PCSK9,inhibits,74,MESH:C526957,alisol B 23-acetate,decreases^reaction|increases^reaction|increases^secretion
PCSK9,inhibits,74,MESH:C526957,alisol B 23-acetate,decreases^reaction|increases^secretion
PCSK9,inhibits,74,MESH:D000077237,Arsenic Trioxide,decreases^expression
PCSK9,inhibits,74,MESH:D001205,Ascorbic Acid,affects^reaction|decreases^expression
PCSK9,inhibits,74,MESH:D001205,Ascorbic Acid,decreases^expression
PCSK9,inhibits,74,MESH:C487081,belinostat,decreases^expression
PCSK9,inhibits,74,MESH:D001564,Benzo(a)pyrene,decreases^methylation
PCSK9,inhibits,74,MESH:D001564,Benzo(a)pyrene,decreases^expression
PCSK9,inhibits,74,MESH:C014638,beta-lapachone,decreases^expression
PCSK9,inhibits,74,MESH:D002220,Carbamazepine,decreases^expression
PCSK9,inhibits,74,MESH:C074702,chromium hexavalent ion,decreases^expression|increases^abundance
PCSK9,inhibits,74,MESH:C018021,cobaltous chloride,decreases^secretion
PCSK9,inhibits,74,MESH:D003300,Copper,affects^binding|decreases^expression
PCSK9,inhibits,74,MESH:D019327,Copper Sulfate,decreases^expression
PCSK9,inhibits,74,MESH:D016572,Cyclosporine,decreases^expression
PCSK9,inhibits,74,MESH:D004051,Diethylhexyl Phthalate,decreases^expression
PCSK9,inhibits,74,MESH:C516138,dorsomorphin,affects^cotreatment|decreases^expression
PCSK9,inhibits,74,MESH:D004958,Estradiol,decreases^expression
PCSK9,inhibits,74,MESH:D005227,Fatty Acids,decreases^reaction|increases^expression|increases^reaction
PCSK9,inhibits,74,MESH:D005227,Fatty Acids,decreases^reaction|increases^expression
PCSK9,inhibits,74,MESH:D005227,Fatty Acids,decreases^reaction|increases^reaction|increases^secretion
PCSK9,inhibits,74,MESH:D005227,Fatty Acids,decreases^reaction|increases^secretion
PCSK9,inhibits,74,MESH:C043055,gallium arsenide,decreases^expression
PCSK9,inhibits,74,MESH:C515005,ganoderic acid A,decreases^expression
PCSK9,inhibits,74,MESH:D005742,Gasoline,affects^cotreatment|decreases^expression|increases^abundance
PCSK9,inhibits,74,MESH:C060284,isolariciresinol,decreases^expression
PCSK9,inhibits,74,MESH:C561695,(+)-JQ1 compound,decreases^expression
PCSK9,inhibits,74,MESH:C410337,K 7174,decreases^expression
PCSK9,inhibits,74,MESH:C042720,mercuric bromide,affects^cotreatment|decreases^expression
PCSK9,inhibits,74,MESH:C042720,mercuric bromide,decreases^expression
PCSK9,inhibits,74,MESH:C005223,methyleugenol,decreases^expression
PCSK9,inhibits,74,MESH:C004925,methylmercuric chloride,decreases^expression
PCSK9,inhibits,74,MESH:C406082,monomethylarsonous acid,decreases^expression
PCSK9,inhibits,74,MESH:C038405,nivalenol,decreases^expression
PCSK9,inhibits,74,MESH:D009242,N-Nitrosopyrrolidine,decreases^expression
PCSK9,inhibits,74,MESH:C558013,NSC 689534,affects^binding|decreases^expression
PCSK9,inhibits,74,MESH:D019319,Okadaic Acid,decreases^expression
PCSK9,inhibits,74,MESH:D052638,Particulate Matter,affects^cotreatment|decreases^expression|increases^abundance
PCSK9,inhibits,74,MESH:D052638,Particulate Matter,decreases^expression|increases^abundance
PCSK9,inhibits,74,MESH:D052638,Particulate Matter,decreases^expression
PCSK9,inhibits,74,MESH:D020245,p-Chloromercuribenzoic Acid,decreases^expression
PCSK9,inhibits,74,MESH:D020245,p-Chloromercuribenzoic Acid,affects^cotreatment|decreases^expression
PCSK9,inhibits,74,MESH:C101816,perfluoro-n-nonanoic acid,decreases^expression
PCSK9,inhibits,74,MESH:C023036,perfluorooctanoic acid,decreases^expression
PCSK9,inhibits,74,MESH:D010662,Phenylmercuric Acetate,decreases^expression
PCSK9,inhibits,74,MESH:D010662,Phenylmercuric Acetate,affects^cotreatment|decreases^expression
PCSK9,inhibits,74,MESH:D011084,Polycyclic Aromatic Hydrocarbons,affects^cotreatment|decreases^expression|increases^abundance
PCSK9,inhibits,74,MESH:C572919,PP242,decreases^expression
PCSK9,inhibits,74,MESH:D011794,Quercetin,decreases^expression
PCSK9,inhibits,74,MESH:D012822,Silicon Dioxide,decreases^expression
PCSK9,inhibits,74,MESH:D012834,Silver,decreases^expression
PCSK9,inhibits,74,MESH:C025462,sulindac sulfide,decreases^expression
PCSK9,inhibits,74,MESH:D013749,Tetrachlorodibenzodioxin,affects^cotreatment|decreases^expression
PCSK9,inhibits,74,MESH:D013749,Tetrachlorodibenzodioxin,decreases^expression
PCSK9,inhibits,74,MESH:D014028,Tobacco Smoke Pollution,decreases^expression
PCSK9,inhibits,74,MESH:C012589,trichostatin A,decreases^expression
PCSK9,inhibits,74,MESH:C016805,"tris(1,3-dichloro-2-propyl)phosphate",decreases^expression
PCSK9,inhibits,74,MESH:D000077288,Troglitazone,decreases^expression
PCSK9,inhibits,74,MESH:D014635,Valproic Acid,decreases^expression
PCSK9,inhibits,74,MESH:D014635,Valproic Acid,affects^cotreatment|decreases^expression
PCSK9,inhibits,74,MESH:C023616,zinc chromate,decreases^expression|increases^abundance
PCSK9,modifies,1,MESH:D001564,Benzo(a)pyrene,affects^methylation
TP53,activates,1668,MESH:C067795,10-decarbamoylmitomycin C,increases^stability
TP53,activates,1668,MESH:C067795,10-decarbamoylmitomycin C,increases^expression|increases^stability
TP53,activates,1668,MESH:C490191,"11,11'-dideoxyverticilin",increases^expression|increases^phosphorylation
TP53,activates,1668,MESH:C026486,"1,2,5,6-dibenzanthracene",affects^reaction|increases^expression
TP53,activates,1668,MESH:C026486,"1,2,5,6-dibenzanthracene",increases^response to substance
TP53,activates,1668,MESH:C512968,"1,2-dioleoyl-3-phosphoethanolamine-n-(poly(ethyleneglycol))-hydroxy succinamide",affects^binding|affects^cotreatment|increases^expression
TP53,activates,1668,MESH:C032041,"1,2-diphenylhydrazine",affects^cotreatment|increases^mutagenesis
TP53,activates,1668,MESH:C032041,"1,2-diphenylhydrazine",affects^cotreatment|increases^mutagenesis|increases^reaction
TP53,activates,1668,MESH:C010942,"1,2-distearoyllecithin",affects^binding|affects^cotreatment|increases^expression
TP53,activates,1668,MESH:C519184,"1,2-distearoyl-sn-glycero-3-phosphoethanolamine-N-methoxy-poly(ethylene glycol 2000)",affects^binding|affects^cotreatment|increases^expression
TP53,activates,1668,MESH:C429685,"1,4,5,8-naphthalenetetracarboxylic diimide",increases^expression
TP53,activates,1668,MESH:C074153,"1,4-phenylenebis(methylene)selenocyanate",increases^expression
TP53,activates,1668,MESH:C074153,"1,4-phenylenebis(methylene)selenocyanate",increases^expression|increases^reaction
TP53,activates,1668,MESH:C560296,"1,5-bis(2,3-dimethoxyphenyl)penta-1,4-dien-3-one",increases^phosphorylation
TP53,activates,1668,MESH:C495172,(19Z)-halichondramide,increases^expression
TP53,activates,1668,MESH:C047948,1'-acetoxychavicol acetate,affects^cotreatment|increases^phosphorylation
TP53,activates,1668,MESH:C036423,1-aminomethylphosphonic acid,increases^expression
TP53,activates,1668,MESH:C095284,"1H-(1,2,4)oxadiazolo(4,3-a)quinoxalin-1-one",increases^expression|increases^phosphorylation|increases^stability
TP53,activates,1668,MESH:C540044,1-hexadecyl-3-methylimidazolium chloride,increases^expression
TP53,activates,1668,MESH:C506325,1-hydroxy-1-norresistomycin,increases^expression
TP53,activates,1668,MESH:C108731,1'-(hydroxymethyl)eugenol,increases^phosphorylation
TP53,activates,1668,MESH:D015655,1-Methyl-4-phenylpyridinium,increases^expression
TP53,activates,1668,MESH:C032668,1-nitropyrene,affects^reaction|increases^expression
TP53,activates,1668,MESH:C032668,1-nitropyrene,increases^expression
TP53,activates,1668,MESH:C032668,1-nitropyrene,increases^expression|increases^response to substance
TP53,activates,1668,MESH:C032668,1-nitropyrene,increases^activity
TP53,activates,1668,MESH:C532162,"2-(1H-indazol-4-yl)-6-(4-methanesulfonylpiperazin-1-ylmethyl)-4-morpholin-4-ylthieno(3,2-d)pyrimidine",increases^expression
TP53,activates,1668,MESH:C532162,"2-(1H-indazol-4-yl)-6-(4-methanesulfonylpiperazin-1-ylmethyl)-4-morpholin-4-ylthieno(3,2-d)pyrimidine",affects^cotreatment|increases^expression
TP53,activates,1668,MESH:C000590225,2-(2-((3-(4-chlorophenyl)-1-methyl-1H-pyrazol-5-yloxy)methyl)phenyl)-3-methoxyacrylate,increases^expression
TP53,activates,1668,MESH:C093973,2-(2-amino-3-methoxyphenyl)-4H-1-benzopyran-4-one,increases^expression
TP53,activates,1668,MESH:C093973,2-(2-amino-3-methoxyphenyl)-4H-1-benzopyran-4-one,increases^abundance|increases^reaction
TP53,activates,1668,MESH:C093973,2-(2-amino-3-methoxyphenyl)-4H-1-benzopyran-4-one,increases^response to substance
TP53,activates,1668,MESH:C006183,2-(2-aminoethyl)pyridine,affects^binding|increases^expression
TP53,activates,1668,MESH:C046728,"2,2'-azobis(2-amidinopropane)",increases^phosphorylation
TP53,activates,1668,MESH:C046728,"2,2'-azobis(2-amidinopropane)",increases^phosphorylation|increases^reaction
TP53,activates,1668,MESH:C451219,"2,2-bis(hydroxymethyl)-1-azabicyclo(2,2,2,)octan-3-one",increases^reaction|increases^response to substance
TP53,activates,1668,MESH:C451219,"2,2-bis(hydroxymethyl)-1-azabicyclo(2,2,2,)octan-3-one",increases^activity
TP53,activates,1668,MESH:C451219,"2,2-bis(hydroxymethyl)-1-azabicyclo(2,2,2,)octan-3-one",increases^localization|increases^reaction
TP53,activates,1668,MESH:C451219,"2,2-bis(hydroxymethyl)-1-azabicyclo(2,2,2,)octan-3-one",affects^reaction|increases^expression
TP53,activates,1668,MESH:C451219,"2,2-bis(hydroxymethyl)-1-azabicyclo(2,2,2,)octan-3-one",increases^activity|increases^expression|increases^localization
TP53,activates,1668,MESH:C044565,2-((((2-chloroethyl)nitrosoamino)carbonyl)amino)propanamide,increases^expression
TP53,activates,1668,MESH:C044565,2-((((2-chloroethyl)nitrosoamino)carbonyl)amino)propanamide,increases^phosphorylation
TP53,activates,1668,MESH:C044565,2-((((2-chloroethyl)nitrosoamino)carbonyl)amino)propanamide,increases^response to substance
TP53,activates,1668,MESH:C587734,"2,3,5-trichloro-6-phenyl-(1,4)benzoquinone",affects^localization|increases^expression
TP53,activates,1668,MESH:C587734,"2,3,5-trichloro-6-phenyl-(1,4)benzoquinone",increases^expression|increases^reaction
TP53,activates,1668,MESH:C587734,"2,3,5-trichloro-6-phenyl-(1,4)benzoquinone",increases^expression
TP53,activates,1668,MESH:C587734,"2,3,5-trichloro-6-phenyl-(1,4)benzoquinone",increases^cleavage|increases^reaction
TP53,activates,1668,MESH:C587734,"2,3,5-trichloro-6-phenyl-(1,4)benzoquinone",affects^reaction|increases^expression
TP53,activates,1668,MESH:C587734,"2,3,5-trichloro-6-phenyl-(1,4)benzoquinone",affects^binding|increases^reaction
TP53,activates,1668,MESH:C416653,2-(3'-methoxyphenyl)-6-pyrrolidinyl-4-quinazolinone,increases^expression
TP53,activates,1668,MESH:C416653,2-(3'-methoxyphenyl)-6-pyrrolidinyl-4-quinazolinone,increases^response to substance
TP53,activates,1668,MESH:C416653,2-(3'-methoxyphenyl)-6-pyrrolidinyl-4-quinazolinone,increases^expression|increases^phosphorylation
TP53,activates,1668,MESH:C081766,"2,4,4'-trichlorobiphenyl",increases^expression|increases^phosphorylation|increases^reaction
TP53,activates,1668,MESH:C014024,"2,4,5,2',4',5'-hexachlorobiphenyl",increases^activity
TP53,activates,1668,MESH:C014024,"2,4,5,2',4',5'-hexachlorobiphenyl",affects^localization|increases^expression|increases^reaction
TP53,activates,1668,MESH:C014024,"2,4,5,2',4',5'-hexachlorobiphenyl",increases^expression|increases^reaction
TP53,activates,1668,MESH:C014024,"2,4,5,2',4',5'-hexachlorobiphenyl",increases^expression|increases^phosphorylation|increases^reaction
TP53,activates,1668,MESH:C009828,"2,4,5,2',5'-pentachlorobiphenyl",increases^expression|increases^phosphorylation|increases^reaction
TP53,activates,1668,MESH:C009828,"2,4,5,2',5'-pentachlorobiphenyl",affects^localization|increases^reaction
TP53,activates,1668,MESH:C529061,"2-(4,5-dihydro-1,3-thiazol-2-ylthio)-1-(3,4-dihydroxyphenyl)ethanone",affects^reaction|increases^expression
TP53,activates,1668,MESH:C085911,2-(4-morpholinyl)-8-phenyl-4H-1-benzopyran-4-one,increases^activity|increases^expression|increases^reaction
TP53,activates,1668,MESH:C085911,2-(4-morpholinyl)-8-phenyl-4H-1-benzopyran-4-one,affects^cotreatment|increases^expression
TP53,activates,1668,MESH:C085911,2-(4-morpholinyl)-8-phenyl-4H-1-benzopyran-4-one,affects^cotreatment|increases^response to substance
TP53,activates,1668,MESH:C085911,2-(4-morpholinyl)-8-phenyl-4H-1-benzopyran-4-one,increases^phosphorylation
TP53,activates,1668,MESH:C085911,2-(4-morpholinyl)-8-phenyl-4H-1-benzopyran-4-one,increases^cleavage|increases^reaction
TP53,activates,1668,MESH:C085911,2-(4-morpholinyl)-8-phenyl-4H-1-benzopyran-4-one,increases^expression
TP53,activates,1668,MESH:C085911,2-(4-morpholinyl)-8-phenyl-4H-1-benzopyran-4-one,affects^cotreatment|increases^expression|increases^reaction
TP53,activates,1668,MESH:C588087,2-(5-(3-chlorophenyl)-6-(4-chlorophenyl)-1-(1-(isopropylsulfonyl)-3-methylbutan-2-yl)-3-methyl-2-oxopiperidin-3-yl)acetic acid,increases^expression|increases^reaction|increases^response to substance
TP53,activates,1668,MESH:C588087,2-(5-(3-chlorophenyl)-6-(4-chlorophenyl)-1-(1-(isopropylsulfonyl)-3-methylbutan-2-yl)-3-methyl-2-oxopiperidin-3-yl)acetic acid,increases^response to substance
TP53,activates,1668,MESH:C117776,"2,5-diaziridinyl-3-(hydroxymethyl)-6-methyl-1,4-benzoquinone",increases^cleavage|increases^expression
TP53,activates,1668,MESH:C117776,"2,5-diaziridinyl-3-(hydroxymethyl)-6-methyl-1,4-benzoquinone",increases^expression
TP53,activates,1668,MESH:C007997,25-hydroxycholesterol,increases^expression
TP53,activates,1668,MESH:D015086,"2,6-Dichloroindophenol",affects^cotreatment|increases^phosphorylation
TP53,activates,1668,MESH:D015073,2-Acetylaminofluorene,increases^expression
TP53,activates,1668,MESH:C049584,"2-amino-1-methyl-6-phenylimidazo(4,5-b)pyridine",increases^expression
TP53,activates,1668,MESH:C049584,"2-amino-1-methyl-6-phenylimidazo(4,5-b)pyridine",increases^phosphorylation
TP53,activates,1668,MESH:C418233,2-amino-3-(3-hydrox-5(2-methyl-2H-tetrazol-5-yl)isoxazol-4-yl)propionic acid,increases^methylation
TP53,activates,1668,MESH:C036990,"2-amino-3,8-dimethylimidazo(4,5-f)quinoxaline",increases^expression
TP53,activates,1668,MESH:C546460,"2-amino-3-methyl-3H-imidazo(4,5-f)quinoline",increases^expression
TP53,activates,1668,MESH:C035208,"2-amino-4,6-dinitrotoluene",increases^activity
TP53,activates,1668,MESH:C035208,"2-amino-4,6-dinitrotoluene",increases^expression
TP53,activates,1668,MESH:C437043,2-butylamino-2-demethoxy-hypocrellin B,increases^expression
TP53,activates,1668,MESH:C031278,2-chloroethyl ethyl sulfide,increases^phosphorylation
TP53,activates,1668,MESH:C031278,2-chloroethyl ethyl sulfide,affects^reaction|increases^phosphorylation
TP53,activates,1668,MESH:C031278,2-chloroethyl ethyl sulfide,increases^expression
TP53,activates,1668,MESH:C070279,2'-cyano-2'-deoxyarabinofuranosylcytosine,increases^phosphorylation
TP53,activates,1668,MESH:C018535,2-ethylhexyldiphenylphosphate,increases^expression
TP53,activates,1668,MESH:C120275,2-hydroxy-1-naphthylaldehyde isonicotinoyl hydrazone,affects^localization|increases^activity|increases^expression
TP53,activates,1668,MESH:C120275,2-hydroxy-1-naphthylaldehyde isonicotinoyl hydrazone,affects^localization|increases^expression
TP53,activates,1668,MESH:C576975,"2-hydroxy-3',5,5'-trimethoxychalcone",increases^expression
TP53,activates,1668,MESH:C060533,"2-hydroxyamino-1-methyl-6-phenylimidazo(4,5-b)pyridine",increases^mutagenesis
TP53,activates,1668,MESH:C511621,2-methyl-2H-pyrazole-3-carboxylic acid (2-methyl-4-o-tolylazophenyl)amide,increases^expression
TP53,activates,1668,MESH:C011506,2-methyl-4-isothiazolin-3-one,increases^expression
TP53,activates,1668,MESH:C011506,2-methyl-4-isothiazolin-3-one,increases^phosphorylation
TP53,activates,1668,MESH:C004369,2-phenylphenol,affects^cotreatment|increases^mutagenesis
TP53,activates,1668,MESH:C018855,2-tert-butylhydroquinone,increases^expression
TP53,activates,1668,MESH:C054649,"3-(2-hydroxy-4-(1,1-dimethylheptyl)phenyl)-4-(3-hydroxypropyl)cyclohexanol",increases^expression
TP53,activates,1668,MESH:C041525,"3,3',4,5'-tetrahydroxystilbene",increases^expression
TP53,activates,1668,MESH:C016392,"3,3'-diindolylmethane",increases^activity|increases^expression|increases^phosphorylation
TP53,activates,1668,MESH:C422863,"3,4,5,4'-tetrahydroxystilbene",increases^activity|increases^expression
TP53,activates,1668,MESH:C422863,"3,4,5,4'-tetrahydroxystilbene",increases^expression
TP53,activates,1668,MESH:C422863,"3,4,5,4'-tetrahydroxystilbene",increases^activity
TP53,activates,1668,MESH:C482492,"3,4,5,4'-tetramethoxystilbene",increases^expression
TP53,activates,1668,MESH:C061213,"3',4',7-trihydroxyisoflavone",increases^expression|increases^reaction
TP53,activates,1668,MESH:C061213,"3',4',7-trihydroxyisoflavone",increases^expression
TP53,activates,1668,MESH:C045421,"3,4,8-trimethylimidazo(4,5-f)quinoxalin-2-amine",increases^expression
TP53,activates,1668,MESH:C472791,3-(4'-hydroxy-3'-adamantylbiphenyl-4-yl)acrylic acid,increases^phosphorylation
TP53,activates,1668,MESH:C434003,3-(4-methylphenylsulfonyl)-2-propenenitrile,increases^phosphorylation|increases^reaction
TP53,activates,1668,MESH:C434003,3-(4-methylphenylsulfonyl)-2-propenenitrile,affects^localization|increases^reaction
TP53,activates,1668,MESH:C434003,3-(4-methylphenylsulfonyl)-2-propenenitrile,affects^binding|increases^reaction
TP53,activates,1668,MESH:C553472,"3-(4-methylpiperazin)-8-oxo-8H-acenaphtho(1,2-b)pyrrole-9-carbonitrile",increases^activity|increases^expression|increases^phosphorylation
TP53,activates,1668,MESH:C494914,"3,5,3',4',5'-pentamethoxystilbene",increases^expression
TP53,activates,1668,MESH:C524042,"3,5-bis(2-fluorobenzylidene)piperidin-4-one",affects^reaction|increases^expression
TP53,activates,1668,MESH:C524042,"3,5-bis(2-fluorobenzylidene)piperidin-4-one",increases^expression|increases^phosphorylation
TP53,activates,1668,MESH:C000611248,"3,5-dihydroxy-4-methoxybenzyl alcohol",increases^expression
TP53,activates,1668,MESH:C090937,3-(5'-hydroxymethyl-2'-furyl)-1-benzylindazole,increases^expression|increases^reaction
TP53,activates,1668,MESH:C090937,3-(5'-hydroxymethyl-2'-furyl)-1-benzylindazole,increases^expression
TP53,activates,1668,MESH:C000590771,3-((6-(2-methoxyphenyl)pyrimidin-4-yl)amino)phenyl)methane sulfonamide,increases^phosphorylation
TP53,activates,1668,MESH:C034534,"3,7,11,15-tetramethyl-2,4,6,10,14-hexadecapentaenoic acid",increases^expression|increases^reaction
TP53,activates,1668,MESH:C026423,"3,8-dihydroxy-6H-dibenzo(b,d)pyran-6-one",increases^expression
TP53,activates,1668,MESH:C479067,3-aminothioacridone,increases^expression|increases^phosphorylation
TP53,activates,1668,MESH:C025946,3-methyladenine,affects^cotreatment|increases^activity
TP53,activates,1668,MESH:C117220,3-nitrobenzanthrone,increases^mutagenesis
TP53,activates,1668,MESH:C000614725,3'-oxomethylisoeugenol,increases^phosphorylation
TP53,activates,1668,MESH:C070417,"(3R)-((2,3-dihydro-5-methyl-3-((4-morpholinyl)methyl)pyrrolo-(1,2,3-de)-1,4-benzoxazin-6-yl)(1-naphthalenyl))methanone",increases^expression
TP53,activates,1668,MESH:C584509,"4-(4-((5-(4,5-dimethyl-2-nitrophenyl)-2-furanyl)methylene)-4,5-dihydro-3-methyl-5-oxo-1H-pyrazol-1-yl)benzoic acid",increases^expression
TP53,activates,1668,MESH:C580935,"4-((4-hydroxyphenylimino)methyl)benzene-1,2-diol",increases^expression
TP53,activates,1668,MESH:C494356,"4-benzyl-2-methyl-1,2,4-thiadiazolidine-3,5-dione",increases^phosphorylation
TP53,activates,1668,MESH:C027576,4-hydroxy-2-nonenal,increases^expression
TP53,activates,1668,MESH:C027576,4-hydroxy-2-nonenal,increases^mutagenesis
TP53,activates,1668,MESH:C110583,4-nerolidylcatechol,increases^expression
TP53,activates,1668,MESH:D015112,4-Nitroquinoline-1-oxide,increases^expression
TP53,activates,1668,MESH:C016583,4-(N-methyl-N-nitrosamino)-1-(3-pyridyl)-1-butanone,increases^ADP-ribosylation
TP53,activates,1668,MESH:C016583,4-(N-methyl-N-nitrosamino)-1-(3-pyridyl)-1-butanone,increases^phosphorylation
TP53,activates,1668,MESH:C016583,4-(N-methyl-N-nitrosamino)-1-(3-pyridyl)-1-butanone,increases^expression
TP53,activates,1668,MESH:C041594,4-nonylphenol,increases^phosphorylation
TP53,activates,1668,MESH:C494898,4-oxofenretinide,increases^expression
TP53,activates,1668,MESH:C105260,4-tert-octylphenol,increases^phosphorylation
TP53,activates,1668,MESH:C573233,"5,7-dihydroxy-2-methyl-8-(4-(3-hydroxy-1-methyl)-piperidinyl)-4H-1-benzopyran-4-one",increases^expression
TP53,activates,1668,MESH:C080669,"5,7-dihydroxy-6-methoxy-2-phenylchromen-4-one",increases^expression
TP53,activates,1668,MESH:C439285,(5-fluoro-2-methyl-1-(4-pyridyl)methylene-3-(N-benzyl)-indene)-acetamide hydrochloride,increases^expression|increases^reaction
TP53,activates,1668,MESH:C439285,(5-fluoro-2-methyl-1-(4-pyridyl)methylene-3-(N-benzyl)-indene)-acetamide hydrochloride,increases^expression
TP53,activates,1668,MESH:D000078223,5-Methoxypsoralen,increases^expression|increases^phosphorylation
TP53,activates,1668,MESH:C008500,5'-methylthioadenosine,increases^expression
TP53,activates,1668,MESH:C471843,6-((3-chloro)anilino)-2-(isopropyl-2-hydroxyethylamino)-9-isopropylpurine,increases^expression
TP53,activates,1668,MESH:C485383,"6,7-dihydroxyflavone",increases^degradation
TP53,activates,1668,MESH:C000595015,"6,7-dimethoxy-2-(pyrrolidin-1-yl)-N-(5-(pyrrolidin-1-yl)pentyl)quinazolin-4-amine",increases^response to substance
TP53,activates,1668,MESH:C550547,"6-chloro-2,3,4,9-tetrahydro-1H-carbazole-1-carboxamide",increases^acetylation
TP53,activates,1668,MESH:C411123,6-oxocampestanol,increases^expression
TP53,activates,1668,MESH:C114369,"7,8-diacetoxy-4-methylcoumarin",increases^expression
TP53,activates,1668,MESH:C540361,"7,8-diacetoxy-4-methylthiocoumarin",increases^expression
TP53,activates,1668,MESH:D015123,"7,8-Dihydro-7,8-dihydroxybenzo(a)pyrene 9,10-oxide",affects^binding|increases^reaction
TP53,activates,1668,MESH:D015123,"7,8-Dihydro-7,8-dihydroxybenzo(a)pyrene 9,10-oxide",affects^reaction|increases^expression
TP53,activates,1668,MESH:D015123,"7,8-Dihydro-7,8-dihydroxybenzo(a)pyrene 9,10-oxide",increases^expression
TP53,activates,1668,MESH:D015123,"7,8-Dihydro-7,8-dihydroxybenzo(a)pyrene 9,10-oxide",increases^phosphorylation
TP53,activates,1668,MESH:D015123,"7,8-Dihydro-7,8-dihydroxybenzo(a)pyrene 9,10-oxide",increases^mutagenesis
TP53,activates,1668,MESH:D015123,"7,8-Dihydro-7,8-dihydroxybenzo(a)pyrene 9,10-oxide",increases^activity|increases^expression|increases^localization|increases^phosphorylation
TP53,activates,1668,MESH:D015123,"7,8-Dihydro-7,8-dihydroxybenzo(a)pyrene 9,10-oxide",increases^expression|increases^phosphorylation
TP53,activates,1668,MESH:D015123,"7,8-Dihydro-7,8-dihydroxybenzo(a)pyrene 9,10-oxide",affects^reaction|increases^cleavage
TP53,activates,1668,MESH:C553817,"7-(benzylamino)-1,3,4,8-tetrahydropyrrolo(4,3,2-de)quinolin-8(1H)-one",increases^expression
TP53,activates,1668,MESH:C559145,"7-benzylamino-5-(2-(hydroxymethyl)propyl)amino-3-isopropyl-1(2)H-pyrazolo(4,3-d)pyrimidine",increases^expression
TP53,activates,1668,MESH:D015124,8-Bromo Cyclic Adenosine Monophosphate,increases^expression
TP53,activates,1668,MESH:D015127,"9,10-Dimethyl-1,2-benzanthracene",increases^expression|increases^metabolic processing
TP53,activates,1668,MESH:D015127,"9,10-Dimethyl-1,2-benzanthracene",increases^activity
TP53,activates,1668,MESH:C046938,"9,11-linoleic acid",affects^localization|increases^phosphorylation
TP53,activates,1668,MESH:C526550,"9H-purine-9-propanamine, 6-amino-8-((6-iodo-1,3-benzodioxol-5-yl)thio)-N-(1-methylethyl)-",increases^expression
TP53,activates,1668,MESH:C025724,9-methoxycamptothecin,increases^expression
TP53,activates,1668,MESH:C487680,acetylbritannilatone,increases^expression
TP53,activates,1668,MESH:C487680,acetylbritannilatone,affects^reaction|increases^cleavage
TP53,activates,1668,MESH:C487680,acetylbritannilatone,affects^reaction|increases^activity
TP53,activates,1668,MESH:C487680,acetylbritannilatone,affects^reaction|increases^expression
TP53,activates,1668,MESH:D000111,Acetylcysteine,increases^expression|increases^reaction
TP53,activates,1668,MESH:D000111,Acetylcysteine,increases^expression
TP53,activates,1668,MESH:D000165,Acridine Orange,increases^activity|increases^stability
TP53,activates,1668,MESH:D000171,Acrolein,increases^mutagenesis
TP53,activates,1668,MESH:D000171,Acrolein,increases^expression
TP53,activates,1668,MESH:D000171,Acrolein,affects^reaction|increases^cleavage
TP53,activates,1668,MESH:D020106,Acrylamide,increases^mutagenesis
TP53,activates,1668,MESH:D020106,Acrylamide,increases^expression|increases^phosphorylation
TP53,activates,1668,MESH:D020106,Acrylamide,increases^expression
TP53,activates,1668,MESH:D000181,Acrylonitrile,increases^expression
TP53,activates,1668,MESH:C549567,adavosertib,increases^response to substance
TP53,activates,1668,MESH:D000255,Adenosine Triphosphate,increases^abundance
TP53,activates,1668,MESH:D016604,Aflatoxin B1,increases^mutagenesis
TP53,activates,1668,MESH:D016604,Aflatoxin B1,increases^activity|increases^reaction
TP53,activates,1668,MESH:D016604,Aflatoxin B1,increases^expression|increases^reaction
TP53,activates,1668,MESH:D016604,Aflatoxin B1,affects^reaction|increases^expression
TP53,activates,1668,MESH:D016604,Aflatoxin B1,increases^expression
TP53,activates,1668,MESH:D016604,Aflatoxin B1,affects^reaction|increases^phosphorylation
TP53,activates,1668,MESH:D016604,Aflatoxin B1,increases^activity
TP53,activates,1668,MESH:D016604,Aflatoxin B1,increases^phosphorylation
TP53,activates,1668,MESH:D016604,Aflatoxin B1,increases^methylation
TP53,activates,1668,MESH:D016604,Aflatoxin B1,affects^cotreatment|increases^expression|increases^reaction
TP53,activates,1668,MESH:C027955,aflatoxin G1,increases^expression
TP53,activates,1668,MESH:C027955,aflatoxin G1,increases^activity
TP53,activates,1668,MESH:D000348,Aflatoxins,increases^mutagenesis
TP53,activates,1668,MESH:C031143,AICA ribonucleotide,increases^expression|increases^reaction
TP53,activates,1668,MESH:C031143,AICA ribonucleotide,increases^phosphorylation|increases^reaction
TP53,activates,1668,MESH:C031143,AICA ribonucleotide,increases^phosphorylation
TP53,activates,1668,MESH:D000393,Air Pollutants,increases^mutagenesis
TP53,activates,1668,MESH:D000393,Air Pollutants,increases^abundance|increases^expression
TP53,activates,1668,MESH:D000393,Air Pollutants,affects^cotreatment|increases^abundance|increases^expression
TP53,activates,1668,MESH:D000393,Air Pollutants,increases^abundance|increases^phosphorylation
TP53,activates,1668,MESH:D000393,Air Pollutants,increases^abundance|increases^methylation
TP53,activates,1668,MESH:D000393,Air Pollutants,increases^methylation
TP53,activates,1668,MESH:C004363,alantolactone,increases^expression
TP53,activates,1668,MESH:D000420,Albuterol,increases^expression
TP53,activates,1668,MESH:C006453,alliin,increases^expression|increases^reaction
TP53,activates,1668,MESH:C002055,allose,increases^expression
TP53,activates,1668,MESH:C002055,allose,increases^expression|increases^reaction
TP53,activates,1668,MESH:C005915,Allura Red AC Dye,increases^expression|increases^phosphorylation
TP53,activates,1668,MESH:C038491,allyl sulfide,increases^expression
TP53,activates,1668,MESH:C518327,aloe emodin,increases^expression
TP53,activates,1668,MESH:D000517,alpha-Chlorohydrin,increases^expression
TP53,activates,1668,MESH:C011512,alpha-naphthoflavone,increases^expression
TP53,activates,1668,MESH:C005197,alternariol,increases^expression
TP53,activates,1668,MESH:D000077410,Aluminum Chloride,increases^expression
TP53,activates,1668,MESH:C067527,aluminum maltolate,increases^expression
TP53,activates,1668,MESH:D000537,Aluminum Oxide,increases^expression
TP53,activates,1668,MESH:C077990,alvocidib,increases^expression
TP53,activates,1668,MESH:C077990,alvocidib,affects^cotreatment|increases^expression
TP53,activates,1668,MESH:D000577,Amides,increases^expression
TP53,activates,1668,MESH:D000578,Amidines,increases^expression
TP53,activates,1668,MESH:D004999,Amifostine,increases^expression
TP53,activates,1668,MESH:D004999,Amifostine,affects^cotreatment|increases^expression
TP53,activates,1668,MESH:D004999,Amifostine,increases^activity
TP53,activates,1668,MESH:D000585,Aminacrine,increases^activity|increases^stability
TP53,activates,1668,MESH:D000622,Aminolevulinic Acid,increases^expression
TP53,activates,1668,MESH:C000710227,aminomethylphosphonic acid (AMPA),increases^expression
TP53,activates,1668,MESH:C000611729,"ammonium 2,3,3,3-tetrafluoro-2-(heptafluoropropoxy)-propanoate",increases^expression
TP53,activates,1668,MESH:D000655,Amodiaquine,increases^activity
TP53,activates,1668,MESH:D000677,Amsacrine,increases^expression
TP53,activates,1668,MESH:D000677,Amsacrine,increases^activity|increases^stability
TP53,activates,1668,MESH:D000677,Amsacrine,increases^activity
TP53,activates,1668,MESH:D000677,Amsacrine,increases^glutathionylation
TP53,activates,1668,MESH:C030419,andrographolide,increases^expression|increases^phosphorylation
TP53,activates,1668,MESH:C030419,andrographolide,increases^expression
TP53,activates,1668,MESH:C030419,andrographolide,increases^expression|increases^reaction
TP53,activates,1668,MESH:C540917,"anthraceno(1,2-c)(1,2,5)selenadiazolo-6,11-dione",increases^cleavage|increases^reaction
TP53,activates,1668,MESH:C540917,"anthraceno(1,2-c)(1,2,5)selenadiazolo-6,11-dione",increases^expression
TP53,activates,1668,MESH:D000970,Antineoplastic Agents,increases^reaction|increases^response to substance
TP53,activates,1668,MESH:D000970,Antineoplastic Agents,increases^activity
TP53,activates,1668,MESH:D047310,Apigenin,affects^reaction|increases^expression
TP53,activates,1668,MESH:D047310,Apigenin,increases^expression
TP53,activates,1668,MESH:C530449,"apigenin-6,8-di-C-glycopyranoside",increases^expression
TP53,activates,1668,MESH:D016718,Arachidonic Acid,increases^expression|increases^metabolic processing
TP53,activates,1668,MESH:D001115,Arecoline,increases^expression
TP53,activates,1668,MESH:C000228,aristolochic acid I,increases^expression
TP53,activates,1668,MESH:C000228,aristolochic acid I,increases^expression|increases^phosphorylation
TP53,activates,1668,MESH:D034341,Aristolochic Acids,increases^phosphorylation
TP53,activates,1668,MESH:D001151,Arsenic,increases^mutagenesis
TP53,activates,1668,MESH:D001151,Arsenic,affects^reaction|increases^mutagenesis
TP53,activates,1668,MESH:D001151,Arsenic,increases^abundance|increases^expression
TP53,activates,1668,MESH:D001151,Arsenic,increases^expression
TP53,activates,1668,MESH:D001151,Arsenic,increases^methylation
TP53,activates,1668,MESH:D001151,Arsenic,affects^reaction|increases^expression
TP53,activates,1668,MESH:D001151,Arsenic,increases^response to substance
TP53,activates,1668,MESH:C058317,arsenic disulfide,increases^expression|increases^phosphorylation
TP53,activates,1668,MESH:C058317,arsenic disulfide,increases^expression
TP53,activates,1668,MESH:C058317,arsenic disulfide,increases^expression|increases^phosphorylation|increases^reaction
TP53,activates,1668,MESH:D000077237,Arsenic Trioxide,affects^cotreatment|increases^phosphorylation
TP53,activates,1668,MESH:D000077237,Arsenic Trioxide,increases^phosphorylation
TP53,activates,1668,MESH:D000077237,Arsenic Trioxide,affects^cotreatment|increases^expression
TP53,activates,1668,MESH:D000077237,Arsenic Trioxide,increases^activity|increases^expression
TP53,activates,1668,MESH:D000077237,Arsenic Trioxide,increases^expression
TP53,activates,1668,MESH:D000077237,Arsenic Trioxide,affects^reaction|increases^expression
TP53,activates,1668,MESH:D000077237,Arsenic Trioxide,increases^phosphorylation|increases^stability
TP53,activates,1668,MESH:D000077237,Arsenic Trioxide,increases^degradation
TP53,activates,1668,MESH:D000077237,Arsenic Trioxide,increases^expression|increases^reaction
TP53,activates,1668,MESH:C015001,arsenite,affects^binding|increases^reaction
TP53,activates,1668,MESH:C015001,arsenite,increases^activity|increases^localization|increases^phosphorylation
TP53,activates,1668,MESH:C015001,arsenite,increases^expression|increases^reaction
TP53,activates,1668,MESH:C015001,arsenite,affects^binding|affects^reaction|increases^reaction
TP53,activates,1668,MESH:C015001,arsenite,increases^expression
TP53,activates,1668,MESH:C015001,arsenite,increases^acetylation|increases^expression
TP53,activates,1668,MESH:C015001,arsenite,affects^binding|increases^activity|increases^phosphorylation|increases^reaction
TP53,activates,1668,MESH:C015001,arsenite,increases^acetylation|increases^reaction
TP53,activates,1668,MESH:C015001,arsenite,increases^activity
TP53,activates,1668,MESH:C015001,arsenite,increases^acetylation|increases^phosphorylation
TP53,activates,1668,MESH:C015001,arsenite,affects^reaction|increases^acetylation
TP53,activates,1668,MESH:C031327,artemisinin,increases^activity
TP53,activates,1668,MESH:C031327,artemisinin,increases^expression
TP53,activates,1668,MESH:C039060,artenimol,increases^phosphorylation
TP53,activates,1668,MESH:D000077332,Artesunate,increases^expression
TP53,activates,1668,MESH:C078098,ar-turmerone,increases^expression
TP53,activates,1668,MESH:D001194,Asbestos,increases^expression
TP53,activates,1668,MESH:D017639,"Asbestos, Amosite",increases^expression
TP53,activates,1668,MESH:D017639,"Asbestos, Amosite",increases^response to substance
TP53,activates,1668,MESH:D017636,"Asbestos, Amphibole",increases^phosphorylation|increases^stability
TP53,activates,1668,MESH:D017638,"Asbestos, Crocidolite",increases^phosphorylation|increases^stability
TP53,activates,1668,MESH:D017638,"Asbestos, Crocidolite",increases^expression
TP53,activates,1668,MESH:D017638,"Asbestos, Crocidolite",increases^phosphorylation
TP53,activates,1668,MESH:D017632,"Asbestos, Serpentine",increases^phosphorylation
TP53,activates,1668,MESH:D017632,"Asbestos, Serpentine",increases^expression
TP53,activates,1668,MESH:D001205,Ascorbic Acid,affects^cotreatment|increases^phosphorylation
TP53,activates,1668,MESH:D001205,Ascorbic Acid,increases^expression|increases^reaction
TP53,activates,1668,MESH:D001241,Aspirin,increases^expression
TP53,activates,1668,MESH:D001241,Aspirin,increases^acetylation
TP53,activates,1668,MESH:D000069059,Atorvastatin,increases^expression
TP53,activates,1668,MESH:C516713,auriculasin,affects^cotreatment|increases^expression
TP53,activates,1668,MESH:C516713,auriculasin,affects^cotreatment|affects^reaction|increases^expression
TP53,activates,1668,MESH:C083578,aurofusarin,increases^expression
TP53,activates,1668,MESH:C010329,azadirachtin,increases^expression
TP53,activates,1668,MESH:D001379,Azathioprine,increases^expression
TP53,activates,1668,MESH:D001379,Azathioprine,increases^mutagenesis
TP53,activates,1668,MESH:C040929,bafilomycin A1,affects^cotreatment|increases^activity
TP53,activates,1668,MESH:C006680,baicalein,increases^expression
TP53,activates,1668,MESH:C038044,baicalin,increases^expression
TP53,activates,1668,MESH:C580697,BDMC-A,increases^expression
TP53,activates,1668,MESH:D000069461,Bendamustine Hydrochloride,increases^expression
TP53,activates,1668,MESH:D001554,Benzene,increases^expression
TP53,activates,1668,MESH:D001554,Benzene,increases^response to substance
TP53,activates,1668,MESH:D001554,Benzene,increases^mutagenesis
TP53,activates,1668,MESH:D001554,Benzene,increases^phosphorylation
TP53,activates,1668,MESH:C029876,benzidine,increases^expression
TP53,activates,1668,MESH:D001564,Benzo(a)pyrene,increases^expression|increases^phosphorylation|increases^reaction
TP53,activates,1668,MESH:D001564,Benzo(a)pyrene,affects^cotreatment|increases^abundance|increases^expression
TP53,activates,1668,MESH:D001564,Benzo(a)pyrene,increases^abundance|increases^phosphorylation
TP53,activates,1668,MESH:D001564,Benzo(a)pyrene,affects^binding|affects^reaction|increases^expression
TP53,activates,1668,MESH:D001564,Benzo(a)pyrene,affects^localization|increases^expression
TP53,activates,1668,MESH:D001564,Benzo(a)pyrene,increases^expression|increases^reaction
TP53,activates,1668,MESH:D001564,Benzo(a)pyrene,affects^localization|increases^expression|increases^reaction
TP53,activates,1668,MESH:D001564,Benzo(a)pyrene,affects^reaction|increases^expression|increases^reaction
TP53,activates,1668,MESH:D001564,Benzo(a)pyrene,increases^activity|increases^phosphorylation
TP53,activates,1668,MESH:D001564,Benzo(a)pyrene,increases^phosphorylation
TP53,activates,1668,MESH:D001564,Benzo(a)pyrene,increases^expression|increases^phosphorylation
TP53,activates,1668,MESH:D001564,Benzo(a)pyrene,affects^reaction|increases^expression
TP53,activates,1668,MESH:D001564,Benzo(a)pyrene,affects^localization|affects^reaction|increases^reaction
TP53,activates,1668,MESH:D001564,Benzo(a)pyrene,affects^reaction|increases^phosphorylation
TP53,activates,1668,MESH:D001564,Benzo(a)pyrene,increases^activity
TP53,activates,1668,MESH:D001564,Benzo(a)pyrene,increases^abundance|increases^expression
TP53,activates,1668,MESH:D001564,Benzo(a)pyrene,increases^expression|increases^metabolic processing
TP53,activates,1668,MESH:D001564,Benzo(a)pyrene,increases^mutagenesis
TP53,activates,1668,MESH:D001564,Benzo(a)pyrene,increases^response to substance
TP53,activates,1668,MESH:D001564,Benzo(a)pyrene,increases^expression|increases^reaction|increases^response to substance
TP53,activates,1668,MESH:D001564,Benzo(a)pyrene,increases^expression
TP53,activates,1668,MESH:D001564,Benzo(a)pyrene,affects^localization|increases^reaction
TP53,activates,1668,MESH:D001564,Benzo(a)pyrene,affects^binding|increases^reaction
TP53,activates,1668,MESH:C017228,"benzo(a)pyrene 7,8-dihydrodiol",increases^chemical synthesis
TP53,activates,1668,MESH:C017228,"benzo(a)pyrene 7,8-dihydrodiol",increases^expression|increases^phosphorylation
TP53,activates,1668,MESH:C017228,"benzo(a)pyrene 7,8-dihydrodiol",increases^chemical synthesis|increases^reaction
TP53,activates,1668,MESH:C072019,benzo(a)pyrene diolepoxide I,affects^binding|increases^reaction
TP53,activates,1668,MESH:C072019,benzo(a)pyrene diolepoxide I,increases^expression|increases^phosphorylation
TP53,activates,1668,MESH:C072019,benzo(a)pyrene diolepoxide I,increases^activity|increases^expression|increases^phosphorylation
TP53,activates,1668,MESH:C006703,benzo(b)fluoranthene,increases^expression
TP53,activates,1668,MESH:C072553,benzyloxycarbonylleucyl-leucyl-leucine aldehyde,increases^expression
TP53,activates,1668,MESH:C072553,benzyloxycarbonylleucyl-leucyl-leucine aldehyde,increases^expression|increases^stability
TP53,activates,1668,MESH:D001599,Berberine,affects^cotreatment|increases^acetylation|increases^expression
TP53,activates,1668,MESH:D001599,Berberine,increases^acetylation|increases^phosphorylation
TP53,activates,1668,MESH:D001599,Berberine,increases^expression
TP53,activates,1668,MESH:C020711,beryllium sulfate,affects^binding|increases^reaction
TP53,activates,1668,MESH:C020711,beryllium sulfate,increases^expression
TP53,activates,1668,MESH:C000617228,beta-2-himachalen-6-ol,increases^expression
TP53,activates,1668,MESH:D050858,Betalains,increases^expression
TP53,activates,1668,MESH:D015784,Betaxolol,increases^expression|increases^phosphorylation
TP53,activates,1668,MESH:D000094062,Betulinic Acid,increases^expression
TP53,activates,1668,MESH:D000094062,Betulinic Acid,affects^cotreatment|increases^expression
TP53,activates,1668,MESH:D000077610,Bexarotene,increases^activity|increases^phosphorylation
TP53,activates,1668,MESH:C053541,bicalutamide,increases^expression
TP53,activates,1668,MESH:C576262,"bis(2-ethylhexyl) 2,3,4,5-tetrabromophthalate",increases^expression
TP53,activates,1668,MESH:C542674,"bis((2-oxindol-3-ylimino)-2-(2-aminoethyl)pyridine-N,N')copper(II)",increases^expression|increases^reaction
TP53,activates,1668,MESH:C542674,"bis((2-oxindol-3-ylimino)-2-(2-aminoethyl)pyridine-N,N')copper(II)",increases^expression
TP53,activates,1668,MESH:C542674,"bis((2-oxindol-3-ylimino)-2-(2-aminoethyl)pyridine-N,N')copper(II)",affects^localization|increases^reaction
TP53,activates,1668,MESH:C006780,bisphenol A,increases^expression
TP53,activates,1668,MESH:C006780,bisphenol A,increases^phosphorylation
TP53,activates,1668,MESH:C543008,bisphenol S,increases^expression
TP53,activates,1668,MESH:D001761,Bleomycin,increases^phosphorylation|increases^reaction
TP53,activates,1668,MESH:D001761,Bleomycin,increases^phosphorylation
TP53,activates,1668,MESH:D001761,Bleomycin,increases^expression
TP53,activates,1668,MESH:D001761,Bleomycin,increases^expression|increases^reaction
TP53,activates,1668,MESH:D001761,Bleomycin,increases^response to substance
TP53,activates,1668,MESH:D000069286,Bortezomib,affects^cotreatment|increases^expression
TP53,activates,1668,MESH:D000069286,Bortezomib,increases^localization|increases^phosphorylation
TP53,activates,1668,MESH:D000069286,Bortezomib,affects^cotreatment|increases^ubiquitination
TP53,activates,1668,MESH:D000069286,Bortezomib,increases^activity
TP53,activates,1668,MESH:D000069286,Bortezomib,increases^expression
TP53,activates,1668,MESH:D000069286,Bortezomib,increases^stability
TP53,activates,1668,MESH:D000069286,Bortezomib,affects^reaction|increases^activity|increases^phosphorylation
TP53,activates,1668,MESH:D000069286,Bortezomib,affects^binding|increases^reaction
TP53,activates,1668,MESH:D000069286,Bortezomib,increases^expression|increases^reaction
TP53,activates,1668,MESH:C555919,BPC96 peptide,increases^expression
TP53,activates,1668,MESH:C023623,brassinolide,increases^expression
TP53,activates,1668,MESH:C046943,brequinar,increases^expression
TP53,activates,1668,MESH:C017092,bromopyruvate,increases^expression|increases^reaction
TP53,activates,1668,MESH:D003994,Bucladesine,affects^cotreatment|increases^expression
TP53,activates,1668,MESH:C004600,bufotalin,increases^expression
TP53,activates,1668,MESH:D002066,Busulfan,increases^expression
TP53,activates,1668,MESH:C027561,butylbenzyl phthalate,increases^methylation
TP53,activates,1668,MESH:C026105,butylidenephthalide,increases^phosphorylation
TP53,activates,1668,MESH:C026105,butylidenephthalide,increases^expression
TP53,activates,1668,MESH:D020148,Butyric Acid,affects^cotreatment|increases^phosphorylation
TP53,activates,1668,MESH:D002104,Cadmium,affects^reaction|increases^expression
TP53,activates,1668,MESH:D002104,Cadmium,increases^expression
TP53,activates,1668,MESH:D002104,Cadmium,affects^folding|increases^abundance
TP53,activates,1668,MESH:D002104,Cadmium,increases^expression|increases^phosphorylation
TP53,activates,1668,MESH:D002104,Cadmium,increases^abundance|increases^ubiquitination
TP53,activates,1668,MESH:C028031,cadmium acetate,affects^localization|increases^degradation
TP53,activates,1668,MESH:C028031,cadmium acetate,increases^phosphorylation
TP53,activates,1668,MESH:D019256,Cadmium Chloride,increases^expression|increases^phosphorylation
TP53,activates,1668,MESH:D019256,Cadmium Chloride,affects^reaction|increases^expression
TP53,activates,1668,MESH:D019256,Cadmium Chloride,increases^abundance|increases^ubiquitination
TP53,activates,1668,MESH:D019256,Cadmium Chloride,increases^expression
TP53,activates,1668,MESH:D019256,Cadmium Chloride,increases^phosphorylation
TP53,activates,1668,MESH:D019256,Cadmium Chloride,affects^folding|increases^abundance
TP53,activates,1668,MESH:D019256,Cadmium Chloride,affects^reaction|increases^phosphorylation
TP53,activates,1668,MESH:D002110,Caffeine,increases^phosphorylation
TP53,activates,1668,MESH:D000001,Calcimycin,increases^expression
TP53,activates,1668,MESH:D002117,Calcitriol,increases^expression
TP53,activates,1668,MESH:C028042,calcium magnesium carbonate,increases^expression
TP53,activates,1668,MESH:C553149,camphorquinone,increases^phosphorylation
TP53,activates,1668,MESH:D002166,Camptothecin,increases^expression
TP53,activates,1668,MESH:D002166,Camptothecin,increases^activity|increases^expression|increases^phosphorylation|increases^stability
TP53,activates,1668,MESH:D002166,Camptothecin,increases^response to substance
TP53,activates,1668,MESH:D002166,Camptothecin,increases^phosphorylation
TP53,activates,1668,MESH:D002166,Camptothecin,affects^cotreatment|increases^acetylation
TP53,activates,1668,MESH:D002166,Camptothecin,increases^glutathionylation
TP53,activates,1668,MESH:D002166,Camptothecin,increases^expression|increases^reaction
TP53,activates,1668,MESH:D002185,Cannabidiol,increases^expression
TP53,activates,1668,MESH:D002185,Cannabidiol,affects^localization|increases^activity|increases^expression|increases^phosphorylation
TP53,activates,1668,MESH:D002211,Capsaicin,increases^expression|increases^phosphorylation
TP53,activates,1668,MESH:D002211,Capsaicin,increases^phosphorylation
TP53,activates,1668,MESH:D002211,Capsaicin,increases^expression
TP53,activates,1668,MESH:D002211,Capsaicin,affects^reaction|increases^expression|increases^reaction
TP53,activates,1668,MESH:D002211,Capsaicin,increases^activity|increases^phosphorylation
TP53,activates,1668,MESH:D002211,Capsaicin,affects^reaction|increases^expression
TP53,activates,1668,MESH:D002211,Capsaicin,increases^degradation
TP53,activates,1668,MESH:D002211,Capsaicin,increases^expression|increases^reaction
TP53,activates,1668,MESH:D002211,Capsaicin,increases^activity|increases^expression|increases^phosphorylation
TP53,activates,1668,MESH:D002211,Capsaicin,increases^degradation|increases^reaction
TP53,activates,1668,MESH:D002219,Carbamates,increases^activity|increases^phosphorylation|increases^reaction
TP53,activates,1668,MESH:D002219,Carbamates,increases^activity|increases^phosphorylation
TP53,activates,1668,MESH:D016190,Carboplatin,affects^cotreatment|increases^expression
TP53,activates,1668,MESH:D016190,Carboplatin,increases^expression
TP53,activates,1668,MESH:C524865,carfilzomib,increases^activity
TP53,activates,1668,MESH:D002330,Carmustine,increases^expression
TP53,activates,1668,MESH:D002330,Carmustine,increases^response to substance
TP53,activates,1668,MESH:D002330,Carmustine,increases^expression|increases^reaction
TP53,activates,1668,MESH:D002330,Carmustine,affects^cotreatment|increases^expression
TP53,activates,1668,MESH:C054133,casticin,increases^expression
TP53,activates,1668,MESH:D002392,Catechin,increases^expression
TP53,activates,1668,MESH:C000600690,cationic amphipathic peptide RT2,increases^expression
TP53,activates,1668,MESH:D002439,Cefotaxime,increases^expression
TP53,activates,1668,MESH:C050414,celastrol,increases^expression
TP53,activates,1668,MESH:D000068579,Celecoxib,increases^expression
TP53,activates,1668,MESH:D000068579,Celecoxib,increases^expression|increases^reaction
TP53,activates,1668,MESH:D000068579,Celecoxib,increases^activity|increases^localization
TP53,activates,1668,MESH:D000068579,Celecoxib,increases^response to substance
TP53,activates,1668,MESH:D000068579,Celecoxib,affects^reaction|increases^expression
TP53,activates,1668,MESH:D000068579,Celecoxib,increases^expression|increases^phosphorylation
TP53,activates,1668,MESH:C532683,Cellfood,increases^expression
TP53,activates,1668,MESH:D002512,Cephalothin,increases^expression
TP53,activates,1668,MESH:C006947,cepharanthine,increases^expression
TP53,activates,1668,MESH:D002518,Ceramides,increases^abundance
TP53,activates,1668,MESH:D002518,Ceramides,increases^phosphorylation
TP53,activates,1668,MESH:D002518,Ceramides,increases^phosphorylation|increases^reaction
TP53,activates,1668,MESH:C030583,ceric oxide,increases^abundance|increases^expression
TP53,activates,1668,MESH:C030583,ceric oxide,affects^cotreatment|increases^abundance|increases^expression
TP53,activates,1668,MESH:C030583,ceric oxide,increases^phosphorylation
TP53,activates,1668,MESH:C062876,cetrorelix,increases^expression
TP53,activates,1668,MESH:D047188,Chalcones,increases^expression
TP53,activates,1668,MESH:D002614,Chelating Agents,affects^binding|increases^expression
TP53,activates,1668,MESH:D002699,Chlorambucil,increases^expression
TP53,activates,1668,MESH:D002699,Chlorambucil,affects^cotreatment|increases^expression
TP53,activates,1668,MESH:D002713,Chlorine,increases^expression|increases^reaction
TP53,activates,1668,MESH:D002713,Chlorine,increases^expression
TP53,activates,1668,MESH:C095932,"chloro(2,2'-6',2''-terpyridine)(2,2'-bipyridine)ruthenium",increases^activity
TP53,activates,1668,MESH:D002725,Chloroform,increases^phosphorylation
TP53,activates,1668,MESH:C100187,chloropicrin,increases^expression
TP53,activates,1668,MESH:C100187,chloropicrin,increases^phosphorylation
TP53,activates,1668,MESH:D002738,Chloroquine,increases^activity
TP53,activates,1668,MESH:D004390,Chlorpyrifos,increases^expression
TP53,activates,1668,MESH:D002784,Cholesterol,affects^binding|affects^cotreatment|increases^expression
TP53,activates,1668,MESH:D008078,"Cholesterol, LDL",increases^expression
TP53,activates,1668,MESH:C034944,chromic acid,increases^expression
TP53,activates,1668,MESH:D002857,Chromium,affects^reaction|increases^expression
TP53,activates,1668,MESH:D002857,Chromium,increases^expression
TP53,activates,1668,MESH:D002857,Chromium,increases^activity|increases^stability
TP53,activates,1668,MESH:D002857,Chromium,increases^activity|increases^reaction|increases^stability
TP53,activates,1668,MESH:D002857,Chromium,affects^binding|increases^reaction
TP53,activates,1668,MESH:C074702,chromium hexavalent ion,increases^abundance|increases^activity|increases^reaction
TP53,activates,1668,MESH:C074702,chromium hexavalent ion,increases^stability
TP53,activates,1668,MESH:C074702,chromium hexavalent ion,increases^mutagenesis
TP53,activates,1668,MESH:C074702,chromium hexavalent ion,affects^reaction|increases^activity
TP53,activates,1668,MESH:C074702,chromium hexavalent ion,increases^response to substance
TP53,activates,1668,MESH:C074702,chromium hexavalent ion,increases^expression|increases^phosphorylation
TP53,activates,1668,MESH:C074702,chromium hexavalent ion,increases^expression
TP53,activates,1668,MESH:C074702,chromium hexavalent ion,affects^binding|increases^mutagenesis
TP53,activates,1668,MESH:C074702,chromium hexavalent ion,increases^activity
TP53,activates,1668,MESH:C074702,chromium hexavalent ion,increases^abundance|increases^activity
TP53,activates,1668,MESH:C074702,chromium hexavalent ion,affects^reaction|increases^expression
TP53,activates,1668,MESH:C043561,chrysin,affects^cotreatment|increases^expression|increases^phosphorylation
TP53,activates,1668,MESH:C043561,chrysin,increases^degradation
TP53,activates,1668,MESH:C043561,chrysin,affects^localization|increases^phosphorylation
TP53,activates,1668,MESH:C472594,chrysophsin,increases^expression
TP53,activates,1668,MESH:C472594,chrysophsin,increases^expression|increases^reaction
TP53,activates,1668,MESH:C472594,chrysophsin,affects^cotreatment|increases^expression
TP53,activates,1668,MESH:C012842,Cibacron Blue F 3GA,increases^degradation
TP53,activates,1668,MESH:D000077404,Cidofovir,increases^expression
TP53,activates,1668,MESH:D000077407,Cilostazol,increases^expression
TP53,activates,1668,MESH:C488623,cis-bis(3-aminoflavone)dichloroplatinum(II),increases^expression
TP53,activates,1668,MESH:D002945,Cisplatin,affects^binding|increases^reaction
TP53,activates,1668,MESH:D002945,Cisplatin,affects^cotreatment|increases^expression
TP53,activates,1668,MESH:D002945,Cisplatin,increases^localization
TP53,activates,1668,MESH:D002945,Cisplatin,increases^acetylation|increases^expression|increases^reaction
TP53,activates,1668,MESH:D002945,Cisplatin,increases^acetylation
TP53,activates,1668,MESH:D002945,Cisplatin,increases^localization|increases^reaction
TP53,activates,1668,MESH:D002945,Cisplatin,increases^expression|increases^phosphorylation
TP53,activates,1668,MESH:D002945,Cisplatin,increases^activity|increases^stability
TP53,activates,1668,MESH:D002945,Cisplatin,affects^reaction|increases^stability
TP53,activates,1668,MESH:D002945,Cisplatin,increases^phosphorylation
TP53,activates,1668,MESH:D002945,Cisplatin,affects^reaction|increases^response to substance
TP53,activates,1668,MESH:D002945,Cisplatin,affects^cotreatment|increases^expression|increases^phosphorylation
TP53,activates,1668,MESH:D002945,Cisplatin,increases^expression|increases^reaction
TP53,activates,1668,MESH:D002945,Cisplatin,affects^reaction|increases^cleavage
TP53,activates,1668,MESH:D002945,Cisplatin,increases^acetylation|increases^expression
TP53,activates,1668,MESH:D002945,Cisplatin,affects^cotreatment|affects^reaction|increases^expression
TP53,activates,1668,MESH:D002945,Cisplatin,increases^response to substance
TP53,activates,1668,MESH:D002945,Cisplatin,increases^reaction|increases^response to substance
TP53,activates,1668,MESH:D002945,Cisplatin,affects^reaction|increases^expression
TP53,activates,1668,MESH:D002945,Cisplatin,increases^phosphorylation|increases^reaction
TP53,activates,1668,MESH:D002945,Cisplatin,increases^stability
TP53,activates,1668,MESH:D002945,Cisplatin,affects^cotreatment|increases^phosphorylation
TP53,activates,1668,MESH:D002945,Cisplatin,increases^activity|increases^phosphorylation|increases^reaction
TP53,activates,1668,MESH:D002945,Cisplatin,affects^reaction|increases^activity|increases^expression
TP53,activates,1668,MESH:D002945,Cisplatin,increases^expression
TP53,activates,1668,MESH:D002945,Cisplatin,affects^cotreatment|increases^response to substance
TP53,activates,1668,MESH:D002945,Cisplatin,affects^localization|increases^expression
TP53,activates,1668,MESH:D002945,Cisplatin,increases^glutathionylation
TP53,activates,1668,MESH:D002945,Cisplatin,affects^reaction|increases^degradation
TP53,activates,1668,MESH:D002945,Cisplatin,increases^response to substance|increases^stability
TP53,activates,1668,MESH:D002945,Cisplatin,affects^reaction|increases^activity|increases^expression|increases^reaction
TP53,activates,1668,MESH:D002953,Citrinin,increases^expression
TP53,activates,1668,MESH:C402823,CLIK 148,increases^expression
TP53,activates,1668,MESH:D007464,Clioquinol,increases^phosphorylation
TP53,activates,1668,MESH:D000077866,Clofarabine,affects^cotreatment|increases^activity|increases^expression
TP53,activates,1668,MESH:D000077144,Clopidogrel,increases^expression
TP53,activates,1668,MESH:D003022,Clotrimazole,increases^expression
TP53,activates,1668,MESH:D003024,Clozapine,increases^expression
TP53,activates,1668,MESH:D003035,Cobalt,affects^cotreatment|increases^expression|increases^stability
TP53,activates,1668,MESH:D003035,Cobalt,increases^expression
TP53,activates,1668,MESH:D003035,Cobalt,increases^expression|increases^phosphorylation
TP53,activates,1668,MESH:D003035,Cobalt,increases^expression|increases^stability
TP53,activates,1668,MESH:D003035,Cobalt,affects^reaction|increases^expression
TP53,activates,1668,MESH:C569492,cobalt ferrite,affects^binding|increases^expression
TP53,activates,1668,MESH:C007095,cobaltiprotoporphyrin,increases^expression
TP53,activates,1668,MESH:C018021,cobaltous chloride,increases^expression
TP53,activates,1668,MESH:C018021,cobaltous chloride,increases^stability
TP53,activates,1668,MESH:C018021,cobaltous chloride,increases^expression|increases^phosphorylation
TP53,activates,1668,MESH:C018021,cobaltous chloride,increases^activity|increases^expression
TP53,activates,1668,MESH:C018021,cobaltous chloride,affects^cotreatment|affects^localization|increases^expression
TP53,activates,1668,MESH:C018021,cobaltous chloride,affects^binding|increases^reaction
TP53,activates,1668,MESH:C018021,cobaltous chloride,affects^cotreatment|increases^activity
TP53,activates,1668,MESH:C018021,cobaltous chloride,increases^activity|increases^reaction
TP53,activates,1668,MESH:C018021,cobaltous chloride,increases^expression|increases^reaction
TP53,activates,1668,MESH:C018021,cobaltous chloride,affects^cotreatment|increases^expression
TP53,activates,1668,MESH:D003078,Colchicine,affects^reaction|increases^phosphorylation
TP53,activates,1668,MESH:D005576,Colforsin,increases^expression
TP53,activates,1668,MESH:D003300,Copper,increases^abundance|increases^reaction
TP53,activates,1668,MESH:D003300,Copper,increases^oxidation
TP53,activates,1668,MESH:D003300,Copper,increases^activity|increases^expression
TP53,activates,1668,MESH:D003300,Copper,affects^cotreatment|increases^mutagenesis
TP53,activates,1668,MESH:D003300,Copper,affects^localization|increases^expression
TP53,activates,1668,MESH:D003300,Copper,increases^expression
TP53,activates,1668,MESH:D003300,Copper,affects^cotreatment|increases^mutagenesis|increases^reaction
TP53,activates,1668,MESH:D003300,Copper,increases^response to substance
TP53,activates,1668,MESH:D003300,Copper,affects^binding|increases^expression
TP53,activates,1668,MESH:D003300,Copper,increases^abundance|increases^expression|increases^oxidation
TP53,activates,1668,MESH:C464760,"copper-1,10-phenanthroline",increases^expression
TP53,activates,1668,MESH:D019327,Copper Sulfate,increases^expression|increases^phosphorylation
TP53,activates,1668,MESH:C058120,cordycepin,affects^cotreatment|increases^phosphorylation
TP53,activates,1668,MESH:C058120,cordycepin,increases^expression
TP53,activates,1668,MESH:C030123,coumarin,increases^expression
TP53,activates,1668,MESH:C402665,CP 31398,increases^activity|increases^expression
TP53,activates,1668,MESH:C402665,CP 31398,increases^activity
TP53,activates,1668,MESH:C539572,CpG-ODN DSP30,affects^cotreatment|increases^expression
TP53,activates,1668,MESH:C024015,cryptolepine,increases^activity
TP53,activates,1668,MESH:C024015,cryptolepine,increases^expression
TP53,activates,1668,MESH:C542041,cudraflavone B,increases^expression
TP53,activates,1668,MESH:C542041,cudraflavone B,increases^expression|increases^reaction
TP53,activates,1668,MESH:C029892,cupric chloride,affects^cotreatment|increases^expression
TP53,activates,1668,MESH:D003474,Curcumin,increases^acetylation
TP53,activates,1668,MESH:D003474,Curcumin,affects^cotreatment|increases^phosphorylation
TP53,activates,1668,MESH:D003474,Curcumin,increases^phosphorylation
TP53,activates,1668,MESH:D003474,Curcumin,increases^expression
TP53,activates,1668,MESH:D003474,Curcumin,affects^cotreatment|increases^expression
TP53,activates,1668,MESH:C020728,cyadox,affects^cotreatment|increases^expression
TP53,activates,1668,MESH:C020728,cyadox,increases^expression
TP53,activates,1668,MESH:C057862,cyanoginosin LR,increases^phosphorylation
TP53,activates,1668,MESH:C057862,cyanoginosin LR,increases^expression
TP53,activates,1668,MESH:D003513,Cycloheximide,increases^response to substance
TP53,activates,1668,MESH:D003513,Cycloheximide,increases^degradation
TP53,activates,1668,MESH:D003520,Cyclophosphamide,increases^mutagenesis
TP53,activates,1668,MESH:D003520,Cyclophosphamide,increases^activity
TP53,activates,1668,MESH:D003520,Cyclophosphamide,increases^reaction|increases^response to substance
TP53,activates,1668,MESH:D016572,Cyclosporine,affects^cotreatment|increases^expression
TP53,activates,1668,MESH:D016572,Cyclosporine,increases^expression
TP53,activates,1668,MESH:C052570,cyfluthrin,increases^expression
TP53,activates,1668,MESH:C017160,cypermethrin,increases^mutagenesis
TP53,activates,1668,MESH:C017160,cypermethrin,increases^expression
TP53,activates,1668,MESH:D003561,Cytarabine,affects^cotreatment|increases^abundance|increases^expression
TP53,activates,1668,MESH:D003561,Cytarabine,increases^expression
TP53,activates,1668,MESH:D003561,Cytarabine,affects^cotreatment|increases^expression
TP53,activates,1668,MESH:D003561,Cytarabine,increases^response to substance
TP53,activates,1668,MESH:D003561,Cytarabine,increases^activity
TP53,activates,1668,MESH:D003561,Cytarabine,increases^phosphorylation
TP53,activates,1668,MESH:D003571,Cytochalasin B,increases^expression
TP53,activates,1668,MESH:C015773,dabequin,increases^activity
TP53,activates,1668,MESH:D003609,Dactinomycin,increases^activity
TP53,activates,1668,MESH:D003609,Dactinomycin,increases^activity|increases^expression
TP53,activates,1668,MESH:D003609,Dactinomycin,affects^cotreatment|increases^expression|increases^secretion
TP53,activates,1668,MESH:D003609,Dactinomycin,affects^localization|increases^reaction|increases^stability
TP53,activates,1668,MESH:D003609,Dactinomycin,increases^expression
TP53,activates,1668,MESH:D003609,Dactinomycin,affects^localization|increases^expression
TP53,activates,1668,MESH:C004742,daidzein,increases^expression
TP53,activates,1668,MESH:C079170,damnacanthal,increases^expression
TP53,activates,1668,MESH:D003630,Daunorubicin,increases^expression|increases^phosphorylation
TP53,activates,1668,MESH:D003630,Daunorubicin,increases^expression
TP53,activates,1668,MESH:D003630,Daunorubicin,increases^activity
TP53,activates,1668,MESH:D003630,Daunorubicin,affects^cotreatment|increases^activity
TP53,activates,1668,MESH:D000077209,Decitabine,increases^expression|increases^reaction
TP53,activates,1668,MESH:D000077209,Decitabine,increases^activity
TP53,activates,1668,MESH:D000077209,Decitabine,affects^reaction|increases^expression
TP53,activates,1668,MESH:D000077209,Decitabine,increases^phosphorylation|increases^reaction
TP53,activates,1668,MESH:D000077209,Decitabine,increases^acetylation
TP53,activates,1668,MESH:D000077209,Decitabine,affects^binding|increases^reaction
TP53,activates,1668,MESH:D000077209,Decitabine,affects^localization|increases^activity|increases^expression
TP53,activates,1668,MESH:D000077209,Decitabine,affects^cotreatment|increases^expression
TP53,activates,1668,MESH:D000077209,Decitabine,increases^phosphorylation
TP53,activates,1668,MESH:D000077209,Decitabine,increases^activity|increases^expression|increases^localization
TP53,activates,1668,MESH:D000077209,Decitabine,affects^binding|increases^expression|increases^reaction
TP53,activates,1668,MESH:D000077209,Decitabine,increases^expression|increases^stability
TP53,activates,1668,MESH:D000077209,Decitabine,increases^expression
TP53,activates,1668,MESH:D000077209,Decitabine,affects^methylation|affects^reaction|increases^expression
TP53,activates,1668,MESH:D003676,Deferoxamine,affects^cotreatment|increases^expression
TP53,activates,1668,MESH:D003676,Deferoxamine,affects^reaction|increases^expression
TP53,activates,1668,MESH:D003676,Deferoxamine,increases^expression
TP53,activates,1668,MESH:D003676,Deferoxamine,increases^expression|increases^reaction
TP53,activates,1668,MESH:C107676,deguelin,increases^expression
TP53,activates,1668,MESH:D003687,Dehydroepiandrosterone,increases^expression
TP53,activates,1668,MESH:C576677,demycarosyl-3D-digitoxosylmithramycin SK,affects^cotreatment|increases^expression
TP53,activates,1668,MESH:C576677,demycarosyl-3D-digitoxosylmithramycin SK,increases^expression
TP53,activates,1668,MESH:C576677,demycarosyl-3D-digitoxosylmithramycin SK,increases^expression|increases^reaction
TP53,activates,1668,MESH:C071845,dendrophenol,increases^expression
TP53,activates,1668,MESH:D003847,Deoxyglucose,affects^cotreatment|increases^expression
TP53,activates,1668,MESH:D003847,Deoxyglucose,increases^expression|increases^reaction
TP53,activates,1668,MESH:C007262,deoxynivalenol,increases^activity
TP53,activates,1668,MESH:C007262,deoxynivalenol,increases^expression|increases^reaction
TP53,activates,1668,MESH:C007262,deoxynivalenol,affects^cotreatment|increases^expression|increases^reaction
TP53,activates,1668,MESH:C007262,deoxynivalenol,increases^expression
TP53,activates,1668,MESH:D003868,Dequalinium,increases^expression
TP53,activates,1668,MESH:D003907,Dexamethasone,increases^activity
TP53,activates,1668,MESH:C000627634,di(2-picolyl)amine-3(bromoacetyl)coumarin,affects^cotreatment|increases^expression
TP53,activates,1668,MESH:C028009,diallyl disulfide,affects^reaction|increases^expression
TP53,activates,1668,MESH:C028009,diallyl disulfide,increases^expression
TP53,activates,1668,MESH:C042577,diallyl trisulfide,increases^expression
TP53,activates,1668,MESH:C042577,diallyl trisulfide,affects^localization|increases^expression
TP53,activates,1668,MESH:D003958,Diamide,increases^glutathionylation
TP53,activates,1668,MESH:D003961,Dianhydrogalactitol,increases^expression
TP53,activates,1668,MESH:D003976,Diazinon,increases^expression
TP53,activates,1668,MESH:C041517,"dibenzo(a,l)pyrene",affects^localization|increases^expression|increases^reaction
TP53,activates,1668,MESH:C041517,"dibenzo(a,l)pyrene",affects^reaction|increases^expression
TP53,activates,1668,MESH:C041517,"dibenzo(a,l)pyrene",increases^expression
TP53,activates,1668,MESH:C041517,"dibenzo(a,l)pyrene",affects^localization|increases^expression
TP53,activates,1668,MESH:C041517,"dibenzo(a,l)pyrene",increases^response to substance
TP53,activates,1668,MESH:D000072338,"Dibenzofurans, Polychlorinated",affects^cotreatment|increases^expression
TP53,activates,1668,MESH:D003993,Dibutyl Phthalate,increases^methylation
TP53,activates,1668,MESH:D003633,Dichlorodiphenyl Dichloroethylene,increases^expression
TP53,activates,1668,MESH:D003633,Dichlorodiphenyl Dichloroethylene,increases^activity
TP53,activates,1668,MESH:D004004,Dichlororibofuranosylbenzimidazole,increases^phosphorylation
TP53,activates,1668,MESH:D004008,Diclofenac,increases^expression
TP53,activates,1668,MESH:C000944,dicrotophos,increases^expression
TP53,activates,1668,MESH:C026398,dictamnine,increases^expression
TP53,activates,1668,MESH:D001728,Dicumarol,increases^degradation
TP53,activates,1668,MESH:C027118,didecyldimethylammonium,increases^expression
TP53,activates,1668,MESH:C007366,diepoxybutane,increases^phosphorylation
TP53,activates,1668,MESH:C007366,diepoxybutane,affects^reaction|increases^phosphorylation
TP53,activates,1668,MESH:C007366,diepoxybutane,increases^expression|increases^stability
TP53,activates,1668,MESH:C007366,diepoxybutane,increases^expression
TP53,activates,1668,MESH:C007366,diepoxybutane,affects^reaction|increases^expression
TP53,activates,1668,MESH:C007366,diepoxybutane,increases^acetylation|increases^phosphorylation
TP53,activates,1668,MESH:C502471,diethoxyphosphoryloxymethyl butanoate,increases^acetylation|increases^reaction
TP53,activates,1668,MESH:C502471,diethoxyphosphoryloxymethyl butanoate,increases^acetylation
TP53,activates,1668,MESH:D004051,Diethylhexyl Phthalate,increases^expression
TP53,activates,1668,MESH:C014476,diethyl maleate,affects^reaction|increases^expression
TP53,activates,1668,MESH:D004052,Diethylnitrosamine,affects^localization|increases^metabolic processing
TP53,activates,1668,MESH:D004052,Diethylnitrosamine,increases^expression
TP53,activates,1668,MESH:C011612,diethyl sulfate,increases^expression
TP53,activates,1668,MESH:C093528,diffractaic acid,increases^expression
TP53,activates,1668,MESH:C012906,dihydrocapsaicin,increases^phosphorylation
TP53,activates,1668,MESH:C539241,dihydroptychantol A,increases^localization|increases^phosphorylation
TP53,activates,1668,MESH:C539241,dihydroptychantol A,increases^expression
TP53,activates,1668,MESH:C012920,dimefox,increases^expression
TP53,activates,1668,MESH:D004126,Dimethylformamide,increases^expression
TP53,activates,1668,MESH:C057978,di-n-propyldithiocarbamate,increases^expression|increases^phosphorylation
TP53,activates,1668,MESH:C019357,dioscin,increases^expression
TP53,activates,1668,MESH:C001082,diphenylcresyl phosphate,increases^expression
TP53,activates,1668,MESH:C001087,diphenyl methyl phosphate,increases^expression
TP53,activates,1668,MESH:D004050,Ditiocarb,increases^expression
TP53,activates,1668,MESH:D000077143,Docetaxel,increases^ubiquitination
TP53,activates,1668,MESH:D000077143,Docetaxel,increases^cleavage|increases^reaction|increases^response to substance
TP53,activates,1668,MESH:D000077143,Docetaxel,affects^cotreatment|increases^expression
TP53,activates,1668,MESH:D000077143,Docetaxel,increases^expression
TP53,activates,1668,MESH:D004281,Docosahexaenoic Acids,affects^localization|increases^reaction
TP53,activates,1668,MESH:D004281,Docosahexaenoic Acids,affects^cotreatment|increases^abundance|increases^expression
TP53,activates,1668,MESH:D004298,Dopamine,increases^expression|increases^phosphorylation
TP53,activates,1668,MESH:D004298,Dopamine,increases^expression
TP53,activates,1668,MESH:C516138,dorsomorphin,increases^expression|increases^phosphorylation
TP53,activates,1668,MESH:C516138,dorsomorphin,increases^response to substance
TP53,activates,1668,MESH:D004317,Doxorubicin,affects^reaction|increases^response to substance
TP53,activates,1668,MESH:D004317,Doxorubicin,increases^phosphorylation
TP53,activates,1668,MESH:D004317,Doxorubicin,increases^acetylation|increases^reaction
TP53,activates,1668,MESH:D004317,Doxorubicin,affects^cotreatment|increases^response to substance
TP53,activates,1668,MESH:D004317,Doxorubicin,affects^binding|increases^expression|increases^reaction
TP53,activates,1668,MESH:D004317,Doxorubicin,increases^expression|increases^phosphorylation
TP53,activates,1668,MESH:D004317,Doxorubicin,increases^export
TP53,activates,1668,MESH:D004317,Doxorubicin,increases^acetylation|increases^expression|increases^phosphorylation
TP53,activates,1668,MESH:D004317,Doxorubicin,increases^acetylation|increases^expression
TP53,activates,1668,MESH:D004317,Doxorubicin,increases^stability
TP53,activates,1668,MESH:D004317,Doxorubicin,affects^binding|increases^reaction
TP53,activates,1668,MESH:D004317,Doxorubicin,increases^acetylation
TP53,activates,1668,MESH:D004317,Doxorubicin,affects^cotreatment|increases^expression|increases^reaction
TP53,activates,1668,MESH:D004317,Doxorubicin,increases^glutathionylation
TP53,activates,1668,MESH:D004317,Doxorubicin,increases^phosphorylation|increases^reaction
TP53,activates,1668,MESH:D004317,Doxorubicin,affects^reaction|increases^expression
TP53,activates,1668,MESH:D004317,Doxorubicin,increases^activity
TP53,activates,1668,MESH:D004317,Doxorubicin,affects^reaction|increases^activity|increases^expression|increases^reaction
TP53,activates,1668,MESH:D004317,Doxorubicin,affects^cotreatment|increases^expression
TP53,activates,1668,MESH:D004317,Doxorubicin,affects^reaction|increases^activity|increases^expression
TP53,activates,1668,MESH:D004317,Doxorubicin,increases^activity|increases^expression|increases^phosphorylation
TP53,activates,1668,MESH:D004317,Doxorubicin,increases^activity|increases^expression|increases^reaction
TP53,activates,1668,MESH:D004317,Doxorubicin,increases^activity|increases^phosphorylation
TP53,activates,1668,MESH:D004317,Doxorubicin,increases^activity|increases^phosphorylation|increases^reaction
TP53,activates,1668,MESH:D004317,Doxorubicin,increases^activity|increases^reaction
TP53,activates,1668,MESH:D004317,Doxorubicin,increases^cleavage|increases^reaction
TP53,activates,1668,MESH:D004317,Doxorubicin,increases^response to substance
TP53,activates,1668,MESH:D004317,Doxorubicin,increases^reaction|increases^stability
TP53,activates,1668,MESH:D004317,Doxorubicin,increases^expression
TP53,activates,1668,MESH:D004317,Doxorubicin,increases^expression|increases^reaction
TP53,activates,1668,MESH:D004317,Doxorubicin,affects^phosphorylation|increases^expression|increases^localization
TP53,activates,1668,MESH:C060327,dracorhodin,increases^expression
TP53,activates,1668,MESH:C060327,dracorhodin,increases^phosphorylation
TP53,activates,1668,MESH:D004365,"Drugs, Chinese Herbal",increases^expression
TP53,activates,1668,MESH:D015118,Eicosapentaenoic Acid,affects^cotreatment|increases^abundance|increases^expression
TP53,activates,1668,MESH:D015118,Eicosapentaenoic Acid,increases^abundance|increases^expression
TP53,activates,1668,MESH:C004934,eleostearic acid,increases^expression
TP53,activates,1668,MESH:D004610,Ellagic Acid,increases^expression
TP53,activates,1668,MESH:D004610,Ellagic Acid,increases^phosphorylation|increases^reaction
TP53,activates,1668,MESH:C034192,ellipticine,increases^expression|increases^reaction
TP53,activates,1668,MESH:C034192,ellipticine,increases^expression|increases^reaction|increases^response to substance
TP53,activates,1668,MESH:C034192,ellipticine,increases^expression
TP53,activates,1668,MESH:C034192,ellipticine,increases^response to substance
TP53,activates,1668,MESH:C561944,EMD 534085,increases^expression
TP53,activates,1668,MESH:D000068679,Emtricitabine,affects^cotreatment|increases^expression
TP53,activates,1668,MESH:D004726,Endosulfan,increases^expression
TP53,activates,1668,MESH:C118739,entinostat,increases^expression
TP53,activates,1668,MESH:C118739,entinostat,increases^expression|increases^reaction
TP53,activates,1668,MESH:C118739,entinostat,increases^acetylation|increases^expression|increases^reaction
TP53,activates,1668,MESH:C045651,epigallocatechin gallate,increases^expression
TP53,activates,1668,MESH:C045651,epigallocatechin gallate,increases^activity
TP53,activates,1668,MESH:C045651,epigallocatechin gallate,increases^response to substance
TP53,activates,1668,MESH:C045651,epigallocatechin gallate,increases^expression|increases^phosphorylation
TP53,activates,1668,MESH:C045651,epigallocatechin gallate,increases^activity|increases^expression|increases^phosphorylation
TP53,activates,1668,MESH:D015251,Epirubicin,increases^expression
TP53,activates,1668,MESH:D015251,Epirubicin,affects^cotreatment|increases^expression
TP53,activates,1668,MESH:D015251,Epirubicin,increases^expression|increases^reaction
TP53,activates,1668,MESH:C533410,eprenetapopt,affects^reaction|increases^cleavage|increases^expression
TP53,activates,1668,MESH:C533410,eprenetapopt,affects^reaction|increases^expression
TP53,activates,1668,MESH:D000069347,Erlotinib Hydrochloride,increases^expression
TP53,activates,1668,MESH:D000069347,Erlotinib Hydrochloride,increases^expression|increases^reaction
TP53,activates,1668,MESH:C517980,er-xian decoction,affects^reaction|increases^expression
TP53,activates,1668,MESH:D004923,Erythrosine,increases^activity
TP53,activates,1668,MESH:C007628,esculetin,increases^degradation
TP53,activates,1668,MESH:C007628,esculetin,increases^expression
TP53,activates,1668,MESH:D004958,Estradiol,affects^localization|increases^expression|increases^reaction
TP53,activates,1668,MESH:D004958,Estradiol,affects^cotreatment|increases^expression
TP53,activates,1668,MESH:D004958,Estradiol,affects^localization|increases^activity|increases^expression
TP53,activates,1668,MESH:D004958,Estradiol,increases^expression
TP53,activates,1668,MESH:D004958,Estradiol,affects^localization|affects^reaction|increases^reaction
TP53,activates,1668,MESH:D004967,Estrogens,increases^expression
TP53,activates,1668,MESH:C088768,estrone-3-O-sulfamate,increases^expression
TP53,activates,1668,MESH:D005028,Ethylenebis(dithiocarbamates),increases^expression
TP53,activates,1668,MESH:D015946,Ethylene Dibromide,increases^mutagenesis
TP53,activates,1668,MESH:D005038,Ethylnitrosourea,increases^mutagenesis
TP53,activates,1668,MESH:D005047,Etoposide,increases^expression|increases^reaction|increases^response to substance
TP53,activates,1668,MESH:D005047,Etoposide,increases^expression|increases^reaction
TP53,activates,1668,MESH:D005047,Etoposide,affects^binding|increases^expression|increases^reaction
TP53,activates,1668,MESH:D005047,Etoposide,affects^binding|increases^reaction
TP53,activates,1668,MESH:D005047,Etoposide,affects^cotreatment|affects^reaction|increases^activity|increases^cleavage
TP53,activates,1668,MESH:D005047,Etoposide,affects^cotreatment|affects^reaction|increases^cleavage
TP53,activates,1668,MESH:D005047,Etoposide,increases^expression
TP53,activates,1668,MESH:D005047,Etoposide,increases^phosphorylation
TP53,activates,1668,MESH:D005047,Etoposide,affects^localization|increases^phosphorylation
TP53,activates,1668,MESH:D005047,Etoposide,affects^reaction|increases^expression
TP53,activates,1668,MESH:D005047,Etoposide,increases^response to substance
TP53,activates,1668,MESH:D005047,Etoposide,affects^reaction|increases^phosphorylation
TP53,activates,1668,MESH:D005047,Etoposide,increases^chemical synthesis|increases^reaction
TP53,activates,1668,MESH:D005047,Etoposide,increases^activity|increases^phosphorylation
TP53,activates,1668,MESH:D005047,Etoposide,increases^activity
TP53,activates,1668,MESH:D005047,Etoposide,increases^acetylation|increases^expression|increases^reaction
TP53,activates,1668,MESH:D005047,Etoposide,increases^acetylation|increases^expression
TP53,activates,1668,MESH:D005047,Etoposide,increases^acetylation
TP53,activates,1668,MESH:D005054,Eugenol,increases^mutagenesis
TP53,activates,1668,MESH:C049639,evodiamine,increases^expression
TP53,activates,1668,MESH:C545733,fatostatin,increases^response to substance
TP53,activates,1668,MESH:C545733,fatostatin,increases^cleavage|increases^reaction|increases^response to substance
TP53,activates,1668,MESH:C545733,fatostatin,increases^cleavage|increases^response to substance
TP53,activates,1668,MESH:D015525,"Fatty Acids, Omega-3",affects^cotreatment|increases^abundance|increases^expression
TP53,activates,1668,MESH:D015525,"Fatty Acids, Omega-3",increases^expression
TP53,activates,1668,MESH:D015525,"Fatty Acids, Omega-3",affects^cotreatment|increases^expression
TP53,activates,1668,MESH:D005273,Fenbendazole,increases^expression
TP53,activates,1668,MESH:C415144,fenpyroximate,increases^expression
TP53,activates,1668,MESH:D017313,Fenretinide,increases^expression
TP53,activates,1668,MESH:C013531,ferric ammonium citrate,affects^cotreatment|increases^abundance|increases^expression
TP53,activates,1668,MESH:C013531,ferric ammonium citrate,increases^expression
TP53,activates,1668,MESH:D005290,Ferric Compounds,increases^expression
TP53,activates,1668,MESH:C421458,ferric-sorbitol-citrate,increases^expression
TP53,activates,1668,MESH:D052203,Ferrosoferric Oxide,affects^binding|increases^expression
TP53,activates,1668,MESH:D000068876,Fingolimod Hydrochloride,increases^phosphorylation
TP53,activates,1668,MESH:C017875,fisetin,affects^cotreatment|increases^expression
TP53,activates,1668,MESH:C017875,fisetin,increases^expression
TP53,activates,1668,MESH:C017875,fisetin,affects^cotreatment|increases^phosphorylation
TP53,activates,1668,MESH:D005395,Fish Oils,increases^abundance|increases^expression
TP53,activates,1668,MESH:D005411,Flame Retardants,increases^expression
TP53,activates,1668,MESH:C028610,flavanone,increases^expression|increases^phosphorylation
TP53,activates,1668,MESH:D044950,Flavanones,increases^cleavage|increases^reaction
TP53,activates,1668,MESH:D044950,Flavanones,increases^phosphorylation|increases^reaction
TP53,activates,1668,MESH:D044950,Flavanones,increases^expression
TP53,activates,1668,MESH:D005419,Flavonoids,increases^activity
TP53,activates,1668,MESH:D005467,Floxuridine,increases^expression
TP53,activates,1668,MESH:C075780,fluazinam,increases^expression
TP53,activates,1668,MESH:C018945,flubendazole,increases^activity
TP53,activates,1668,MESH:D005437,Flucytosine,increases^expression
TP53,activates,1668,MESH:C024352,fludarabine,increases^expression|increases^phosphorylation
TP53,activates,1668,MESH:C024352,fludarabine,increases^expression
TP53,activates,1668,MESH:C024352,fludarabine,affects^cotreatment|increases^expression
TP53,activates,1668,MESH:C041392,flumethrin,increases^expression
TP53,activates,1668,MESH:C007738,fluoranthene,increases^expression|increases^reaction
TP53,activates,1668,MESH:D005472,Fluorouracil,affects^reaction|increases^activity
TP53,activates,1668,MESH:D005472,Fluorouracil,increases^expression|increases^reaction
TP53,activates,1668,MESH:D005472,Fluorouracil,increases^phosphorylation
TP53,activates,1668,MESH:D005472,Fluorouracil,increases^expression
TP53,activates,1668,MESH:D005472,Fluorouracil,increases^acetylation|increases^expression
TP53,activates,1668,MESH:D005472,Fluorouracil,increases^phosphorylation|increases^reaction
TP53,activates,1668,MESH:D005472,Fluorouracil,affects^binding|affects^reaction|increases^reaction
TP53,activates,1668,MESH:D005472,Fluorouracil,increases^response to substance
TP53,activates,1668,MESH:D005472,Fluorouracil,increases^expression|increases^phosphorylation
TP53,activates,1668,MESH:D005472,Fluorouracil,affects^reaction|increases^phosphorylation
TP53,activates,1668,MESH:D005472,Fluorouracil,increases^acetylation
TP53,activates,1668,MESH:D005472,Fluorouracil,increases^response to substance|increases^stability
TP53,activates,1668,MESH:D005472,Fluorouracil,increases^activity
TP53,activates,1668,MESH:D005472,Fluorouracil,affects^cotreatment|increases^expression|increases^reaction
TP53,activates,1668,MESH:D005472,Fluorouracil,increases^cleavage|increases^reaction
TP53,activates,1668,MESH:D005472,Fluorouracil,affects^cotreatment|increases^response to substance
TP53,activates,1668,MESH:D005472,Fluorouracil,affects^binding|increases^reaction
TP53,activates,1668,MESH:D005472,Fluorouracil,increases^activity|increases^phosphorylation
TP53,activates,1668,MESH:D005472,Fluorouracil,affects^cotreatment|increases^expression
TP53,activates,1668,MESH:D005472,Fluorouracil,affects^reaction|increases^expression
TP53,activates,1668,MESH:D005473,Fluoxetine,increases^expression
TP53,activates,1668,MESH:D005480,Flurbiprofen,increases^response to substance
TP53,activates,1668,MESH:D005480,Flurbiprofen,increases^expression
TP53,activates,1668,MESH:D005480,Flurbiprofen,increases^abundance|increases^phosphorylation
TP53,activates,1668,MESH:D005492,Folic Acid,affects^binding|increases^reaction
TP53,activates,1668,MESH:D005492,Folic Acid,affects^reaction|increases^expression
TP53,activates,1668,MESH:D005492,Folic Acid,increases^expression
TP53,activates,1668,MESH:D005557,Formaldehyde,increases^expression
TP53,activates,1668,MESH:C040313,fostriecin,increases^expression|increases^reaction
TP53,activates,1668,MESH:C054368,fotemustine,affects^binding|increases^reaction
TP53,activates,1668,MESH:C054368,fotemustine,increases^expression
TP53,activates,1668,MESH:C029063,"fructose-1,6-diphosphate",increases^expression
TP53,activates,1668,MESH:C069837,fullerene C60,increases^expression|increases^phosphorylation
TP53,activates,1668,MESH:D062610,Fungal Polysaccharides,increases^expression
TP53,activates,1668,MESH:D005690,Galactose,increases^expression
TP53,activates,1668,MESH:D005707,Gallic Acid,increases^expression
TP53,activates,1668,MESH:D005707,Gallic Acid,affects^cotreatment|increases^expression
TP53,activates,1668,MESH:D015774,Ganciclovir,increases^expression
TP53,activates,1668,MESH:C554753,GDP 366,increases^expression
TP53,activates,1668,MESH:D000093542,Gemcitabine,increases^expression
TP53,activates,1668,MESH:D019833,Genistein,increases^activity
TP53,activates,1668,MESH:D019833,Genistein,increases^expression|increases^reaction
TP53,activates,1668,MESH:D019833,Genistein,affects^cotreatment|increases^expression
TP53,activates,1668,MESH:D019833,Genistein,increases^expression
TP53,activates,1668,MESH:D019833,Genistein,increases^response to substance
TP53,activates,1668,MESH:D019833,Genistein,affects^reaction|increases^expression|increases^phosphorylation
TP53,activates,1668,MESH:D019833,Genistein,increases^acetylation|increases^expression|increases^reaction
TP53,activates,1668,MESH:D019833,Genistein,increases^expression|increases^phosphorylation
TP53,activates,1668,MESH:D005839,Gentamicins,increases^expression
TP53,activates,1668,MESH:D005840,Gentian Violet,affects^binding|increases^reaction
TP53,activates,1668,MESH:D005840,Gentian Violet,increases^activity|increases^stability
TP53,activates,1668,MESH:D005840,Gentian Violet,increases^expression|increases^reaction
TP53,activates,1668,MESH:C007836,geraniol,increases^expression
TP53,activates,1668,MESH:C007845,gingerol,increases^expression|increases^response to substance
TP53,activates,1668,MESH:C007845,gingerol,affects^reaction|increases^expression
TP53,activates,1668,MESH:C007845,gingerol,affects^reaction|increases^response to substance
TP53,activates,1668,MESH:C007845,gingerol,increases^expression
TP53,activates,1668,MESH:C007845,gingerol,affects^cotreatment|increases^expression
TP53,activates,1668,MESH:C035054,ginsenoside Rg1,increases^expression|increases^reaction
TP53,activates,1668,MESH:C472077,ginsenoside Rk1,increases^expression
TP53,activates,1668,MESH:D005907,Gliclazide,increases^expression
TP53,activates,1668,MESH:C057619,glimepiride,increases^expression
TP53,activates,1668,MESH:D005947,Glucose,increases^acetylation
TP53,activates,1668,MESH:D005947,Glucose,affects^cotreatment|increases^expression
TP53,activates,1668,MESH:D005947,Glucose,increases^expression
TP53,activates,1668,MESH:D005947,Glucose,affects^cotreatment|increases^acetylation
TP53,activates,1668,MESH:D005978,Glutathione,increases^glutathionylation
TP53,activates,1668,MESH:D005978,Glutathione,increases^expression
TP53,activates,1668,MESH:D019803,Glutathione Disulfide,increases^glutathionylation
TP53,activates,1668,MESH:D019803,Glutathione Disulfide,increases^activity|increases^expression|increases^phosphorylation
TP53,activates,1668,MESH:D005905,Glyburide,increases^expression
TP53,activates,1668,MESH:D005990,Glycerol,increases^activity
TP53,activates,1668,MESH:C071834,glycidamide,increases^mutagenesis
TP53,activates,1668,MESH:C086566,glycitein,increases^expression
TP53,activates,1668,MESH:D019695,Glycyrrhizic Acid,increases^expression
TP53,activates,1668,MESH:D000097797,Glyphosate,increases^expression
TP53,activates,1668,MESH:D000097797,Glyphosate,increases^methylation
TP53,activates,1668,MESH:C103280,goniothalamin,increases^localization
TP53,activates,1668,MESH:C103280,goniothalamin,increases^expression
TP53,activates,1668,MESH:C103280,goniothalamin,increases^expression|increases^phosphorylation
TP53,activates,1668,MESH:C103280,goniothalamin,increases^activity
TP53,activates,1668,MESH:C000628730,graphene oxide,increases^expression
TP53,activates,1668,MESH:C000599896,GSK3235025,increases^expression
TP53,activates,1668,MESH:C007904,harmalol,increases^expression
TP53,activates,1668,MESH:D015386,Hazardous Substances,increases^mutagenesis
TP53,activates,1668,MESH:C042349,heminordihydroguaiaretic acid,increases^expression|increases^stability
TP53,activates,1668,MESH:C013015,hesperetin,increases^expression
TP53,activates,1668,MESH:D006575,"Heterocyclic Compounds, 3-Ring",increases^expression
TP53,activates,1668,MESH:C089796,hexabromocyclododecane,increases^phosphorylation
TP53,activates,1668,MESH:C089796,hexabromocyclododecane,increases^expression
TP53,activates,1668,MESH:D001556,Hexachlorocyclohexane,affects^cotreatment|increases^expression
TP53,activates,1668,MESH:C070164,homocastasterone,increases^expression
TP53,activates,1668,MESH:D000077863,Homoharringtonine,affects^cotreatment|increases^expression
TP53,activates,1668,MESH:D000077863,Homoharringtonine,increases^expression
TP53,activates,1668,MESH:D006830,Hydralazine,affects^cotreatment|increases^expression
TP53,activates,1668,MESH:D006830,Hydralazine,increases^activity
TP53,activates,1668,MESH:D006835,Hydrazones,increases^expression
TP53,activates,1668,MESH:D006835,Hydrazones,increases^expression|increases^phosphorylation
TP53,activates,1668,MESH:D006861,Hydrogen Peroxide,increases^activity
TP53,activates,1668,MESH:D006861,Hydrogen Peroxide,increases^expression|increases^reaction
TP53,activates,1668,MESH:D006861,Hydrogen Peroxide,increases^glutathionylation
TP53,activates,1668,MESH:D006861,Hydrogen Peroxide,increases^phosphorylation|increases^reaction
TP53,activates,1668,MESH:D006861,Hydrogen Peroxide,increases^activity|increases^phosphorylation
TP53,activates,1668,MESH:D006861,Hydrogen Peroxide,increases^acetylation
TP53,activates,1668,MESH:D006861,Hydrogen Peroxide,increases^expression|increases^phosphorylation
TP53,activates,1668,MESH:D006861,Hydrogen Peroxide,affects^cotreatment|increases^expression
TP53,activates,1668,MESH:D006861,Hydrogen Peroxide,affects^reaction|increases^expression
TP53,activates,1668,MESH:D006861,Hydrogen Peroxide,increases^response to substance
TP53,activates,1668,MESH:D006861,Hydrogen Peroxide,increases^expression
TP53,activates,1668,MESH:D006861,Hydrogen Peroxide,increases^phosphorylation
TP53,activates,1668,MESH:D006861,Hydrogen Peroxide,affects^binding|increases^reaction
TP53,activates,1668,MESH:D006861,Hydrogen Peroxide,increases^activity|increases^expression
TP53,activates,1668,MESH:C031927,hydroquinone,affects^reaction|increases^acetylation
TP53,activates,1668,MESH:C031927,hydroquinone,increases^expression
TP53,activates,1668,MESH:C031927,hydroquinone,increases^expression|increases^reaction
TP53,activates,1668,MESH:C031927,hydroquinone,affects^reaction|increases^expression
TP53,activates,1668,MESH:D006877,Hydroxamic Acids,increases^acetylation
TP53,activates,1668,MESH:D006918,Hydroxyurea,increases^phosphorylation
TP53,activates,1668,MESH:D006918,Hydroxyurea,increases^expression
TP53,activates,1668,MESH:C559745,hyperforin dicyclohexylammonium,increases^expression
TP53,activates,1668,MESH:C000623387,HZ-6d compound,increases^expression
TP53,activates,1668,MESH:D000068877,Imatinib Mesylate,increases^expression
TP53,activates,1668,MESH:C011582,IMOL S-140,increases^expression
TP53,activates,1668,MESH:C000712522,INCB057643,affects^cotreatment|increases^expression
TP53,activates,1668,MESH:C016517,indole-3-carbinol,increases^expression|increases^phosphorylation
TP53,activates,1668,MESH:D007213,Indomethacin,increases^expression
TP53,activates,1668,MESH:C517091,inotodiol,increases^expression
TP53,activates,1668,MESH:C001458,intybin,increases^expression
TP53,activates,1668,MESH:C458886,inuviscolide,increases^expression|increases^phosphorylation
TP53,activates,1668,MESH:D007472,Iohexol,increases^expression
TP53,activates,1668,MESH:D007479,Iopamidol,increases^expression
TP53,activates,1668,MESH:D000077146,Irinotecan,affects^cotreatment|increases^ubiquitination
TP53,activates,1668,MESH:D000077146,Irinotecan,increases^expression
TP53,activates,1668,MESH:D000077146,Irinotecan,increases^activity|increases^phosphorylation
TP53,activates,1668,MESH:D000077146,Irinotecan,increases^expression|increases^phosphorylation
TP53,activates,1668,MESH:D000077146,Irinotecan,increases^phosphorylation
TP53,activates,1668,MESH:D000077146,Irinotecan,increases^response to substance
TP53,activates,1668,MESH:D007501,Iron,affects^cotreatment|increases^abundance|increases^expression
TP53,activates,1668,MESH:D058085,Iron Compounds,increases^expression
TP53,activates,1668,MESH:D007510,Isatin,affects^binding|increases^expression
TP53,activates,1668,MESH:D017953,Isocyanates,increases^expression
TP53,activates,1668,MESH:C550177,isoliquiritigenin 2'-methyl ether,increases^expression
TP53,activates,1668,MESH:D007545,Isoproterenol,increases^expression
TP53,activates,1668,MESH:D015474,Isotretinoin,increases^expression
TP53,activates,1668,MESH:C049772,isovitexin,increases^expression
TP53,activates,1668,MESH:C561695,(+)-JQ1 compound,increases^expression
TP53,activates,1668,MESH:C561695,(+)-JQ1 compound,increases^expression|increases^reaction
TP53,activates,1668,MESH:C005134,juglone,affects^cotreatment|increases^phosphorylation
TP53,activates,1668,MESH:C006552,kaempferol,affects^binding|affects^reaction|increases^reaction
TP53,activates,1668,MESH:C006552,kaempferol,increases^phosphorylation
TP53,activates,1668,MESH:C006552,kaempferol,increases^expression
TP53,activates,1668,MESH:D007649,Ketamine,increases^expression
TP53,activates,1668,MESH:C469328,kresoxim-methyl,increases^activity
TP53,activates,1668,MESH:C516715,lactucin,increases^expression
TP53,activates,1668,MESH:D007854,Lead,affects^cotreatment|increases^expression
TP53,activates,1668,MESH:D007854,Lead,increases^abundance|increases^expression
TP53,activates,1668,MESH:D007854,Lead,increases^expression
TP53,activates,1668,MESH:C017461,lead nitrate,increases^abundance|increases^expression
TP53,activates,1668,MESH:C017461,lead nitrate,increases^expression|increases^reaction
TP53,activates,1668,MESH:C017461,lead nitrate,increases^expression
TP53,activates,1668,MESH:C038753,leptomycin B,increases^expression|increases^reaction
TP53,activates,1668,MESH:C038753,leptomycin B,affects^cotreatment|increases^phosphorylation
TP53,activates,1668,MESH:C038753,leptomycin B,increases^expression
TP53,activates,1668,MESH:C038753,leptomycin B,affects^cotreatment|increases^expression
TP53,activates,1668,MESH:C038753,leptomycin B,increases^response to substance
TP53,activates,1668,MESH:D000077222,Limonene,increases^expression
TP53,activates,1668,MESH:C018584,linalool,increases^expression
TP53,activates,1668,MESH:C018584,linalool,increases^response to substance
TP53,activates,1668,MESH:D044243,"Linoleic Acids, Conjugated",increases^expression
TP53,activates,1668,MESH:D008070,Lipopolysaccharides,increases^expression
TP53,activates,1668,MESH:C506643,liposomal doxorubicin,increases^phosphorylation
TP53,activates,1668,MESH:D018021,Lithium Chloride,increases^expression
TP53,activates,1668,MESH:C000723530,lly-283,increases^response to substance
TP53,activates,1668,MESH:C558899,lopinavir-ritonavir drug combination,increases^expression
TP53,activates,1668,MESH:D008148,Lovastatin,increases^expression|increases^phosphorylation
TP53,activates,1668,MESH:D008148,Lovastatin,increases^expression
TP53,activates,1668,MESH:D058185,Magnetite Nanoparticles,affects^cotreatment|increases^activity
TP53,activates,1668,MESH:D008294,Malathion,increases^expression
TP53,activates,1668,MESH:C043592,maleimide,affects^binding|increases^activity
TP53,activates,1668,MESH:D008315,Malondialdehyde,increases^mutagenesis
TP53,activates,1668,MESH:C013099,mancozeb,increases^expression
TP53,activates,1668,MESH:C021053,mangostin,increases^expression
TP53,activates,1668,MESH:D009637,Masoprocol,affects^reaction|increases^expression
TP53,activates,1668,MESH:D009637,Masoprocol,increases^expression
TP53,activates,1668,MESH:D000093842,Matrines,increases^expression
TP53,activates,1668,MESH:D008466,Mechlorethamine,increases^alkylation
TP53,activates,1668,MESH:D008466,Mechlorethamine,increases^acetylation|increases^phosphorylation
TP53,activates,1668,MESH:D008466,Mechlorethamine,increases^expression
TP53,activates,1668,MESH:D008466,Mechlorethamine,increases^stability
TP53,activates,1668,MESH:D008466,Mechlorethamine,affects^localization|increases^expression
TP53,activates,1668,MESH:D017258,Medroxyprogesterone Acetate,affects^cotreatment|increases^expression
TP53,activates,1668,MESH:D000077485,Meglumine Antimoniate,increases^expression
TP53,activates,1668,MESH:D008550,Melatonin,increases^expression
TP53,activates,1668,MESH:D008610,Menthol,increases^expression
TP53,activates,1668,MESH:D008687,Metformin,affects^cotreatment|increases^expression
TP53,activates,1668,MESH:D008727,Methotrexate,increases^acetylation|increases^phosphorylation|increases^stability
TP53,activates,1668,MESH:D008727,Methotrexate,increases^expression|increases^reaction
TP53,activates,1668,MESH:D008727,Methotrexate,increases^expression
TP53,activates,1668,MESH:D008727,Methotrexate,affects^reaction|increases^activity|increases^expression|increases^reaction
TP53,activates,1668,MESH:D008727,Methotrexate,affects^reaction|increases^activity|increases^expression
TP53,activates,1668,MESH:D008727,Methotrexate,increases^response to substance
TP53,activates,1668,MESH:D008727,Methotrexate,increases^reaction|increases^response to substance
TP53,activates,1668,MESH:D008730,Methoxsalen,increases^expression
TP53,activates,1668,MESH:C013598,methoxyacetic acid,increases^expression
TP53,activates,1668,MESH:D008731,Methoxychlor,increases^phosphorylation
TP53,activates,1668,MESH:C042405,methyl caffeate,increases^expression
TP53,activates,1668,MESH:C000614724,"methyleugenol-2',3'-epoxide",increases^phosphorylation
TP53,activates,1668,MESH:D008767,Methylmercury Compounds,increases^expression
TP53,activates,1668,MESH:D008741,Methyl Methanesulfonate,increases^response to substance
TP53,activates,1668,MESH:D008741,Methyl Methanesulfonate,increases^expression
TP53,activates,1668,MESH:D008741,Methyl Methanesulfonate,increases^activity|increases^phosphorylation
TP53,activates,1668,MESH:D008741,Methyl Methanesulfonate,affects^reaction|increases^expression
TP53,activates,1668,MESH:D008741,Methyl Methanesulfonate,increases^activity
TP53,activates,1668,MESH:D008741,Methyl Methanesulfonate,increases^activity|increases^expression
TP53,activates,1668,MESH:D008769,Methylnitronitrosoguanidine,increases^response to substance
TP53,activates,1668,MESH:D008769,Methylnitronitrosoguanidine,increases^expression|increases^reaction
TP53,activates,1668,MESH:D008769,Methylnitronitrosoguanidine,increases^expression
TP53,activates,1668,MESH:D008770,Methylnitrosourea,increases^expression|increases^phosphorylation
TP53,activates,1668,MESH:D008770,Methylnitrosourea,increases^stability
TP53,activates,1668,MESH:C008480,methylparaoxon,increases^expression
TP53,activates,1668,MESH:D008743,Methyl Parathion,increases^expression
TP53,activates,1668,MESH:C425324,methyl protodioscin,increases^expression
TP53,activates,1668,MESH:D015741,Metribolone,affects^cotreatment|increases^phosphorylation
TP53,activates,1668,MESH:C063855,microcystin RR,increases^expression
TP53,activates,1668,MESH:C059539,midostaurin,affects^reaction|increases^activity|increases^localization|increases^phosphorylation
TP53,activates,1668,MESH:C066851,mithramycin A,increases^phosphorylation
TP53,activates,1668,MESH:C066851,mithramycin A,increases^activity
TP53,activates,1668,MESH:D016685,Mitomycin,affects^reaction|increases^expression
TP53,activates,1668,MESH:D016685,Mitomycin,increases^stability
TP53,activates,1668,MESH:D016685,Mitomycin,increases^expression
TP53,activates,1668,MESH:D016685,Mitomycin,increases^expression|increases^reaction
TP53,activates,1668,MESH:D016685,Mitomycin,increases^expression|increases^stability
TP53,activates,1668,MESH:D016685,Mitomycin,affects^reaction|increases^activity
TP53,activates,1668,MESH:D016685,Mitomycin,increases^activity|increases^phosphorylation
TP53,activates,1668,MESH:C019215,mitonafide,increases^expression
TP53,activates,1668,MESH:C559815,MK-8776,increases^expression
TP53,activates,1668,MESH:D008982,Molybdenum,increases^expression|increases^phosphorylation
TP53,activates,1668,MESH:C016599,mono-(2-ethylhexyl)phthalate,increases^expression
TP53,activates,1668,MESH:C016599,mono-(2-ethylhexyl)phthalate,increases^activity
TP53,activates,1668,MESH:C016599,mono-(2-ethylhexyl)phthalate,increases^expression|increases^phosphorylation
TP53,activates,1668,MESH:C103325,mono-benzyl phthalate,increases^methylation
TP53,activates,1668,MESH:C028577,monobutyl phthalate,increases^methylation
TP53,activates,1668,MESH:D016686,Monocrotaline,increases^expression|increases^metabolic processing
TP53,activates,1668,MESH:C091888,"monoisoamyl-2,3-dimercaptosuccinate",increases^expression
TP53,activates,1668,MESH:C406082,monomethylarsonous acid,increases^response to substance
TP53,activates,1668,MESH:C406082,monomethylarsonous acid,increases^expression
TP53,activates,1668,MESH:C008548,morin,increases^expression
TP53,activates,1668,MESH:C575654,morindone,increases^expression
TP53,activates,1668,MESH:D009020,Morphine,increases^activity|increases^phosphorylation
TP53,activates,1668,MESH:D009020,Morphine,increases^phosphorylation|increases^stability
TP53,activates,1668,MESH:D009020,Morphine,increases^expression
TP53,activates,1668,MESH:D009020,Morphine,increases^expression|increases^phosphorylation|increases^stability
TP53,activates,1668,MESH:D009150,Mustard Compounds,increases^phosphorylation
TP53,activates,1668,MESH:D009151,Mustard Gas,increases^expression
TP53,activates,1668,MESH:D009151,Mustard Gas,increases^phosphorylation
TP53,activates,1668,MESH:C040015,myricetin,increases^expression
TP53,activates,1668,MESH:C005246,myristicin,increases^expression
TP53,activates,1668,MESH:C562047,"N-(1-cyclohexylpiperidin-4-yl)-2-(4-isopropyl-1,4-diazepan-1-yl)-6-methoxy-7-(3-(piperidin-1-yl)propoxy)quinazolin-4-amine",increases^expression
TP53,activates,1668,MESH:C059685,"N(1),N(11)-diethylnorspermine",increases^expression|increases^reaction
TP53,activates,1668,MESH:C469937,"N(2)-(2-aminocyclohexyl)-N(6)-(3-chlorophenyl)-9-ethyl-9H-purine-2,6-diamine",affects^cotreatment|increases^expression
TP53,activates,1668,MESH:C469937,"N(2)-(2-aminocyclohexyl)-N(6)-(3-chlorophenyl)-9-ethyl-9H-purine-2,6-diamine",increases^expression
TP53,activates,1668,MESH:C556398,N-(2-(dimethylamino)ethyl)-2-aminothiazonaphthalimide,affects^binding|increases^reaction
TP53,activates,1668,MESH:C556398,N-(2-(dimethylamino)ethyl)-2-aminothiazonaphthalimide,increases^expression
TP53,activates,1668,MESH:C555658,N-(4-((3-(2-amino-4-pyrimidinyl)-2-pyridinyl)oxy)phenyl)-4-(4-methyl-2-thienyl)-1-phthalazinamine,increases^expression
TP53,activates,1668,MESH:C064769,N-acetylsphingosine,increases^expression
TP53,activates,1668,MESH:D009243,NAD,affects^cotreatment|increases^mutagenesis
TP53,activates,1668,MESH:D009249,NADP,increases^expression|increases^reaction
TP53,activates,1668,MESH:C031721,naphthalene,affects^binding|increases^expression
TP53,activates,1668,MESH:C542131,naphthalenediimide,increases^phosphorylation
TP53,activates,1668,MESH:D009281,Naphthalenes,increases^expression
TP53,activates,1668,MESH:C046170,naphthenic acid,increases^abundance|increases^expression
TP53,activates,1668,MESH:C005273,naringenin,increases^expression
TP53,activates,1668,MESH:C005273,naringenin,increases^expression|increases^phosphorylation
TP53,activates,1668,MESH:C005273,naringenin,affects^cotreatment|increases^expression
TP53,activates,1668,MESH:C005274,naringin,increases^expression
TP53,activates,1668,MESH:C101954,N-caproylsphingosine,affects^splicing|increases^expression|increases^reaction
TP53,activates,1668,MESH:C101954,N-caproylsphingosine,increases^phosphorylation
TP53,activates,1668,MESH:C101954,N-caproylsphingosine,affects^splicing|increases^expression
TP53,activates,1668,MESH:C101954,N-caproylsphingosine,increases^expression|increases^reaction
TP53,activates,1668,MESH:C045863,neo-gambogic acid,increases^expression
TP53,activates,1668,MESH:C014593,N-hydroxy-4-aminobiphenyl,affects^cotreatment|increases^mutagenesis
TP53,activates,1668,MESH:D009536,Niacinamide,increases^acetylation|increases^phosphorylation
TP53,activates,1668,MESH:D009536,Niacinamide,affects^cotreatment|increases^acetylation|increases^expression
TP53,activates,1668,MESH:D009532,Nickel,affects^reaction|increases^activity|increases^cleavage
TP53,activates,1668,MESH:D009532,Nickel,affects^binding|increases^expression
TP53,activates,1668,MESH:D009532,Nickel,increases^expression|increases^phosphorylation
TP53,activates,1668,MESH:D009532,Nickel,affects^cotreatment|increases^expression
TP53,activates,1668,MESH:D009532,Nickel,increases^expression
TP53,activates,1668,MESH:D009532,Nickel,affects^reaction|increases^expression
TP53,activates,1668,MESH:C022838,nickel chloride,increases^activity|increases^phosphorylation
TP53,activates,1668,MESH:C022838,nickel chloride,increases^expression
TP53,activates,1668,MESH:C022838,nickel chloride,increases^phosphorylation
TP53,activates,1668,MESH:C022838,nickel chloride,affects^reaction|increases^expression
TP53,activates,1668,MESH:C550717,nickel ferrite,increases^expression
TP53,activates,1668,MESH:C029938,nickel sulfate,increases^expression
TP53,activates,1668,MESH:D009534,Niclosamide,increases^response to substance
TP53,activates,1668,MESH:D009534,Niclosamide,increases^expression
TP53,activates,1668,MESH:D009534,Niclosamide,increases^cleavage|increases^reaction
TP53,activates,1668,MESH:D009534,Niclosamide,affects^binding|increases^expression
TP53,activates,1668,MESH:D009538,Nicotine,affects^reaction|increases^phosphorylation
TP53,activates,1668,MESH:D009538,Nicotine,increases^expression
TP53,activates,1668,MESH:D009543,Nifedipine,increases^activity
TP53,activates,1668,MESH:C498826,nilotinib,increases^secretion
TP53,activates,1668,MESH:C042198,nimbolide,increases^expression
TP53,activates,1668,MESH:D015376,Nimustine,affects^reaction|increases^expression
TP53,activates,1668,MESH:C464843,nitenpyram,increases^expression
TP53,activates,1668,MESH:D009569,Nitric Oxide,increases^glutathionylation
TP53,activates,1668,MESH:D009569,Nitric Oxide,increases^phosphorylation
TP53,activates,1668,MESH:D009569,Nitric Oxide,increases^expression
TP53,activates,1668,MESH:D009569,Nitric Oxide,affects^reaction|increases^phosphorylation
TP53,activates,1668,MESH:D009569,Nitric Oxide,increases^abundance|increases^expression
TP53,activates,1668,MESH:D020030,Nitric Oxide Donors,increases^abundance|increases^expression
TP53,activates,1668,MESH:D009583,Nitrofurazone,increases^mutagenesis
TP53,activates,1668,MESH:D009588,Nitrogen Mustard Compounds,increases^phosphorylation
TP53,activates,1668,MESH:D009599,Nitroprusside,increases^expression
TP53,activates,1668,MESH:C014102,N-methyl-N-nitrosoaniline,affects^localization|increases^metabolic processing
TP53,activates,1668,MESH:C000623013,NMS-873,increases^expression
TP53,activates,1668,MESH:C044387,"N,N,N',N'-tetrakis(2-pyridylmethyl)ethylenediamine",increases^expression
TP53,activates,1668,MESH:D015739,Nocodazole,affects^reaction|increases^phosphorylation
TP53,activates,1668,MESH:D015739,Nocodazole,increases^expression
TP53,activates,1668,MESH:D009640,Norethindrone,increases^activity|increases^expression
TP53,activates,1668,MESH:D009665,Noscapine,increases^expression
TP53,activates,1668,MESH:D009665,Noscapine,increases^expression|increases^phosphorylation
TP53,activates,1668,MESH:D009665,Noscapine,increases^expression|increases^reaction
TP53,activates,1668,MESH:C434926,"N-(oxo-5,6-dihydrophenanthridin-2-yl)-N,N-dimethylacetamide hydrochloride",increases^expression
TP53,activates,1668,MESH:C434926,"N-(oxo-5,6-dihydrophenanthridin-2-yl)-N,N-dimethylacetamide hydrochloride",affects^cotreatment|increases^expression|increases^reaction
TP53,activates,1668,MESH:C434926,"N-(oxo-5,6-dihydrophenanthridin-2-yl)-N,N-dimethylacetamide hydrochloride",affects^binding|affects^cotreatment|increases^reaction
TP53,activates,1668,MESH:C434926,"N-(oxo-5,6-dihydrophenanthridin-2-yl)-N,N-dimethylacetamide hydrochloride",affects^cotreatment|increases^cleavage|increases^reaction
TP53,activates,1668,MESH:C434926,"N-(oxo-5,6-dihydrophenanthridin-2-yl)-N,N-dimethylacetamide hydrochloride",increases^expression|increases^phosphorylation
TP53,activates,1668,MESH:C434926,"N-(oxo-5,6-dihydrophenanthridin-2-yl)-N,N-dimethylacetamide hydrochloride",affects^cotreatment|increases^expression
TP53,activates,1668,MESH:C434926,"N-(oxo-5,6-dihydrophenanthridin-2-yl)-N,N-dimethylacetamide hydrochloride",affects^cotreatment|increases^phosphorylation
TP53,activates,1668,MESH:C118989,NSC 652287,increases^expression
TP53,activates,1668,MESH:C118989,NSC 652287,increases^expression|increases^reaction
TP53,activates,1668,MESH:C118989,NSC 652287,increases^phosphorylation
TP53,activates,1668,MESH:C118989,NSC 652287,affects^reaction|increases^expression
TP53,activates,1668,MESH:C482205,nutlin 3,affects^reaction|increases^activity|increases^expression|increases^reaction
TP53,activates,1668,MESH:C482205,nutlin 3,affects^reaction|increases^activity|increases^expression
TP53,activates,1668,MESH:C482205,nutlin 3,affects^binding|increases^reaction
TP53,activates,1668,MESH:C482205,nutlin 3,increases^expression|increases^phosphorylation
TP53,activates,1668,MESH:C482205,nutlin 3,increases^activity
TP53,activates,1668,MESH:C482205,nutlin 3,increases^expression|increases^response to substance
TP53,activates,1668,MESH:C482205,nutlin 3,increases^response to substance
TP53,activates,1668,MESH:C482205,nutlin 3,affects^reaction|increases^expression
TP53,activates,1668,MESH:C482205,nutlin 3,increases^localization|increases^reaction
TP53,activates,1668,MESH:C482205,nutlin 3,increases^expression|increases^reaction
TP53,activates,1668,MESH:C482205,nutlin 3,increases^response to substance|increases^stability
TP53,activates,1668,MESH:C482205,nutlin 3,increases^expression
TP53,activates,1668,MESH:C482205,nutlin 3,increases^activity|increases^expression|increases^localization
TP53,activates,1668,MESH:C482205,nutlin 3,increases^stability
TP53,activates,1668,MESH:C482205,nutlin 3,affects^localization|increases^expression
TP53,activates,1668,MESH:C482205,nutlin 3,affects^cotreatment|increases^expression|increases^secretion
TP53,activates,1668,MESH:C571178,NVP-BKM120,affects^cotreatment|increases^expression
TP53,activates,1668,MESH:C064976,O(6)-benzylguanine,affects^cotreatment|increases^expression
TP53,activates,1668,MESH:C064976,O(6)-benzylguanine,increases^expression|increases^response to substance
TP53,activates,1668,MESH:C064976,O(6)-benzylguanine,affects^cotreatment|increases^response to substance
TP53,activates,1668,MESH:C008449,O-(6)-methylguanine,increases^expression|increases^response to substance
TP53,activates,1668,MESH:C067207,obacunone,increases^expression
TP53,activates,1668,MESH:C411188,obacunone glucoside,increases^expression
TP53,activates,1668,MESH:D000077609,O-(Chloroacetylcarbamoyl)fumagillol,increases^expression
TP53,activates,1668,MESH:C025589,ochratoxin A,increases^phosphorylation
TP53,activates,1668,MESH:C025589,ochratoxin A,increases^expression|increases^phosphorylation
TP53,activates,1668,MESH:C025589,ochratoxin A,affects^reaction|increases^phosphorylation
TP53,activates,1668,MESH:C025589,ochratoxin A,increases^expression
TP53,activates,1668,MESH:C080077,oenothein B,increases^expression
TP53,activates,1668,MESH:D019319,Okadaic Acid,increases^expression|increases^reaction
TP53,activates,1668,MESH:D019319,Okadaic Acid,affects^reaction|increases^expression|increases^reaction
TP53,activates,1668,MESH:D019319,Okadaic Acid,affects^localization|affects^reaction|increases^reaction
TP53,activates,1668,MESH:D000077152,Olanzapine,increases^expression
TP53,activates,1668,MESH:C531550,olaparib,affects^cotreatment|increases^expression
TP53,activates,1668,MESH:C531550,olaparib,increases^phosphorylation
TP53,activates,1668,MESH:C013168,olaquindox,increases^expression
TP53,activates,1668,MESH:D019301,Oleic Acid,affects^cotreatment|increases^expression
TP53,activates,1668,MESH:C475587,olomoucine II,increases^expression
TP53,activates,1668,MESH:C507134,ON 01910,increases^expression|increases^phosphorylation
TP53,activates,1668,MESH:D009942,Organometallic Compounds,increases^expression
TP53,activates,1668,MESH:D009942,Organometallic Compounds,increases^expression|increases^phosphorylation
TP53,activates,1668,MESH:D010070,Oxalates,increases^abundance|increases^expression|increases^response to substance
TP53,activates,1668,MESH:D000077150,Oxaliplatin,increases^activity|increases^phosphorylation
TP53,activates,1668,MESH:D000077150,Oxaliplatin,increases^expression
TP53,activates,1668,MESH:D000077150,Oxaliplatin,increases^response to substance
TP53,activates,1668,MESH:D000077150,Oxaliplatin,increases^expression|increases^reaction
TP53,activates,1668,MESH:D000077150,Oxaliplatin,affects^binding|increases^reaction
TP53,activates,1668,MESH:D010100,Oxygen,increases^expression|increases^reaction
TP53,activates,1668,MESH:D010100,Oxygen,increases^response to substance
TP53,activates,1668,MESH:D010100,Oxygen,affects^binding|increases^reaction
TP53,activates,1668,MESH:D010100,Oxygen,affects^cotreatment|affects^reaction|increases^expression
TP53,activates,1668,MESH:D010100,Oxygen,affects^cotreatment|increases^expression
TP53,activates,1668,MESH:D010100,Oxygen,increases^expression
TP53,activates,1668,MESH:D010100,Oxygen,increases^activity|increases^expression
TP53,activates,1668,MESH:D010100,Oxygen,increases^metabolic processing
TP53,activates,1668,MESH:D010100,Oxygen,increases^stability
TP53,activates,1668,MESH:D010126,Ozone,affects^cotreatment|increases^expression
TP53,activates,1668,MESH:D017239,Paclitaxel,affects^cotreatment|increases^expression|increases^reaction
TP53,activates,1668,MESH:D017239,Paclitaxel,affects^cotreatment|increases^expression
TP53,activates,1668,MESH:D017239,Paclitaxel,increases^expression
TP53,activates,1668,MESH:D010168,Palmitates,increases^acetylation
TP53,activates,1668,MESH:D019308,Palmitic Acid,affects^cotreatment|increases^expression
TP53,activates,1668,MESH:D019308,Palmitic Acid,affects^cotreatment|increases^acetylation
TP53,activates,1668,MESH:D000077767,Panobinostat,increases^acetylation
TP53,activates,1668,MESH:D000077767,Panobinostat,affects^cotreatment|increases^acetylation
TP53,activates,1668,MESH:D010269,Paraquat,increases^expression
TP53,activates,1668,MESH:D010269,Paraquat,increases^phosphorylation|increases^reaction
TP53,activates,1668,MESH:D010269,Paraquat,increases^phosphorylation
TP53,activates,1668,MESH:D010278,Parathion,affects^cotreatment|increases^expression
TP53,activates,1668,MESH:D010278,Parathion,increases^expression
TP53,activates,1668,MESH:C002669,parthenolide,increases^expression
TP53,activates,1668,MESH:D052638,Particulate Matter,increases^abundance|increases^methylation
TP53,activates,1668,MESH:D052638,Particulate Matter,increases^expression
TP53,activates,1668,MESH:D052638,Particulate Matter,increases^methylation
TP53,activates,1668,MESH:D052638,Particulate Matter,increases^phosphorylation
TP53,activates,1668,MESH:D052638,Particulate Matter,affects^reaction|increases^methylation
TP53,activates,1668,MESH:D052638,Particulate Matter,increases^abundance|increases^expression
TP53,activates,1668,MESH:D010365,Patulin,increases^expression
TP53,activates,1668,MESH:C516667,pazopanib,affects^reaction|increases^expression
TP53,activates,1668,MESH:C516667,pazopanib,increases^expression
TP53,activates,1668,MESH:C410127,PCB 180,increases^expression
TP53,activates,1668,MESH:C410127,PCB 180,increases^expression|increases^reaction
TP53,activates,1668,MESH:C495469,p-coumaric acid,increases^expression
TP53,activates,1668,MESH:C509204,PD168393,affects^cotreatment|increases^expression
TP53,activates,1668,MESH:C528671,pectolinarigenin,affects^reaction|increases^expression
TP53,activates,1668,MESH:C528671,pectolinarigenin,increases^expression
TP53,activates,1668,MESH:D000068437,Pemetrexed,affects^reaction|increases^expression
TP53,activates,1668,MESH:D010396,Penicillamine,increases^expression
TP53,activates,1668,MESH:C074968,pentaacetyl geniposide,increases^activity
TP53,activates,1668,MESH:C086401,pentabromodiphenyl ether,increases^expression
TP53,activates,1668,MESH:C076994,perfluorooctane sulfonic acid,increases^expression
TP53,activates,1668,MESH:C023036,perfluorooctanoic acid,increases^expression
TP53,activates,1668,MESH:C011272,perfosfamide,increases^expression
TP53,activates,1668,MESH:C062400,PFL protocol,increases^response to substance
TP53,activates,1668,MESH:C058305,phenethyl isothiocyanate,increases^expression
TP53,activates,1668,MESH:D010630,Phenindione,increases^degradation
TP53,activates,1668,MESH:C066330,phenylhydroquinone,affects^cotreatment|increases^mutagenesis
TP53,activates,1668,MESH:D010672,Phenytoin,increases^expression
TP53,activates,1668,MESH:D010693,Phloretin,affects^binding|increases^expression
TP53,activates,1668,MESH:D054735,Phosphorothioate Oligonucleotides,increases^expression
TP53,activates,1668,MESH:D064209,Phytochemicals,increases^phosphorylation
TP53,activates,1668,MESH:C522973,PI103,affects^cotreatment|increases^response to substance
TP53,activates,1668,MESH:C522973,PI103,affects^cotreatment|increases^expression|increases^reaction
TP53,activates,1668,MESH:C522973,PI103,increases^cleavage|increases^reaction
TP53,activates,1668,MESH:C522973,PI103,increases^activity|increases^reaction
TP53,activates,1668,MESH:C000726939,PI-3065,increases^expression
TP53,activates,1668,MESH:C556557,picoxystrobin,increases^activity
TP53,activates,1668,MESH:C121565,pifithrin,affects^cotreatment|affects^localization|increases^expression
TP53,activates,1668,MESH:C411294,pinostrobin,increases^expression
TP53,activates,1668,MESH:C049032,pinosylvin,increases^expression
TP53,activates,1668,MESH:C032727,piperidine,affects^cotreatment|increases^mutagenesis|increases^reaction
TP53,activates,1668,MESH:C498077,piperlongumine,increases^expression
TP53,activates,1668,MESH:D010894,Piroxicam,increases^expression|increases^reaction
TP53,activates,1668,MESH:D010936,Plant Extracts,increases^expression
TP53,activates,1668,MESH:D010938,Plant Oils,increases^expression
TP53,activates,1668,MESH:D028321,Plant Preparations,increases^phosphorylation|increases^reaction
TP53,activates,1668,MESH:D028321,Plant Preparations,increases^phosphorylation
TP53,activates,1668,MESH:C422648,pluronic block copolymer p85,increases^expression|increases^reaction
TP53,activates,1668,MESH:D011078,Polychlorinated Biphenyls,increases^expression
TP53,activates,1668,MESH:D000072317,Polychlorinated Dibenzodioxins,affects^cotreatment|increases^expression
TP53,activates,1668,MESH:D011094,Polyethyleneimine,affects^binding|increases^expression
TP53,activates,1668,MESH:C060540,polyhexamethyleneguanidine,increases^expression
TP53,activates,1668,MESH:C060540,polyhexamethyleneguanidine,increases^phosphorylation
TP53,activates,1668,MESH:D011070,Poly I-C,affects^reaction|increases^phosphorylation
TP53,activates,1668,MESH:D011070,Poly I-C,affects^cotreatment|increases^response to substance
TP53,activates,1668,MESH:D011070,Poly I-C,affects^reaction|increases^expression
TP53,activates,1668,MESH:D011112,Polymyxin B,increases^expression|increases^reaction
TP53,activates,1668,MESH:D011112,Polymyxin B,increases^acetylation|increases^expression
TP53,activates,1668,MESH:D059808,Polyphenols,increases^expression|increases^reaction
TP53,activates,1668,MESH:D059808,Polyphenols,increases^expression
TP53,activates,1668,MESH:C472086,polyphenon E,increases^expression
TP53,activates,1668,MESH:C556217,polyphyllin I,increases^expression
TP53,activates,1668,MESH:D011134,Polysaccharides,increases^expression
TP53,activates,1668,MESH:C019536,potassium bromate,increases^phosphorylation
TP53,activates,1668,MESH:C027373,potassium chromate(VI),affects^binding|increases^reaction
TP53,activates,1668,MESH:C027373,potassium chromate(VI),increases^expression
TP53,activates,1668,MESH:C120482,potassium diazoacetate,increases^mutagenesis
TP53,activates,1668,MESH:D011192,Potassium Dichromate,increases^phosphorylation
TP53,activates,1668,MESH:C000708871,pradimicin-IRD,increases^expression
TP53,activates,1668,MESH:D017035,Pravastatin,increases^degradation|increases^phosphorylation
TP53,activates,1668,MESH:D044945,Proanthocyanidins,increases^expression
TP53,activates,1668,MESH:D011370,Proflavine,increases^activity
TP53,activates,1668,MESH:D011374,Progesterone,increases^expression
TP53,activates,1668,MESH:D011374,Progesterone,affects^reaction|increases^expression
TP53,activates,1668,MESH:D011374,Progesterone,increases^response to substance
TP53,activates,1668,MESH:C066229,prolinedithiocarbamate,increases^phosphorylation
TP53,activates,1668,MESH:D015742,Propofol,increases^expression
TP53,activates,1668,MESH:C006068,propylparaben,increases^expression
TP53,activates,1668,MESH:D011458,Prostaglandins E,increases^secretion
TP53,activates,1668,MESH:C062916,protopanaxadiol,increases^expression
TP53,activates,1668,MESH:C043680,ptaquiloside,increases^expression
TP53,activates,1668,MESH:C107773,pterostilbene,increases^expression
TP53,activates,1668,MESH:C513428,pyrachlostrobin,increases^activity
TP53,activates,1668,MESH:C432165,pyrazolanthrone,affects^binding|affects^cotreatment|increases^reaction
TP53,activates,1668,MESH:C432165,pyrazolanthrone,increases^expression
TP53,activates,1668,MESH:C432165,pyrazolanthrone,increases^phosphorylation
TP53,activates,1668,MESH:C432165,pyrazolanthrone,affects^reaction|increases^expression
TP53,activates,1668,MESH:C009131,pyrimidin-2-one beta-ribofuranoside,increases^expression
TP53,activates,1668,MESH:C010423,pyrithione zinc,increases^expression
TP53,activates,1668,MESH:C010423,pyrithione zinc,increases^activity|increases^phosphorylation
TP53,activates,1668,MESH:C010423,pyrithione zinc,increases^expression|increases^phosphorylation
TP53,activates,1668,MESH:D011748,Pyrogallol,increases^expression
TP53,activates,1668,MESH:D011758,Pyrroles,increases^phosphorylation
TP53,activates,1668,MESH:C020972,pyrrolidine dithiocarbamic acid,increases^abundance|increases^expression|increases^oxidation
TP53,activates,1668,MESH:C020972,pyrrolidine dithiocarbamic acid,increases^expression|increases^oxidation
TP53,activates,1668,MESH:C438462,"pyrrolo(2,1-c)(1,4)benzodiazepine",affects^binding|increases^expression
TP53,activates,1668,MESH:D011794,Quercetin,increases^expression
TP53,activates,1668,MESH:D011794,Quercetin,affects^reaction|increases^expression
TP53,activates,1668,MESH:D011794,Quercetin,affects^reaction|increases^acetylation
TP53,activates,1668,MESH:D011794,Quercetin,affects^cotreatment|increases^expression
TP53,activates,1668,MESH:D011794,Quercetin,increases^acetylation
TP53,activates,1668,MESH:D011794,Quercetin,increases^phosphorylation
TP53,activates,1668,MESH:D011794,Quercetin,increases^phosphorylation|increases^reaction
TP53,activates,1668,MESH:D011794,Quercetin,affects^localization|increases^expression
TP53,activates,1668,MESH:D011794,Quercetin,increases^activity|increases^phosphorylation
TP53,activates,1668,MESH:D011794,Quercetin,increases^expression|increases^phosphorylation
TP53,activates,1668,MESH:D011796,Quinacrine,increases^activity|increases^stability
TP53,activates,1668,MESH:D011796,Quinacrine,increases^activity
TP53,activates,1668,MESH:C037219,quinoline,increases^activity
TP53,activates,1668,MESH:C037219,quinoline,increases^expression
TP53,activates,1668,MESH:C004532,quinone,increases^expression
TP53,activates,1668,MESH:D020849,Raloxifene Hydrochloride,affects^cotreatment|increases^expression
TP53,activates,1668,MESH:D020849,Raloxifene Hydrochloride,increases^expression
TP53,activates,1668,MESH:C068874,raltitrexed,affects^reaction|increases^expression
TP53,activates,1668,MESH:D017382,Reactive Oxygen Species,increases^abundance|increases^reaction
TP53,activates,1668,MESH:D017382,Reactive Oxygen Species,increases^expression|increases^reaction
TP53,activates,1668,MESH:D017382,Reactive Oxygen Species,increases^abundance|increases^activity
TP53,activates,1668,MESH:D017382,Reactive Oxygen Species,affects^cotreatment|increases^abundance|increases^expression|increases^phosphorylation|increases^stability
TP53,activates,1668,MESH:D017382,Reactive Oxygen Species,increases^abundance
TP53,activates,1668,MESH:D017382,Reactive Oxygen Species,increases^expression
TP53,activates,1668,MESH:D000077185,Resveratrol,affects^reaction|increases^acetylation
TP53,activates,1668,MESH:D000077185,Resveratrol,increases^acetylation|increases^activity
TP53,activates,1668,MESH:D000077185,Resveratrol,affects^binding|increases^acetylation|increases^activity|increases^reaction
TP53,activates,1668,MESH:D000077185,Resveratrol,affects^cotreatment|increases^activity|increases^expression
TP53,activates,1668,MESH:D000077185,Resveratrol,affects^reaction|increases^expression|increases^reaction
TP53,activates,1668,MESH:D000077185,Resveratrol,increases^cleavage|increases^reaction
TP53,activates,1668,MESH:D000077185,Resveratrol,increases^response to substance
TP53,activates,1668,MESH:D000077185,Resveratrol,affects^binding|increases^expression|increases^reaction
TP53,activates,1668,MESH:D000077185,Resveratrol,increases^reaction|increases^response to substance
TP53,activates,1668,MESH:D000077185,Resveratrol,affects^binding|increases^phosphorylation|increases^reaction
TP53,activates,1668,MESH:D000077185,Resveratrol,increases^phosphorylation|increases^reaction
TP53,activates,1668,MESH:D000077185,Resveratrol,increases^expression|increases^reaction
TP53,activates,1668,MESH:D000077185,Resveratrol,increases^expression|increases^phosphorylation|increases^reaction
TP53,activates,1668,MESH:D000077185,Resveratrol,affects^reaction|increases^expression
TP53,activates,1668,MESH:D000077185,Resveratrol,increases^expression
TP53,activates,1668,MESH:D000077185,Resveratrol,increases^activity
TP53,activates,1668,MESH:D000077185,Resveratrol,increases^acetylation|increases^phosphorylation
TP53,activates,1668,MESH:D000077185,Resveratrol,affects^reaction|increases^activity|increases^localization|increases^phosphorylation
TP53,activates,1668,MESH:D000077185,Resveratrol,increases^acetylation|increases^reaction
TP53,activates,1668,MESH:D000077185,Resveratrol,increases^phosphorylation
TP53,activates,1668,MESH:D000077185,Resveratrol,increases^expression|increases^phosphorylation
TP53,activates,1668,MESH:D000077185,Resveratrol,increases^activity|increases^phosphorylation
TP53,activates,1668,MESH:D000077185,Resveratrol,affects^cotreatment|increases^expression
TP53,activates,1668,MESH:D000077185,Resveratrol,increases^activity|increases^localization|increases^phosphorylation|increases^reaction
TP53,activates,1668,MESH:D000077185,Resveratrol,increases^activity|increases^localization|increases^phosphorylation
TP53,activates,1668,MESH:D000077185,Resveratrol,affects^binding|increases^reaction
TP53,activates,1668,MESH:D000077185,Resveratrol,affects^reaction|increases^acetylation|increases^phosphorylation
TP53,activates,1668,MESH:D000077185,Resveratrol,increases^activity|increases^expression|increases^phosphorylation
TP53,activates,1668,MESH:D000077185,Resveratrol,affects^localization|increases^activity
TP53,activates,1668,MESH:D000077185,Resveratrol,affects^reaction|increases^activity
TP53,activates,1668,MESH:D012176,Retinoids,increases^activity|increases^phosphorylation
TP53,activates,1668,MESH:D012176,Retinoids,increases^phosphorylation
TP53,activates,1668,MESH:C579783,RG7112,increases^expression
TP53,activates,1668,MESH:C579783,RG7112,affects^reaction|increases^expression
TP53,activates,1668,MESH:C579783,RG7112,increases^response to substance
TP53,activates,1668,MESH:C579783,RG7112,increases^expression|increases^reaction|increases^response to substance
TP53,activates,1668,MESH:D012254,Ribavirin,increases^expression
TP53,activates,1668,MESH:D012256,Riboflavin,increases^expression
TP53,activates,1668,MESH:D019438,Ritonavir,increases^expression
TP53,activates,1668,MESH:C512984,RO 3306,increases^expression
TP53,activates,1668,MESH:C512984,RO 3306,affects^cotreatment|increases^expression
TP53,activates,1668,MESH:D000077546,Roscovitine,increases^expression
TP53,activates,1668,MESH:D000077154,Rosiglitazone,increases^expression
TP53,activates,1668,MESH:D012402,Rotenone,increases^expression|increases^reaction
TP53,activates,1668,MESH:D012402,Rotenone,increases^expression
TP53,activates,1668,MESH:D012402,Rotenone,affects^binding|increases^reaction
TP53,activates,1668,MESH:D012402,Rotenone,increases^expression|increases^phosphorylation
TP53,activates,1668,MESH:C079905,rubitecan,increases^expression
TP53,activates,1668,MESH:D012428,Ruthenium,increases^expression
TP53,activates,1668,MESH:D012428,Ruthenium,affects^binding|increases^expression
TP53,activates,1668,MESH:D017975,Ruthenium Compounds,increases^expression
TP53,activates,1668,MESH:C540383,ruxolitinib,affects^cotreatment|increases^expression
TP53,activates,1668,MESH:C033110,RV 538,increases^phosphorylation
TP53,activates,1668,MESH:C033110,RV 538,affects^splicing|increases^expression
TP53,activates,1668,MESH:C039961,"S-(1,2-dichlorovinyl)cysteine",increases^expression
TP53,activates,1668,MESH:C046570,S-(2-chloroethyl)glutathione,increases^mutagenesis
TP53,activates,1668,MESH:C065299,S-allylcysteine,increases^phosphorylation
TP53,activates,1668,MESH:C044363,sappanchalcone,increases^expression
TP53,activates,1668,MESH:C044363,sappanchalcone,increases^expression|increases^phosphorylation
TP53,activates,1668,MESH:C417521,SB 216763,increases^expression
TP53,activates,1668,MESH:C034734,schizandrin A,increases^expression
TP53,activates,1668,MESH:C034734,schizandrin A,affects^reaction|increases^expression
TP53,activates,1668,MESH:C499748,SCIO-469,increases^expression|increases^reaction
TP53,activates,1668,MESH:D012643,Selenium,affects^cotreatment|increases^expression
TP53,activates,1668,MESH:D012643,Selenium,increases^expression
TP53,activates,1668,MESH:D064588,Selenium Oxides,increases^expression
TP53,activates,1668,MESH:D012645,Selenomethionine,increases^expression|increases^reaction
TP53,activates,1668,MESH:D012645,Selenomethionine,increases^expression
TP53,activates,1668,MESH:C585161,selinexor,increases^expression
TP53,activates,1668,MESH:C585161,selinexor,affects^cotreatment|increases^expression
TP53,activates,1668,MESH:C009237,senecionine,increases^expression
TP53,activates,1668,MESH:D000077149,Sevoflurane,increases^expression
TP53,activates,1668,MESH:C016101,shikonin,increases^expression
TP53,activates,1668,MESH:D012822,Silicon Dioxide,affects^cotreatment|increases^expression
TP53,activates,1668,MESH:D012822,Silicon Dioxide,increases^expression
TP53,activates,1668,MESH:D012822,Silicon Dioxide,affects^binding|increases^reaction
TP53,activates,1668,MESH:D012822,Silicon Dioxide,affects^localization|increases^acetylation|increases^phosphorylation
TP53,activates,1668,MESH:D012834,Silver,increases^expression
TP53,activates,1668,MESH:D012834,Silver,affects^reaction|increases^expression
TP53,activates,1668,MESH:D018030,Silver Compounds,increases^expression
TP53,activates,1668,MESH:D018030,Silver Compounds,increases^expression|increases^response to substance
TP53,activates,1668,MESH:D000077385,Silybin,increases^phosphorylation
TP53,activates,1668,MESH:D000077385,Silybin,increases^expression
TP53,activates,1668,MESH:D019821,Simvastatin,increases^phosphorylation
TP53,activates,1668,MESH:D019821,Simvastatin,affects^binding|increases^reaction
TP53,activates,1668,MESH:D019821,Simvastatin,increases^expression
TP53,activates,1668,MESH:D019821,Simvastatin,increases^expression|increases^phosphorylation
TP53,activates,1668,MESH:D020123,Sirolimus,increases^expression|increases^reaction
TP53,activates,1668,MESH:C439060,sirtinol,increases^expression|increases^phosphorylation|increases^reaction
TP53,activates,1668,MESH:C439060,sirtinol,increases^expression|increases^reaction
TP53,activates,1668,MESH:D012862,Skatole,affects^localization|increases^phosphorylation
TP53,activates,1668,MESH:D012906,Smoke,increases^expression|increases^response to substance
TP53,activates,1668,MESH:D012906,Smoke,increases^activity
TP53,activates,1668,MESH:D012906,Smoke,increases^phosphorylation
TP53,activates,1668,MESH:D012906,Smoke,increases^abundance|increases^expression|increases^response to substance
TP53,activates,1668,MESH:D012906,Smoke,increases^expression
TP53,activates,1668,MESH:D026423,S-Nitroso-N-Acetylpenicillamine,increases^expression|increases^reaction
TP53,activates,1668,MESH:C017947,sodium arsenite,increases^ribosylation
TP53,activates,1668,MESH:C017947,sodium arsenite,affects^binding|increases^reaction
TP53,activates,1668,MESH:C017947,sodium arsenite,affects^binding|affects^cotreatment|increases^reaction
TP53,activates,1668,MESH:C017947,sodium arsenite,increases^expression
TP53,activates,1668,MESH:C017947,sodium arsenite,affects^reaction|increases^expression|increases^stability
TP53,activates,1668,MESH:C017947,sodium arsenite,increases^phosphorylation|increases^reaction
TP53,activates,1668,MESH:C017947,sodium arsenite,affects^reaction|increases^response to substance
TP53,activates,1668,MESH:C017947,sodium arsenite,increases^expression|increases^reaction
TP53,activates,1668,MESH:C017947,sodium arsenite,affects^localization|increases^reaction
TP53,activates,1668,MESH:C017947,sodium arsenite,increases^expression|increases^stability
TP53,activates,1668,MESH:C017947,sodium arsenite,increases^abundance|increases^expression
TP53,activates,1668,MESH:C017947,sodium arsenite,affects^localization|increases^expression
TP53,activates,1668,MESH:C017947,sodium arsenite,affects^cotreatment|increases^phosphorylation
TP53,activates,1668,MESH:C017947,sodium arsenite,increases^phosphorylation
TP53,activates,1668,MESH:C017947,sodium arsenite,increases^acetylation|increases^phosphorylation
TP53,activates,1668,MESH:C017947,sodium arsenite,affects^reaction|increases^expression
TP53,activates,1668,MESH:C017947,sodium arsenite,increases^activity
TP53,activates,1668,MESH:C017947,sodium arsenite,increases^methylation
TP53,activates,1668,MESH:C016104,sodium bichromate,increases^abundance|increases^activity|increases^reaction
TP53,activates,1668,MESH:C016104,sodium bichromate,increases^abundance|increases^activity
TP53,activates,1668,MESH:C016104,sodium bichromate,increases^expression|increases^reaction
TP53,activates,1668,MESH:C016104,sodium bichromate,increases^expression
TP53,activates,1668,MESH:C016104,sodium bichromate,increases^phosphorylation
TP53,activates,1668,MESH:D012965,Sodium Chloride,increases^expression
TP53,activates,1668,MESH:C028982,sodium chromate(VI),increases^expression
TP53,activates,1668,MESH:D012969,Sodium Fluoride,increases^expression
TP53,activates,1668,MESH:D018038,Sodium Selenite,increases^phosphorylation
TP53,activates,1668,MESH:D000077157,Sorafenib,increases^phosphorylation|increases^reaction
TP53,activates,1668,MESH:C091861,spermine nitric oxide complex,increases^phosphorylation
TP53,activates,1668,MESH:C525423,SRT2183,affects^cotreatment|increases^acetylation
TP53,activates,1668,MESH:C530804,"S,S'-1,4-phenylenebis(1,2-ethanediyl)bisisoselenourea",increases^expression
TP53,activates,1668,MESH:D019311,Staurosporine,increases^activity|increases^localization|increases^phosphorylation|increases^reaction
TP53,activates,1668,MESH:D013267,Stilbenes,increases^expression
TP53,activates,1668,MESH:D013467,Sulindac,increases^abundance|increases^activity
TP53,activates,1668,MESH:D013467,Sulindac,increases^expression
TP53,activates,1668,MESH:C473643,sulphoraphene,affects^localization|increases^expression
TP53,activates,1668,MESH:C001945,syringic acid,increases^expression
TP53,activates,1668,MESH:C028305,syringin,increases^expression
TP53,activates,1668,MESH:D013605,T-2 Toxin,increases^expression
TP53,activates,1668,MESH:D013629,Tamoxifen,increases^response to substance
TP53,activates,1668,MESH:D013629,Tamoxifen,affects^cotreatment|increases^expression
TP53,activates,1668,MESH:D013629,Tamoxifen,increases^expression
TP53,activates,1668,MESH:D013629,Tamoxifen,increases^expression|increases^reaction
TP53,activates,1668,MESH:C021751,tanshinone,increases^expression
TP53,activates,1668,MESH:C571873,taoren-honghua,increases^expression
TP53,activates,1668,MESH:C508490,TDP 521252,increases^stability
TP53,activates,1668,MESH:C508491,TDP 665759,increases^stability
TP53,activates,1668,MESH:D013662,Tea,increases^expression|increases^reaction
TP53,activates,1668,MESH:D013662,Tea,increases^expression
TP53,activates,1668,MESH:D000077204,Temozolomide,affects^cotreatment|increases^response to substance
TP53,activates,1668,MESH:D000077204,Temozolomide,increases^expression|increases^reaction
TP53,activates,1668,MESH:D000077204,Temozolomide,increases^expression
TP53,activates,1668,MESH:D000077204,Temozolomide,affects^cotreatment|increases^expression
TP53,activates,1668,MESH:D000077204,Temozolomide,increases^response to substance
TP53,activates,1668,MESH:D000077204,Temozolomide,affects^binding|increases^reaction
TP53,activates,1668,MESH:C001803,tempol,increases^expression
TP53,activates,1668,MESH:D000068698,Tenofovir,increases^expression
TP53,activates,1668,MESH:D000068698,Tenofovir,affects^cotreatment|increases^expression
TP53,activates,1668,MESH:D016593,Terfenadine,increases^expression
TP53,activates,1668,MESH:C527525,teriflunomide,increases^expression
TP53,activates,1668,MESH:C028786,teroxirone,increases^expression
TP53,activates,1668,MESH:C028786,teroxirone,increases^cleavage|increases^response to substance
TP53,activates,1668,MESH:C028786,teroxirone,increases^response to substance
TP53,activates,1668,MESH:D020122,tert-Butylhydroperoxide,affects^cotreatment|increases^expression
TP53,activates,1668,MESH:D020122,tert-Butylhydroperoxide,increases^expression
TP53,activates,1668,MESH:D020122,tert-Butylhydroperoxide,increases^glutathionylation
TP53,activates,1668,MESH:D013739,Testosterone,affects^cotreatment|increases^expression
TP53,activates,1668,MESH:C534735,tetraarsenic tetrasulfide,increases^expression
TP53,activates,1668,MESH:C534735,tetraarsenic tetrasulfide,increases^expression|increases^reaction
TP53,activates,1668,MESH:C000591600,tetrachlorobenzoquinone,increases^response to substance
TP53,activates,1668,MESH:C000591600,tetrachlorobenzoquinone,increases^expression|increases^phosphorylation
TP53,activates,1668,MESH:C000591600,tetrachlorobenzoquinone,increases^expression|increases^reaction
TP53,activates,1668,MESH:D013749,Tetrachlorodibenzodioxin,affects^localization|increases^expression|increases^reaction
TP53,activates,1668,MESH:D013749,Tetrachlorodibenzodioxin,increases^expression|increases^reaction
TP53,activates,1668,MESH:D013749,Tetrachlorodibenzodioxin,affects^reaction|increases^expression|increases^reaction
TP53,activates,1668,MESH:D013750,Tetrachloroethylene,increases^expression
TP53,activates,1668,MESH:D013755,Tetradecanoylphorbol Acetate,increases^activity
TP53,activates,1668,MESH:D013755,Tetradecanoylphorbol Acetate,increases^phosphorylation
TP53,activates,1668,MESH:C020809,tetrathiomolybdate,increases^phosphorylation
TP53,activates,1668,MESH:D013792,Thalidomide,increases^expression
TP53,activates,1668,MESH:D013806,Theophylline,affects^cotreatment|increases^expression
TP53,activates,1668,MESH:C523062,thio-dimethylarsinate,increases^expression
TP53,activates,1668,MESH:D013866,Thioguanine,increases^activity
TP53,activates,1668,MESH:C003466,thymoquinone,increases^expression
TP53,activates,1668,MESH:D000077704,Tirapazamine,increases^response to substance
TP53,activates,1668,MESH:D000077704,Tirapazamine,increases^expression
TP53,activates,1668,MESH:C009495,titanium dioxide,increases^expression
TP53,activates,1668,MESH:C009495,titanium dioxide,increases^phosphorylation
TP53,activates,1668,MESH:C009495,titanium dioxide,affects^binding|increases^expression
TP53,activates,1668,MESH:D014028,Tobacco Smoke Pollution,increases^expression
TP53,activates,1668,MESH:D014028,Tobacco Smoke Pollution,increases^mutagenesis
TP53,activates,1668,MESH:D024505,Tocopherols,increases^activity
TP53,activates,1668,MESH:D014050,Toluene,increases^phosphorylation
TP53,activates,1668,MESH:C454646,tomentosin,increases^expression
TP53,activates,1668,MESH:C454646,tomentosin,increases^expression|increases^phosphorylation
TP53,activates,1668,MESH:D019772,Topotecan,increases^phosphorylation
TP53,activates,1668,MESH:D019772,Topotecan,increases^expression
TP53,activates,1668,MESH:D019772,Topotecan,affects^binding|increases^reaction
TP53,activates,1668,MESH:D019772,Topotecan,affects^cotreatment|increases^expression
TP53,activates,1668,MESH:D019772,Topotecan,affects^cotreatment|increases^expression|increases^reaction
TP53,activates,1668,MESH:D019772,Topotecan,affects^cotreatment|increases^phosphorylation
TP53,activates,1668,MESH:D019772,Topotecan,increases^response to substance
TP53,activates,1668,MESH:D019772,Topotecan,affects^cotreatment|increases^cleavage|increases^reaction
TP53,activates,1668,MESH:D019772,Topotecan,affects^binding|affects^cotreatment|increases^reaction
TP53,activates,1668,MESH:D019772,Topotecan,increases^activity
TP53,activates,1668,MESH:D014108,Tosylphenylalanyl Chloromethyl Ketone,increases^response to substance
TP53,activates,1668,MESH:D014108,Tosylphenylalanyl Chloromethyl Ketone,increases^activity|increases^reaction
TP53,activates,1668,MESH:C496197,"trans-10,cis-12-conjugated linoleic acid",affects^localization|increases^phosphorylation
TP53,activates,1668,MESH:D014212,Tretinoin,increases^degradation|increases^ubiquitination
TP53,activates,1668,MESH:D014212,Tretinoin,increases^expression
TP53,activates,1668,MESH:D014212,Tretinoin,increases^activity
TP53,activates,1668,MESH:C072782,tri-(2-chloroisopropyl)phosphate,increases^expression
TP53,activates,1668,MESH:C015008,triazolopyrimidinone,increases^expression
TP53,activates,1668,MESH:C011559,tributyltin,increases^expression
TP53,activates,1668,MESH:D014236,Trichlorfon,increases^expression
TP53,activates,1668,MESH:D014241,Trichloroethylene,increases^expression
TP53,activates,1668,MESH:C012589,trichostatin A,increases^expression
TP53,activates,1668,MESH:C012589,trichostatin A,affects^reaction|increases^expression
TP53,activates,1668,MESH:C012589,trichostatin A,increases^expression|increases^reaction
TP53,activates,1668,MESH:C012589,trichostatin A,increases^acetylation|increases^activity
TP53,activates,1668,MESH:C012589,trichostatin A,increases^acetylation|increases^expression
TP53,activates,1668,MESH:C012589,trichostatin A,increases^response to substance
TP53,activates,1668,MESH:C012589,trichostatin A,affects^cotreatment|increases^expression
TP53,activates,1668,MESH:C012589,trichostatin A,increases^acetylation|increases^expression|increases^reaction
TP53,activates,1668,MESH:D014266,Trientine,increases^activity|increases^expression
TP53,activates,1668,MESH:D014266,Trientine,increases^phosphorylation|increases^reaction
TP53,activates,1668,MESH:D014266,Trientine,increases^phosphorylation
TP53,activates,1668,MESH:C009475,trimethylenediamine,affects^binding|increases^expression
TP53,activates,1668,MESH:C040533,trimethyltin chloride,increases^expression|increases^reaction
TP53,activates,1668,MESH:C068051,tripchlorolide,increases^expression
TP53,activates,1668,MESH:C005445,triphenyl phosphate,increases^expression
TP53,activates,1668,MESH:C030665,triphenyltin,increases^expression
TP53,activates,1668,MESH:C001899,triptolide,affects^localization|increases^expression
TP53,activates,1668,MESH:C001899,triptolide,affects^reaction|increases^cleavage
TP53,activates,1668,MESH:C001899,triptolide,increases^acetylation|increases^phosphorylation
TP53,activates,1668,MESH:D000077288,Troglitazone,increases^expression
TP53,activates,1668,MESH:D000077288,Troglitazone,increases^expression|increases^reaction
TP53,activates,1668,MESH:D000077288,Troglitazone,increases^response to substance
TP53,activates,1668,MESH:C000721052,tubocapsenolide A,increases^degradation
TP53,activates,1668,MESH:C002802,tungsten carbide,affects^cotreatment|increases^expression|increases^stability
TP53,activates,1668,MESH:D014415,Tunicamycin,increases^degradation|increases^reaction
TP53,activates,1668,MESH:D014415,Tunicamycin,increases^expression
TP53,activates,1668,MESH:C113580,U 0126,increases^expression
TP53,activates,1668,MESH:C113580,U 0126,affects^cotreatment|increases^expression
TP53,activates,1668,MESH:C000602704,UF010 compound,increases^expression|increases^reaction
TP53,activates,1668,MESH:C000602704,UF010 compound,increases^acetylation|increases^expression|increases^reaction
TP53,activates,1668,MESH:C000602704,UF010 compound,increases^expression
TP53,activates,1668,MESH:D014580,Ursodeoxycholic Acid,increases^ubiquitination
TP53,activates,1668,MESH:C073339,usnic acid,increases^expression
TP53,activates,1668,MESH:D014635,Valproic Acid,affects^cotreatment|increases^expression
TP53,activates,1668,MESH:D014635,Valproic Acid,increases^methylation
TP53,activates,1668,MESH:D014635,Valproic Acid,increases^expression
TP53,activates,1668,MESH:D014639,Vanadium,increases^activity
TP53,activates,1668,MESH:D017968,Vanadium Compounds,increases^expression|increases^phosphorylation
TP53,activates,1668,MESH:C581824,vanadium dioxide,increases^expression
TP53,activates,1668,MESH:D001335,Vehicle Emissions,increases^expression
TP53,activates,1668,MESH:D001335,Vehicle Emissions,increases^abundance|increases^expression
TP53,activates,1668,MESH:C521013,veliparib,increases^phosphorylation
TP53,activates,1668,MESH:C029826,versicolorin A,increases^phosphorylation
TP53,activates,1668,MESH:D014747,Vinblastine,affects^reaction|increases^phosphorylation
TP53,activates,1668,MESH:D014750,Vincristine,increases^expression
TP53,activates,1668,MESH:D014750,Vincristine,increases^activity
TP53,activates,1668,MESH:D014750,Vincristine,increases^glutathionylation
TP53,activates,1668,MESH:D014750,Vincristine,increases^response to substance
TP53,activates,1668,MESH:D014752,Vinyl Chloride,increases^expression
TP53,activates,1668,MESH:D014752,Vinyl Chloride,increases^mutagenesis|increases^reaction
TP53,activates,1668,MESH:D014752,Vinyl Chloride,affects^mutagenesis|increases^reaction
TP53,activates,1668,MESH:D014752,Vinyl Chloride,increases^response to substance
TP53,activates,1668,MESH:D014752,Vinyl Chloride,increases^mutagenesis
TP53,activates,1668,MESH:D014757,Viper Venoms,affects^localization|increases^expression
TP53,activates,1668,MESH:D014807,Vitamin D,increases^expression
TP53,activates,1668,MESH:D014810,Vitamin E,affects^cotreatment|increases^expression
TP53,activates,1668,MESH:D014810,Vitamin E,increases^expression
TP53,activates,1668,MESH:D024483,Vitamin K 3,increases^expression
TP53,activates,1668,MESH:D024483,Vitamin K 3,affects^cotreatment|increases^phosphorylation
TP53,activates,1668,MESH:D000077337,Vorinostat,affects^cotreatment|increases^expression
TP53,activates,1668,MESH:D000077337,Vorinostat,increases^activity
TP53,activates,1668,MESH:D000077337,Vorinostat,increases^expression
TP53,activates,1668,MESH:D000077337,Vorinostat,increases^acetylation|increases^reaction
TP53,activates,1668,MESH:D000077337,Vorinostat,increases^acetylation
TP53,activates,1668,MESH:D000077337,Vorinostat,affects^binding|increases^reaction
TP53,activates,1668,MESH:D014859,Warfarin,increases^degradation
TP53,activates,1668,MESH:D014873,Water Pollutants,increases^abundance|increases^expression
TP53,activates,1668,MESH:C009684,withaferin A,increases^expression
TP53,activates,1668,MESH:C560597,withanone,increases^expression
TP53,activates,1668,MESH:C085514,wogonin,increases^expression
TP53,activates,1668,MESH:D000077191,Wortmannin,increases^expression|increases^phosphorylation|increases^reaction
TP53,activates,1668,MESH:C451735,WP 744,increases^expression
TP53,activates,1668,MESH:C022186,xanthatin,increases^response to substance
TP53,activates,1668,MESH:C104536,xanthohumol,increases^expression
TP53,activates,1668,MESH:C118180,XK 469,increases^expression
TP53,activates,1668,MESH:C108830,Y 27632,increases^expression
TP53,activates,1668,MESH:C579032,yangzheng xiaoji,increases^expression
TP53,activates,1668,MESH:D015025,Zearalenone,affects^cotreatment|increases^expression|increases^reaction
TP53,activates,1668,MESH:D015025,Zearalenone,increases^expression
TP53,activates,1668,MESH:C105427,Zeocin,increases^expression|increases^stability
TP53,activates,1668,MESH:D015215,Zidovudine,increases^expression
TP53,activates,1668,MESH:D015032,Zinc,increases^expression
TP53,activates,1668,MESH:D015032,Zinc,increases^response to substance
TP53,activates,1668,MESH:D015032,Zinc,increases^abundance|increases^reaction
TP53,activates,1668,MESH:D017967,Zinc Compounds,increases^expression
TP53,activates,1668,MESH:D015034,Zinc Oxide,increases^expression|increases^phosphorylation
TP53,activates,1668,MESH:D019287,Zinc Sulfate,increases^expression|increases^phosphorylation
TP53,activates,1668,MESH:C484848,ziyuglycoside I,affects^reaction|increases^activity
TP53,activates,1668,MESH:C484848,ziyuglycoside I,affects^reaction|increases^expression
TP53,activates,1668,MESH:C484848,ziyuglycoside I,increases^expression
TP53,activates,1668,MESH:C484848,ziyuglycoside I,increases^acetylation|increases^phosphorylation
TP53,activates,1668,MESH:C000588918,ziyuglycoside II,increases^phosphorylation
TP53,activates,1668,MESH:D000077211,Zoledronic Acid,increases^expression
TP53,binds,20,MESH:C006757,4-biphenylamine,affects^binding
TP53,binds,20,MESH:D015123,"7,8-Dihydro-7,8-dihydroxybenzo(a)pyrene 9,10-oxide",affects^binding
TP53,binds,20,MESH:D000171,Acrolein,affects^binding
TP53,binds,20,MESH:C006680,baicalein,affects^binding
TP53,binds,20,MESH:C074702,chromium hexavalent ion,affects^binding
TP53,binds,20,MESH:C065087,di-n-butylphosphoric acid,affects^binding
TP53,binds,20,MESH:D008466,Mechlorethamine,affects^binding
TP53,binds,20,MESH:D012265,Ribonucleotides,affects^binding
TP53,binds,20,MESH:C000591600,tetrachlorobenzoquinone,affects^binding|affects^reaction
TP53,binds,20,MESH:C072782,tri-(2-chloroisopropyl)phosphate,affects^binding
TP53,binds,20,MESH:C009549,triethyl phosphate,affects^binding
TP53,binds,20,MESH:C011560,triisopropyl phosphate,affects^binding
TP53,binds,20,MESH:C003715,trimethyl phosphate,affects^binding
TP53,binds,20,MESH:C005445,triphenyl phosphate,affects^binding
TP53,binds,20,MESH:C001899,triptolide,affects^binding|affects^reaction
TP53,binds,20,MESH:C049232,tris(2-ethylhexyl)phosphate,affects^binding
TP53,binds,20,MESH:C031324,tris(chloroethyl)phosphate,affects^binding
TP53,binds,20,MESH:D014317,Tritolyl Phosphates,affects^binding
TP53,binds,20,MESH:C009684,withaferin A,affects^binding
TP53,binds,20,MESH:D015032,Zinc,affects^binding
TP53,inhibits,1172,MESH:C579148,"1,2-bis(isothiazol-5-yl)disulfane",decreases^expression
TP53,inhibits,1172,MESH:C044985,"1',2'-dihydrorotenone",decreases^expression|decreases^phosphorylation
TP53,inhibits,1172,MESH:C512968,"1,2-dioleoyl-3-phosphoethanolamine-n-(poly(ethyleneglycol))-hydroxy succinamide",affects^binding|affects^cotreatment|decreases^expression
TP53,inhibits,1172,MESH:C010942,"1,2-distearoyllecithin",affects^binding|affects^cotreatment|decreases^expression
TP53,inhibits,1172,MESH:C519184,"1,2-distearoyl-sn-glycero-3-phosphoethanolamine-N-methoxy-poly(ethylene glycol 2000)",affects^binding|affects^cotreatment|decreases^expression
TP53,inhibits,1172,MESH:C517214,12-hydroxyellipticine,decreases^chemical synthesis
TP53,inhibits,1172,MESH:C517215,13-hydroxyellipticine,decreases^chemical synthesis
TP53,inhibits,1172,MESH:C406982,"1,8-diazafluoren-one",decreases^activity|decreases^reaction|increases^expression
TP53,inhibits,1172,MESH:C042533,1 alpha-hydroxyergocalciferol,decreases^phosphorylation
TP53,inhibits,1172,MESH:C105351,"1-hydroxy-2-oxo-3,3-bis(2-aminoethyl)-1-triazene",decreases^degradation|increases^activity|increases^phosphorylation
TP53,inhibits,1172,MESH:D015655,1-Methyl-4-phenylpyridinium,decreases^reaction|increases^expression
TP53,inhibits,1172,MESH:D015655,1-Methyl-4-phenylpyridinium,decreases^expression
TP53,inhibits,1172,MESH:C032668,1-nitropyrene,decreases^response to substance|increases^expression|increases^response to substance
TP53,inhibits,1172,MESH:C032668,1-nitropyrene,decreases^response to substance|increases^activity
TP53,inhibits,1172,MESH:C032668,1-nitropyrene,decreases^response to substance|increases^expression
TP53,inhibits,1172,MESH:C032668,1-nitropyrene,affects^binding|decreases^response to substance|increases^activity|increases^expression
TP53,inhibits,1172,MESH:C000657144,"(1R,3S,3aR,8bS)-3a-(4-Bromophenyl)-6,8-dimethoxy-3-phenyl-2,3,3a,8b-tetrahydro-1H-cyclopenta(b)benzofuran-1,8b-diol",decreases^expression
TP53,inhibits,1172,MESH:C546193,"2-(2,6-dimethylmorpholin-4-yl)-N-(5-(6-morpholin-4-yl-4-oxo-4H-pyran-2-yl)-9H-thioxanthen-2-yl)acetamide",decreases^reaction|increases^expression
TP53,inhibits,1172,MESH:C093973,2-(2-amino-3-methoxyphenyl)-4H-1-benzopyran-4-one,decreases^reaction|increases^phosphorylation
TP53,inhibits,1172,MESH:C093973,2-(2-amino-3-methoxyphenyl)-4H-1-benzopyran-4-one,decreases^reaction|increases^activity|increases^phosphorylation
TP53,inhibits,1172,MESH:C093973,2-(2-amino-3-methoxyphenyl)-4H-1-benzopyran-4-one,affects^localization|decreases^reaction
TP53,inhibits,1172,MESH:C093973,2-(2-amino-3-methoxyphenyl)-4H-1-benzopyran-4-one,decreases^reaction|increases^expression
TP53,inhibits,1172,MESH:C093973,2-(2-amino-3-methoxyphenyl)-4H-1-benzopyran-4-one,affects^binding|decreases^reaction|increases^reaction
TP53,inhibits,1172,MESH:C046728,"2,2'-azobis(2-amidinopropane)",decreases^reaction|increases^phosphorylation|increases^reaction
TP53,inhibits,1172,MESH:C046728,"2,2'-azobis(2-amidinopropane)",decreases^reaction|increases^phosphorylation
TP53,inhibits,1172,MESH:C451219,"2,2-bis(hydroxymethyl)-1-azabicyclo(2,2,2,)octan-3-one",affects^binding|decreases^reaction
TP53,inhibits,1172,MESH:C587734,"2,3,5-trichloro-6-phenyl-(1,4)benzoquinone",decreases^expression|increases^reaction
TP53,inhibits,1172,MESH:C587734,"2,3,5-trichloro-6-phenyl-(1,4)benzoquinone",decreases^reaction|increases^expression
TP53,inhibits,1172,MESH:C416653,2-(3'-methoxyphenyl)-6-pyrrolidinyl-4-quinazolinone,decreases^reaction|increases^phosphorylation
TP53,inhibits,1172,MESH:C061282,2-(4-(2-carboxyethyl)phenethylamino)-5'-N-ethylcarboxamidoadenosine,decreases^reaction|increases^phosphorylation
TP53,inhibits,1172,MESH:C440850,"2,4,3',5'-tetramethoxystilbene",decreases^reaction|increases^expression|increases^metabolic processing
TP53,inhibits,1172,MESH:C081766,"2,4,4'-trichlorobiphenyl",decreases^reaction|increases^expression
TP53,inhibits,1172,MESH:C014024,"2,4,5,2',4',5'-hexachlorobiphenyl",affects^localization|decreases^reaction|increases^reaction
TP53,inhibits,1172,MESH:C009828,"2,4,5,2',5'-pentachlorobiphenyl",decreases^expression
TP53,inhibits,1172,MESH:C009828,"2,4,5,2',5'-pentachlorobiphenyl",decreases^reaction|increases^expression
TP53,inhibits,1172,MESH:C529061,"2-(4,5-dihydro-1,3-thiazol-2-ylthio)-1-(3,4-dihydroxyphenyl)ethanone",affects^binding|decreases^reaction
TP53,inhibits,1172,MESH:C057349,"2,4-decadienal",decreases^expression
TP53,inhibits,1172,MESH:C085911,2-(4-morpholinyl)-8-phenyl-4H-1-benzopyran-4-one,decreases^reaction|increases^expression
TP53,inhibits,1172,MESH:C085911,2-(4-morpholinyl)-8-phenyl-4H-1-benzopyran-4-one,decreases^expression|decreases^reaction
TP53,inhibits,1172,MESH:C085911,2-(4-morpholinyl)-8-phenyl-4H-1-benzopyran-4-one,decreases^expression|decreases^phosphorylation
TP53,inhibits,1172,MESH:C085911,2-(4-morpholinyl)-8-phenyl-4H-1-benzopyran-4-one,decreases^reaction|increases^expression|increases^phosphorylation
TP53,inhibits,1172,MESH:C085911,2-(4-morpholinyl)-8-phenyl-4H-1-benzopyran-4-one,decreases^reaction|increases^phosphorylation
TP53,inhibits,1172,MESH:C117776,"2,5-diaziridinyl-3-(hydroxymethyl)-6-methyl-1,4-benzoquinone",decreases^reaction|increases^expression
TP53,inhibits,1172,MESH:C437043,2-butylamino-2-demethoxy-hypocrellin B,decreases^reaction|increases^expression
TP53,inhibits,1172,MESH:C031278,2-chloroethyl ethyl sulfide,decreases^reaction|increases^phosphorylation
TP53,inhibits,1172,MESH:C576975,"2-hydroxy-3',5,5'-trimethoxychalcone",decreases^reaction|increases^expression
TP53,inhibits,1172,MESH:C511621,2-methyl-2H-pyrazole-3-carboxylic acid (2-methyl-4-o-tolylazophenyl)amide,decreases^reaction|increases^expression
TP53,inhibits,1172,MESH:C511621,2-methyl-2H-pyrazole-3-carboxylic acid (2-methyl-4-o-tolylazophenyl)amide,decreases^reaction|increases^abundance|increases^expression
TP53,inhibits,1172,MESH:C511621,2-methyl-2H-pyrazole-3-carboxylic acid (2-methyl-4-o-tolylazophenyl)amide,decreases^response to substance|increases^expression
TP53,inhibits,1172,MESH:C495818,2-morpholin-4-yl-6-thianthren-1-yl-pyran-4-one,decreases^reaction|increases^activity|increases^phosphorylation
TP53,inhibits,1172,MESH:C495818,2-morpholin-4-yl-6-thianthren-1-yl-pyran-4-one,decreases^reaction|increases^phosphorylation|increases^reaction
TP53,inhibits,1172,MESH:C495818,2-morpholin-4-yl-6-thianthren-1-yl-pyran-4-one,decreases^reaction|increases^phosphorylation
TP53,inhibits,1172,MESH:C495818,2-morpholin-4-yl-6-thianthren-1-yl-pyran-4-one,decreases^reaction|increases^expression|increases^phosphorylation
TP53,inhibits,1172,MESH:C495818,2-morpholin-4-yl-6-thianthren-1-yl-pyran-4-one,decreases^phosphorylation
TP53,inhibits,1172,MESH:C495818,2-morpholin-4-yl-6-thianthren-1-yl-pyran-4-one,decreases^reaction|increases^expression
TP53,inhibits,1172,MESH:D015081,2-Naphthylamine,decreases^expression
TP53,inhibits,1172,MESH:C079391,"2-phenyl-4,4,5,5-tetramethylimidazoline-1-oxyl-3-oxide",decreases^reaction|increases^expression
TP53,inhibits,1172,MESH:C004369,2-phenylphenol,affects^cotreatment|decreases^reaction|increases^mutagenesis
TP53,inhibits,1172,MESH:C018855,2-tert-butylhydroquinone,decreases^reaction|increases^expression
TP53,inhibits,1172,MESH:C054649,"3-(2-hydroxy-4-(1,1-dimethylheptyl)phenyl)-4-(3-hydroxypropyl)cyclohexanol",decreases^reaction|increases^expression
TP53,inhibits,1172,MESH:C016392,"3,3'-diindolylmethane",decreases^reaction|increases^phosphorylation
TP53,inhibits,1172,MESH:C023035,"3,4,5,3',4'-pentachlorobiphenyl",decreases^expression
TP53,inhibits,1172,MESH:C023035,"3,4,5,3',4'-pentachlorobiphenyl",decreases^reaction|increases^expression
TP53,inhibits,1172,MESH:C023035,"3,4,5,3',4'-pentachlorobiphenyl",decreases^reaction|increases^expression|increases^phosphorylation
TP53,inhibits,1172,MESH:C023035,"3,4,5,3',4'-pentachlorobiphenyl",affects^localization|decreases^reaction
TP53,inhibits,1172,MESH:C045421,"3,4,8-trimethylimidazo(4,5-f)quinoxalin-2-amine",decreases^expression
TP53,inhibits,1172,MESH:C501634,"3-(4-chlorophenyl)-3-(4-hydroxy-3,5-dimethoxybenzyloxy)-2-propyl-2,3-dihydroisoindol-1-one",affects^binding|decreases^activity
TP53,inhibits,1172,MESH:C478100,"3,4-di-O-caffeoylquinic acid",decreases^expression
TP53,inhibits,1172,MESH:C434003,3-(4-methylphenylsulfonyl)-2-propenenitrile,decreases^phosphorylation|decreases^reaction
TP53,inhibits,1172,MESH:C000590771,3-((6-(2-methoxyphenyl)pyrimidin-4-yl)amino)phenyl)methane sulfonamide,decreases^expression
TP53,inhibits,1172,MESH:C025160,3-aminobenzamide,decreases^reaction|increases^expression
TP53,inhibits,1172,MESH:C025160,3-aminobenzamide,decreases^reaction|increases^activity|increases^phosphorylation
TP53,inhibits,1172,MESH:D020155,3-Hydroxybutyric Acid,decreases^reaction|increases^acetylation
TP53,inhibits,1172,MESH:C091768,3'-methoxy-4'-nitroflavone,decreases^expression|decreases^reaction
TP53,inhibits,1172,MESH:C025946,3-methyladenine,decreases^reaction|increases^expression
TP53,inhibits,1172,MESH:C025946,3-methyladenine,affects^cotreatment|decreases^reaction|increases^activity
TP53,inhibits,1172,MESH:C025946,3-methyladenine,decreases^reaction|increases^phosphorylation
TP53,inhibits,1172,MESH:C441128,"3-N-1(spermine)-7, 24-dihydroxy-5-cholestane 24-sulfate",affects^cotreatment|decreases^reaction|increases^expression
TP53,inhibits,1172,MESH:C117220,3-nitrobenzanthrone,decreases^expression
TP53,inhibits,1172,MESH:C584509,"4-(4-((5-(4,5-dimethyl-2-nitrophenyl)-2-furanyl)methylene)-4,5-dihydro-3-methyl-5-oxo-1H-pyrazol-1-yl)benzoic acid",decreases^expression
TP53,inhibits,1172,MESH:D017878,"4,4'-Diisothiocyanostilbene-2,2'-Disulfonic Acid",decreases^reaction|increases^expression
TP53,inhibits,1172,MESH:C090942,4-(4-fluorophenyl)-2-(4-hydroxyphenyl)-5-(4-pyridyl)imidazole,decreases^reaction|increases^expression
TP53,inhibits,1172,MESH:C090942,4-(4-fluorophenyl)-2-(4-hydroxyphenyl)-5-(4-pyridyl)imidazole,decreases^phosphorylation
TP53,inhibits,1172,MESH:C090942,4-(4-fluorophenyl)-2-(4-hydroxyphenyl)-5-(4-pyridyl)imidazole,decreases^reaction|increases^phosphorylation
TP53,inhibits,1172,MESH:C119130,4-(5-(4-chlorophenyl)-3-(trifluoromethyl)-1H-pyrazol-1-yl)benzenesulfonamide,decreases^expression|decreases^reaction
TP53,inhibits,1172,MESH:C119130,4-(5-(4-chlorophenyl)-3-(trifluoromethyl)-1H-pyrazol-1-yl)benzenesulfonamide,decreases^reaction|increases^abundance|increases^expression
TP53,inhibits,1172,MESH:C006757,4-biphenylamine,decreases^reaction|increases^expression
TP53,inhibits,1172,MESH:C006757,4-biphenylamine,decreases^expression
TP53,inhibits,1172,MESH:C006757,4-biphenylamine,decreases^expression|decreases^reaction
TP53,inhibits,1172,MESH:C065250,4-hydroxy-equilenin,decreases^expression
TP53,inhibits,1172,MESH:C016583,4-(N-methyl-N-nitrosamino)-1-(3-pyridyl)-1-butanone,decreases^expression|decreases^reaction
TP53,inhibits,1172,MESH:C016583,4-(N-methyl-N-nitrosamino)-1-(3-pyridyl)-1-butanone,decreases^reaction|increases^activity
TP53,inhibits,1172,MESH:C016583,4-(N-methyl-N-nitrosamino)-1-(3-pyridyl)-1-butanone,decreases^expression
TP53,inhibits,1172,MESH:C016583,4-(N-methyl-N-nitrosamino)-1-(3-pyridyl)-1-butanone,affects^localization|decreases^reaction
TP53,inhibits,1172,MESH:C080669,"5,7-dihydroxy-6-methoxy-2-phenylchromen-4-one",decreases^reaction|increases^expression
TP53,inhibits,1172,MESH:C098657,"5-amino-7-(2-phenylethyl)-2-(2-furyl)pyrazolo(4,3-e)-1,2,4-triazolo(1,5-c)pyrimidine",decreases^reaction|increases^phosphorylation
TP53,inhibits,1172,MESH:C000595015,"6,7-dimethoxy-2-(pyrrolidin-1-yl)-N-(5-(pyrrolidin-1-yl)pentyl)quinazolin-4-amine",decreases^methylation|increases^expression
TP53,inhibits,1172,MESH:C000595015,"6,7-dimethoxy-2-(pyrrolidin-1-yl)-N-(5-(pyrrolidin-1-yl)pentyl)quinazolin-4-amine",decreases^methylation
TP53,inhibits,1172,MESH:C550547,"6-chloro-2,3,4,9-tetrahydro-1H-carbazole-1-carboxamide",decreases^reaction|increases^acetylation
TP53,inhibits,1172,MESH:C580599,6-OH-BDE-47,decreases^expression
TP53,inhibits,1172,MESH:D015123,"7,8-Dihydro-7,8-dihydroxybenzo(a)pyrene 9,10-oxide",decreases^reaction|increases^activity|increases^expression|increases^localization|increases^phosphorylation
TP53,inhibits,1172,MESH:D015123,"7,8-Dihydro-7,8-dihydroxybenzo(a)pyrene 9,10-oxide",decreases^expression|increases^reaction
TP53,inhibits,1172,MESH:D015123,"7,8-Dihydro-7,8-dihydroxybenzo(a)pyrene 9,10-oxide",decreases^reaction|increases^expression
TP53,inhibits,1172,MESH:D015123,"7,8-Dihydro-7,8-dihydroxybenzo(a)pyrene 9,10-oxide",decreases^expression
TP53,inhibits,1172,MESH:C054852,7-hydroxystaurosporine,decreases^expression
TP53,inhibits,1172,MESH:C522803,7-monohydroxyethylrutoside,decreases^reaction|increases^expression
TP53,inhibits,1172,MESH:D015127,"9,10-Dimethyl-1,2-benzanthracene",decreases^reaction|increases^expression|increases^metabolic processing
TP53,inhibits,1172,MESH:D000082,Acetaminophen,decreases^expression
TP53,inhibits,1172,MESH:D019342,Acetic Acid,decreases^expression
TP53,inhibits,1172,MESH:D000111,Acetylcysteine,decreases^reaction|increases^expression|increases^phosphorylation
TP53,inhibits,1172,MESH:D000111,Acetylcysteine,decreases^expression|decreases^reaction
TP53,inhibits,1172,MESH:D000111,Acetylcysteine,decreases^reaction|increases^activity|increases^expression
TP53,inhibits,1172,MESH:D000111,Acetylcysteine,affects^cotreatment|decreases^reaction|increases^phosphorylation
TP53,inhibits,1172,MESH:D000111,Acetylcysteine,affects^cotreatment|decreases^expression|decreases^reaction
TP53,inhibits,1172,MESH:D000111,Acetylcysteine,affects^cotreatment|decreases^localization
TP53,inhibits,1172,MESH:D000111,Acetylcysteine,decreases^reaction|increases^glutathionylation
TP53,inhibits,1172,MESH:D000111,Acetylcysteine,affects^localization|decreases^reaction
TP53,inhibits,1172,MESH:D000111,Acetylcysteine,decreases^reaction|increases^phosphorylation
TP53,inhibits,1172,MESH:D000111,Acetylcysteine,decreases^reaction|increases^abundance
TP53,inhibits,1172,MESH:D000111,Acetylcysteine,decreases^activity
TP53,inhibits,1172,MESH:D000111,Acetylcysteine,decreases^reaction|increases^activity|increases^reaction
TP53,inhibits,1172,MESH:D000111,Acetylcysteine,decreases^reaction|increases^phosphorylation|increases^reaction
TP53,inhibits,1172,MESH:D000111,Acetylcysteine,affects^cotreatment|decreases^reaction|increases^expression
TP53,inhibits,1172,MESH:D000111,Acetylcysteine,decreases^reaction|increases^expression
TP53,inhibits,1172,MESH:D000171,Acrolein,decreases^activity
TP53,inhibits,1172,MESH:D000171,Acrolein,decreases^reaction|increases^activity
TP53,inhibits,1172,MESH:D000255,Adenosine Triphosphate,decreases^abundance|decreases^reaction
TP53,inhibits,1172,MESH:D016604,Aflatoxin B1,decreases^expression
TP53,inhibits,1172,MESH:C027955,aflatoxin G1,decreases^reaction|increases^expression
TP53,inhibits,1172,MESH:C412373,AG 1879,decreases^reaction|increases^expression
TP53,inhibits,1172,MESH:C031143,AICA ribonucleotide,affects^cotreatment|decreases^reaction|increases^expression
TP53,inhibits,1172,MESH:C031143,AICA ribonucleotide,decreases^reaction|increases^expression
TP53,inhibits,1172,MESH:D000393,Air Pollutants,decreases^reaction|increases^abundance|increases^expression
TP53,inhibits,1172,MESH:D000393,Air Pollutants,decreases^expression
TP53,inhibits,1172,MESH:D000393,Air Pollutants,decreases^methylation
TP53,inhibits,1172,MESH:D000395,"Air Pollutants, Occupational",decreases^expression
TP53,inhibits,1172,MESH:D000447,Aldehydes,decreases^expression
TP53,inhibits,1172,MESH:D000485,Allergens,decreases^expression
TP53,inhibits,1172,MESH:C011512,alpha-naphthoflavone,decreases^reaction|increases^expression|increases^metabolic processing
TP53,inhibits,1172,MESH:D024502,alpha-Tocopherol,decreases^reaction|increases^expression
TP53,inhibits,1172,MESH:C120793,alsterpaullone,decreases^degradation|increases^expression
TP53,inhibits,1172,MESH:C067527,aluminum maltolate,decreases^expression
TP53,inhibits,1172,MESH:C067527,aluminum maltolate,affects^reaction|decreases^reaction|increases^expression
TP53,inhibits,1172,MESH:C067527,aluminum maltolate,decreases^reaction|increases^expression
TP53,inhibits,1172,MESH:C077990,alvocidib,decreases^expression
TP53,inhibits,1172,MESH:D004999,Amifostine,decreases^phosphorylation|decreases^reaction|increases^reaction
TP53,inhibits,1172,MESH:D004999,Amifostine,decreases^phosphorylation|increases^reaction
TP53,inhibits,1172,MESH:D000638,Amiodarone,decreases^expression
TP53,inhibits,1172,MESH:C088115,anacardic acid,decreases^reaction|increases^acetylation|increases^reaction
TP53,inhibits,1172,MESH:C088115,anacardic acid,decreases^reaction|increases^acetylation|increases^expression
TP53,inhibits,1172,MESH:D000728,Androgens,decreases^reaction|increases^expression
TP53,inhibits,1172,MESH:D000074322,"Antineoplastic Agents, Immunological",affects^cotreatment|decreases^reaction|increases^expression
TP53,inhibits,1172,MESH:C102351,apicidin,decreases^expression
TP53,inhibits,1172,MESH:D001115,Arecoline,affects^cotreatment|decreases^activity|decreases^expression|increases^expression
TP53,inhibits,1172,MESH:C047981,arginyl-glycyl-aspartic acid,decreases^reaction|increases^phosphorylation
TP53,inhibits,1172,MESH:D034341,Aristolochic Acids,decreases^reaction|increases^phosphorylation
TP53,inhibits,1172,MESH:D001151,Arsenic,decreases^expression
TP53,inhibits,1172,MESH:D001151,Arsenic,decreases^methylation
TP53,inhibits,1172,MESH:D001151,Arsenic,decreases^phosphorylation
TP53,inhibits,1172,MESH:C058317,arsenic disulfide,decreases^expression|increases^expression
TP53,inhibits,1172,MESH:C050510,arsenic trichloride,affects^binding|decreases^reaction
TP53,inhibits,1172,MESH:D000077237,Arsenic Trioxide,decreases^reaction|increases^activity|increases^cleavage
TP53,inhibits,1172,MESH:D000077237,Arsenic Trioxide,decreases^expression|increases^reaction
TP53,inhibits,1172,MESH:D000077237,Arsenic Trioxide,decreases^expression|increases^abundance
TP53,inhibits,1172,MESH:D000077237,Arsenic Trioxide,decreases^expression|decreases^reaction
TP53,inhibits,1172,MESH:D000077237,Arsenic Trioxide,affects^cotreatment|decreases^reaction|increases^phosphorylation
TP53,inhibits,1172,MESH:D000077237,Arsenic Trioxide,decreases^response to substance
TP53,inhibits,1172,MESH:D000077237,Arsenic Trioxide,decreases^reaction|increases^expression
TP53,inhibits,1172,MESH:D000077237,Arsenic Trioxide,affects^binding|decreases^reaction
TP53,inhibits,1172,MESH:D000077237,Arsenic Trioxide,decreases^expression
TP53,inhibits,1172,MESH:C015001,arsenite,decreases^reaction|increases^activity
TP53,inhibits,1172,MESH:C015001,arsenite,decreases^reaction|increases^expression
TP53,inhibits,1172,MESH:C015001,arsenite,affects^reaction|decreases^phosphorylation
TP53,inhibits,1172,MESH:C015001,arsenite,decreases^phosphorylation
TP53,inhibits,1172,MESH:C015001,arsenite,affects^binding|decreases^reaction|increases^reaction
TP53,inhibits,1172,MESH:C015001,arsenite,decreases^expression|increases^reaction
TP53,inhibits,1172,MESH:C015001,arsenite,decreases^reaction|increases^activity|increases^localization|increases^phosphorylation
TP53,inhibits,1172,MESH:C015001,arsenite,affects^binding|decreases^reaction|decreases^stability|increases^activity|increases^degradation|increases^phosphorylation|increases^reaction
TP53,inhibits,1172,MESH:C015001,arsenite,decreases^expression|increases^abundance
TP53,inhibits,1172,MESH:C015001,arsenite,decreases^reaction|increases^cleavage
TP53,inhibits,1172,MESH:C039060,artenimol,decreases^reaction|increases^export
TP53,inhibits,1172,MESH:C039060,artenimol,decreases^reaction|increases^phosphorylation
TP53,inhibits,1172,MESH:D000077332,Artesunate,affects^binding|decreases^reaction
TP53,inhibits,1172,MESH:D017639,"Asbestos, Amosite",affects^localization|decreases^reaction
TP53,inhibits,1172,MESH:D017639,"Asbestos, Amosite",decreases^reaction|increases^expression
TP53,inhibits,1172,MESH:D017638,"Asbestos, Crocidolite",decreases^expression
TP53,inhibits,1172,MESH:D017638,"Asbestos, Crocidolite",decreases^expression|increases^phosphorylation
TP53,inhibits,1172,MESH:D017632,"Asbestos, Serpentine",decreases^reaction|increases^phosphorylation
TP53,inhibits,1172,MESH:D017632,"Asbestos, Serpentine",decreases^reaction|increases^expression
TP53,inhibits,1172,MESH:D001205,Ascorbic Acid,affects^cotreatment|decreases^expression|decreases^reaction
TP53,inhibits,1172,MESH:D001205,Ascorbic Acid,affects^cotreatment|decreases^expression
TP53,inhibits,1172,MESH:D001205,Ascorbic Acid,decreases^reaction|increases^phosphorylation
TP53,inhibits,1172,MESH:D001205,Ascorbic Acid,decreases^reaction|increases^expression
TP53,inhibits,1172,MESH:D001241,Aspirin,decreases^reaction|increases^expression
TP53,inhibits,1172,MESH:C099069,astilbin,decreases^reaction|increases^expression
TP53,inhibits,1172,MESH:C424804,atractylenolide I,decreases^reaction|increases^expression
TP53,inhibits,1172,MESH:C026304,atranorin,decreases^expression
TP53,inhibits,1172,MESH:D001280,Atrazine,decreases^expression
TP53,inhibits,1172,MESH:D001280,Atrazine,decreases^expression|decreases^reaction
TP53,inhibits,1172,MESH:D001285,Atropine,decreases^reaction|increases^expression
TP53,inhibits,1172,MESH:C040929,bafilomycin A1,affects^cotreatment|decreases^reaction|increases^activity
TP53,inhibits,1172,MESH:C006680,baicalein,decreases^reaction|increases^expression
TP53,inhibits,1172,MESH:C006680,baicalein,decreases^reaction|increases^acetylation
TP53,inhibits,1172,MESH:C006680,baicalein,decreases^reaction|increases^acetylation|increases^reaction
TP53,inhibits,1172,MESH:C002478,bathocuproine,affects^cotreatment|decreases^reaction|increases^mutagenesis
TP53,inhibits,1172,MESH:C028559,bathocuproine sulfonate,decreases^reaction|increases^abundance|increases^expression|increases^oxidation
TP53,inhibits,1172,MESH:C487081,belinostat,decreases^expression
TP53,inhibits,1172,MESH:D001548,Benzalkonium Compounds,decreases^expression
TP53,inhibits,1172,MESH:D001554,Benzene,decreases^expression
TP53,inhibits,1172,MESH:D001564,Benzo(a)pyrene,decreases^response to substance|increases^activity
TP53,inhibits,1172,MESH:D001564,Benzo(a)pyrene,decreases^reaction|increases^expression
TP53,inhibits,1172,MESH:D001564,Benzo(a)pyrene,decreases^reaction|increases^abundance|increases^expression
TP53,inhibits,1172,MESH:D001564,Benzo(a)pyrene,decreases^reaction|increases^expression|increases^phosphorylation
TP53,inhibits,1172,MESH:D001564,Benzo(a)pyrene,decreases^reaction|increases^activity
TP53,inhibits,1172,MESH:D001564,Benzo(a)pyrene,decreases^expression|increases^reaction
TP53,inhibits,1172,MESH:D001564,Benzo(a)pyrene,affects^localization|decreases^reaction|increases^reaction
TP53,inhibits,1172,MESH:D001564,Benzo(a)pyrene,decreases^reaction|increases^activity|increases^phosphorylation
TP53,inhibits,1172,MESH:D001564,Benzo(a)pyrene,affects^localization|decreases^reaction
TP53,inhibits,1172,MESH:D001564,Benzo(a)pyrene,decreases^abundance|decreases^reaction|increases^activity
TP53,inhibits,1172,MESH:D001564,Benzo(a)pyrene,decreases^reaction|increases^phosphorylation
TP53,inhibits,1172,MESH:D001564,Benzo(a)pyrene,decreases^expression
TP53,inhibits,1172,MESH:D001564,Benzo(a)pyrene,decreases^reaction|increases^expression|increases^reaction
TP53,inhibits,1172,MESH:C017228,"benzo(a)pyrene 7,8-dihydrodiol",decreases^chemical synthesis|increases^response to substance
TP53,inhibits,1172,MESH:C110772,benzoylcarbonyl-aspartyl-glutamyl-valyl-aspartyl-fluoromethyl ketone,affects^reaction|decreases^reaction|increases^activity
TP53,inhibits,1172,MESH:C403753,benzyloxycarbonyl-isoleucyl-glutamyl-threonyl-aspartic acid fluoromethyl ketone,decreases^reaction|increases^phosphorylation
TP53,inhibits,1172,MESH:C072553,benzyloxycarbonylleucyl-leucyl-leucine aldehyde,decreases^degradation|increases^expression
TP53,inhibits,1172,MESH:C072553,benzyloxycarbonylleucyl-leucyl-leucine aldehyde,affects^cotreatment|decreases^expression|decreases^reaction
TP53,inhibits,1172,MESH:C072553,benzyloxycarbonylleucyl-leucyl-leucine aldehyde,decreases^reaction|increases^degradation
TP53,inhibits,1172,MESH:C072553,benzyloxycarbonylleucyl-leucyl-leucine aldehyde,decreases^expression|decreases^reaction
TP53,inhibits,1172,MESH:C517629,benzyloxycarbonyl-valyl-alanyl-aspartic acid,affects^cotreatment|affects^reaction|decreases^reaction|increases^phosphorylation
TP53,inhibits,1172,MESH:C014638,beta-lapachone,decreases^expression
TP53,inhibits,1172,MESH:D019324,beta-Naphthoflavone,affects^binding|decreases^response to substance|increases^activity|increases^expression
TP53,inhibits,1172,MESH:C053541,bicalutamide,decreases^reaction|increases^phosphorylation
TP53,inhibits,1172,MESH:D001647,Bile Acids and Salts,decreases^expression
TP53,inhibits,1172,MESH:C542674,"bis((2-oxindol-3-ylimino)-2-(2-aminoethyl)pyridine-N,N')copper(II)",decreases^reaction|increases^expression
TP53,inhibits,1172,MESH:C542674,"bis((2-oxindol-3-ylimino)-2-(2-aminoethyl)pyridine-N,N')copper(II)",decreases^reaction|increases^expression|increases^uptake
TP53,inhibits,1172,MESH:C542674,"bis((2-oxindol-3-ylimino)-2-(2-aminoethyl)pyridine-N,N')copper(II)",decreases^reaction|increases^expression|increases^reaction
TP53,inhibits,1172,MESH:C070515,bisindolylmaleimide I,decreases^degradation|increases^expression
TP53,inhibits,1172,MESH:C467001,bisindolylmaleimide IX,decreases^degradation|increases^expression
TP53,inhibits,1172,MESH:C006780,bisphenol A,decreases^methylation
TP53,inhibits,1172,MESH:C006780,bisphenol A,decreases^expression|decreases^reaction
TP53,inhibits,1172,MESH:C006780,bisphenol A,decreases^reaction|increases^expression
TP53,inhibits,1172,MESH:C006780,bisphenol A,decreases^expression
TP53,inhibits,1172,MESH:C006780,bisphenol A,decreases^reaction|increases^phosphorylation
TP53,inhibits,1172,MESH:C000611646,bisphenol F,decreases^methylation
TP53,inhibits,1172,MESH:C000611646,bisphenol F,decreases^expression
TP53,inhibits,1172,MESH:C543008,bisphenol S,decreases^methylation
TP53,inhibits,1172,MESH:D001761,Bleomycin,decreases^reaction|increases^phosphorylation
TP53,inhibits,1172,MESH:D001761,Bleomycin,decreases^reaction|increases^phosphorylation|increases^reaction
TP53,inhibits,1172,MESH:D000069286,Bortezomib,decreases^reaction|increases^phosphorylation
TP53,inhibits,1172,MESH:C017092,bromopyruvate,decreases^reaction|increases^expression|increases^reaction
TP53,inhibits,1172,MESH:D019819,Budesonide,decreases^expression
TP53,inhibits,1172,MESH:D019328,Buthionine Sulfoximine,decreases^abundance|decreases^reaction|increases^activity
TP53,inhibits,1172,MESH:C027561,butylbenzyl phthalate,decreases^expression
TP53,inhibits,1172,MESH:C018475,butyraldehyde,decreases^expression
TP53,inhibits,1172,MESH:D020148,Butyric Acid,decreases^expression
TP53,inhibits,1172,MESH:D002104,Cadmium,decreases^expression|increases^abundance
TP53,inhibits,1172,MESH:D002104,Cadmium,decreases^reaction|increases^activity|increases^expression
TP53,inhibits,1172,MESH:D002104,Cadmium,decreases^activity|decreases^folding
TP53,inhibits,1172,MESH:D002104,Cadmium,decreases^expression|decreases^reaction
TP53,inhibits,1172,MESH:D002104,Cadmium,decreases^expression
TP53,inhibits,1172,MESH:C028031,cadmium acetate,decreases^expression
TP53,inhibits,1172,MESH:D019256,Cadmium Chloride,affects^binding|decreases^activity|decreases^reaction
TP53,inhibits,1172,MESH:D019256,Cadmium Chloride,decreases^reaction|increases^activity|increases^expression
TP53,inhibits,1172,MESH:D019256,Cadmium Chloride,decreases^expression|increases^abundance
TP53,inhibits,1172,MESH:D019256,Cadmium Chloride,decreases^activity|decreases^folding
TP53,inhibits,1172,MESH:D019256,Cadmium Chloride,decreases^activity
TP53,inhibits,1172,MESH:D019256,Cadmium Chloride,decreases^expression
TP53,inhibits,1172,MESH:C040048,caffeic acid,decreases^expression|increases^reaction
TP53,inhibits,1172,MESH:C055494,caffeic acid phenethyl ester,decreases^reaction|increases^expression
TP53,inhibits,1172,MESH:C055494,caffeic acid phenethyl ester,decreases^reaction|increases^phosphorylation
TP53,inhibits,1172,MESH:C055494,caffeic acid phenethyl ester,decreases^expression|decreases^reaction
TP53,inhibits,1172,MESH:D002110,Caffeine,decreases^phosphorylation
TP53,inhibits,1172,MESH:D002110,Caffeine,decreases^reaction|increases^expression|increases^phosphorylation
TP53,inhibits,1172,MESH:D002110,Caffeine,decreases^reaction|increases^phosphorylation
TP53,inhibits,1172,MESH:D002110,Caffeine,decreases^reaction|increases^phosphorylation|increases^reaction
TP53,inhibits,1172,MESH:D002110,Caffeine,decreases^reaction|increases^expression
TP53,inhibits,1172,MESH:D002110,Caffeine,decreases^reaction|increases^activity|increases^phosphorylation
TP53,inhibits,1172,MESH:D002118,Calcium,decreases^expression
TP53,inhibits,1172,MESH:C059041,calyculin A,affects^splicing|decreases^reaction|increases^expression
TP53,inhibits,1172,MESH:C059041,calyculin A,decreases^reaction|increases^expression
TP53,inhibits,1172,MESH:C510718,cambinol,decreases^acetylation|increases^expression
TP53,inhibits,1172,MESH:D002166,Camptothecin,decreases^response to substance
TP53,inhibits,1172,MESH:D002166,Camptothecin,decreases^reaction|increases^acetylation
TP53,inhibits,1172,MESH:D002166,Camptothecin,decreases^reaction|increases^expression
TP53,inhibits,1172,MESH:D002166,Camptothecin,decreases^acetylation
TP53,inhibits,1172,MESH:C081643,candesartan,decreases^reaction|increases^phosphorylation
TP53,inhibits,1172,MESH:D002185,Cannabidiol,decreases^expression
TP53,inhibits,1172,MESH:D002185,Cannabidiol,affects^cotreatment|decreases^reaction|increases^expression
TP53,inhibits,1172,MESH:D002185,Cannabidiol,affects^cotreatment|decreases^expression
TP53,inhibits,1172,MESH:D002211,Capsaicin,decreases^reaction|increases^degradation
TP53,inhibits,1172,MESH:D002211,Capsaicin,decreases^reaction|increases^expression
TP53,inhibits,1172,MESH:D002211,Capsaicin,decreases^reaction|increases^phosphorylation
TP53,inhibits,1172,MESH:D002211,Capsaicin,decreases^reaction|increases^expression|increases^phosphorylation
TP53,inhibits,1172,MESH:D002211,Capsaicin,decreases^reaction|increases^activity|increases^expression|increases^phosphorylation
TP53,inhibits,1172,MESH:D002211,Capsaicin,affects^reaction|decreases^expression
TP53,inhibits,1172,MESH:D002211,Capsaicin,decreases^degradation
TP53,inhibits,1172,MESH:D002211,Capsaicin,decreases^reaction|increases^activity|increases^phosphorylation
TP53,inhibits,1172,MESH:D002211,Capsaicin,decreases^degradation|increases^reaction
TP53,inhibits,1172,MESH:D002235,Carbofuran,decreases^stability|increases^degradation|increases^mutagenesis
TP53,inhibits,1172,MESH:D002330,Carmustine,decreases^response to substance
TP53,inhibits,1172,MESH:C054133,casticin,decreases^expression
TP53,inhibits,1172,MESH:C050414,celastrol,decreases^reaction|increases^expression
TP53,inhibits,1172,MESH:D000068579,Celecoxib,decreases^reaction|increases^expression
TP53,inhibits,1172,MESH:D000068579,Celecoxib,affects^cotreatment|decreases^expression
TP53,inhibits,1172,MESH:D000068579,Celecoxib,decreases^reaction|increases^response to substance
TP53,inhibits,1172,MESH:D002518,Ceramides,decreases^chemical synthesis|decreases^phosphorylation
TP53,inhibits,1172,MESH:D002518,Ceramides,affects^splicing|decreases^abundance|decreases^expression
TP53,inhibits,1172,MESH:D002518,Ceramides,decreases^abundance|decreases^phosphorylation
TP53,inhibits,1172,MESH:D002518,Ceramides,affects^splicing|decreases^chemical synthesis|decreases^expression
TP53,inhibits,1172,MESH:D002518,Ceramides,decreases^activity|decreases^reaction|increases^phosphorylation
TP53,inhibits,1172,MESH:D002563,Cerium,decreases^expression
TP53,inhibits,1172,MESH:D002699,Chlorambucil,affects^cotreatment|decreases^reaction|increases^expression
TP53,inhibits,1172,MESH:D002738,Chloroquine,decreases^reaction|increases^expression
TP53,inhibits,1172,MESH:C023676,chloroquine diphosphate,decreases^reaction|increases^expression
TP53,inhibits,1172,MESH:C023676,chloroquine diphosphate,affects^cotreatment|decreases^localization
TP53,inhibits,1172,MESH:D004390,Chlorpyrifos,decreases^expression
TP53,inhibits,1172,MESH:D004390,Chlorpyrifos,decreases^expression|increases^reaction
TP53,inhibits,1172,MESH:D004390,Chlorpyrifos,decreases^expression|decreases^reaction
TP53,inhibits,1172,MESH:D004390,Chlorpyrifos,affects^cotreatment|decreases^expression|decreases^response to substance
TP53,inhibits,1172,MESH:D002777,Cholestanols,decreases^reaction|increases^expression
TP53,inhibits,1172,MESH:D002784,Cholesterol,affects^binding|affects^cotreatment|decreases^expression
TP53,inhibits,1172,MESH:D008078,"Cholesterol, LDL",decreases^reaction|increases^expression
TP53,inhibits,1172,MESH:D002857,Chromium,decreases^reaction|increases^response to substance
TP53,inhibits,1172,MESH:C074702,chromium hexavalent ion,decreases^reaction|increases^phosphorylation
TP53,inhibits,1172,MESH:C074702,chromium hexavalent ion,affects^reaction|decreases^expression
TP53,inhibits,1172,MESH:C074702,chromium hexavalent ion,decreases^expression|increases^reaction
TP53,inhibits,1172,MESH:C074702,chromium hexavalent ion,affects^reaction|decreases^reaction|increases^activity
TP53,inhibits,1172,MESH:C074702,chromium hexavalent ion,decreases^expression
TP53,inhibits,1172,MESH:C074702,chromium hexavalent ion,decreases^expression|decreases^reaction|increases^reaction
TP53,inhibits,1172,MESH:C043561,chrysin,affects^cotreatment|affects^localization|decreases^reaction
TP53,inhibits,1172,MESH:C043561,chrysin,affects^cotreatment|decreases^reaction|increases^phosphorylation
TP53,inhibits,1172,MESH:C012843,cinnamaldehyde,decreases^expression
TP53,inhibits,1172,MESH:C107783,cirsimarin,decreases^expression
TP53,inhibits,1172,MESH:D002945,Cisplatin,affects^cotreatment|decreases^expression|decreases^response to substance
TP53,inhibits,1172,MESH:D002945,Cisplatin,decreases^reaction|increases^acetylation
TP53,inhibits,1172,MESH:D002945,Cisplatin,decreases^reaction|increases^expression|increases^phosphorylation
TP53,inhibits,1172,MESH:D002945,Cisplatin,decreases^reaction|increases^expression|increases^reaction
TP53,inhibits,1172,MESH:D002945,Cisplatin,decreases^response to substance|increases^reaction
TP53,inhibits,1172,MESH:D002945,Cisplatin,affects^reaction|decreases^reaction|increases^expression
TP53,inhibits,1172,MESH:D002945,Cisplatin,decreases^reaction|increases^glutathionylation
TP53,inhibits,1172,MESH:D002945,Cisplatin,affects^cotreatment|decreases^response to substance
TP53,inhibits,1172,MESH:D002945,Cisplatin,affects^reaction|decreases^response to substance
TP53,inhibits,1172,MESH:D002945,Cisplatin,affects^cotreatment|affects^localization|decreases^reaction
TP53,inhibits,1172,MESH:D002945,Cisplatin,decreases^response to substance
TP53,inhibits,1172,MESH:D002945,Cisplatin,decreases^reaction|increases^abundance
TP53,inhibits,1172,MESH:D002945,Cisplatin,decreases^response to substance|increases^expression
TP53,inhibits,1172,MESH:D002945,Cisplatin,decreases^phosphorylation|decreases^response to substance
TP53,inhibits,1172,MESH:D002945,Cisplatin,decreases^phosphorylation
TP53,inhibits,1172,MESH:D002945,Cisplatin,decreases^reaction|increases^phosphorylation
TP53,inhibits,1172,MESH:D002945,Cisplatin,affects^cotreatment|decreases^expression
TP53,inhibits,1172,MESH:D002945,Cisplatin,decreases^acetylation|decreases^expression|decreases^response to substance
TP53,inhibits,1172,MESH:D002945,Cisplatin,decreases^reaction|increases^expression
TP53,inhibits,1172,MESH:D002945,Cisplatin,decreases^reaction|increases^stability
TP53,inhibits,1172,MESH:D002945,Cisplatin,affects^cotreatment|decreases^reaction|increases^phosphorylation
TP53,inhibits,1172,MESH:D002945,Cisplatin,decreases^reaction|increases^phosphorylation|increases^reaction
TP53,inhibits,1172,MESH:D002945,Cisplatin,decreases^reaction|increases^response to substance
TP53,inhibits,1172,MESH:D002945,Cisplatin,affects^binding|decreases^response to substance
TP53,inhibits,1172,MESH:D007464,Clioquinol,decreases^reaction|increases^phosphorylation
TP53,inhibits,1172,MESH:D003024,Clozapine,decreases^reaction|increases^expression
TP53,inhibits,1172,MESH:C007095,cobaltiprotoporphyrin,decreases^activity|decreases^reaction|increases^expression
TP53,inhibits,1172,MESH:C018021,cobaltous chloride,decreases^activity
TP53,inhibits,1172,MESH:C018021,cobaltous chloride,decreases^reaction|increases^activity|increases^phosphorylation
TP53,inhibits,1172,MESH:C018021,cobaltous chloride,decreases^reaction|increases^expression
TP53,inhibits,1172,MESH:C018021,cobaltous chloride,affects^cotreatment|decreases^expression|decreases^phosphorylation
TP53,inhibits,1172,MESH:C018021,cobaltous chloride,decreases^reaction|increases^activity|increases^expression
TP53,inhibits,1172,MESH:C018021,cobaltous chloride,decreases^reaction|increases^activity|increases^phosphorylation|increases^reaction
TP53,inhibits,1172,MESH:C018021,cobaltous chloride,affects^cotreatment|decreases^reaction|increases^activity
TP53,inhibits,1172,MESH:C018021,cobaltous chloride,affects^cotreatment|decreases^expression
TP53,inhibits,1172,MESH:C018021,cobaltous chloride,affects^binding|decreases^activity|decreases^reaction
TP53,inhibits,1172,MESH:C018021,cobaltous chloride,decreases^reaction|increases^activity|increases^expression|increases^phosphorylation
TP53,inhibits,1172,MESH:D003300,Copper,affects^binding|decreases^activity
TP53,inhibits,1172,MESH:D003300,Copper,decreases^activity
TP53,inhibits,1172,MESH:D003300,Copper,decreases^reaction|increases^phosphorylation
TP53,inhibits,1172,MESH:D003300,Copper,affects^cotreatment|decreases^reaction|increases^mutagenesis
TP53,inhibits,1172,MESH:D003300,Copper,affects^binding|decreases^reaction|increases^expression
TP53,inhibits,1172,MESH:D003300,Copper,decreases^reaction|increases^abundance|increases^expression|increases^oxidation
TP53,inhibits,1172,MESH:D019327,Copper Sulfate,decreases^expression
TP53,inhibits,1172,MESH:C408982,CPG-oligonucleotide,decreases^expression
TP53,inhibits,1172,MESH:C000654634,crenigacestat,decreases^reaction|increases^expression
TP53,inhibits,1172,MESH:C542041,cudraflavone B,decreases^reaction|increases^expression
TP53,inhibits,1172,MESH:C029892,cupric chloride,decreases^expression
TP53,inhibits,1172,MESH:C029892,cupric chloride,affects^cotreatment|decreases^reaction|increases^expression
TP53,inhibits,1172,MESH:C030973,cupric oxide,decreases^expression|decreases^phosphorylation
TP53,inhibits,1172,MESH:C030973,cupric oxide,decreases^expression
TP53,inhibits,1172,MESH:D003474,Curcumin,decreases^reaction|increases^activity|increases^phosphorylation
TP53,inhibits,1172,MESH:D003474,Curcumin,affects^cotreatment|decreases^expression
TP53,inhibits,1172,MESH:D003474,Curcumin,decreases^expression
TP53,inhibits,1172,MESH:D003474,Curcumin,decreases^reaction|increases^expression
TP53,inhibits,1172,MESH:D003474,Curcumin,decreases^expression|decreases^reaction
TP53,inhibits,1172,MESH:D003474,Curcumin,decreases^reaction|increases^phosphorylation
TP53,inhibits,1172,MESH:C020728,cyadox,decreases^reaction|increases^expression
TP53,inhibits,1172,MESH:D003513,Cycloheximide,decreases^expression|increases^reaction
TP53,inhibits,1172,MESH:D003513,Cycloheximide,decreases^expression
TP53,inhibits,1172,MESH:D003513,Cycloheximide,decreases^reaction|increases^degradation
TP53,inhibits,1172,MESH:D003513,Cycloheximide,decreases^reaction|increases^expression
TP53,inhibits,1172,MESH:D016572,Cyclosporine,affects^localization|decreases^reaction
TP53,inhibits,1172,MESH:D016572,Cyclosporine,decreases^reaction|increases^expression
TP53,inhibits,1172,MESH:C017160,cypermethrin,decreases^expression
TP53,inhibits,1172,MESH:C017160,cypermethrin,decreases^reaction|increases^expression
TP53,inhibits,1172,MESH:D015853,Cysteine Proteinase Inhibitors,decreases^activity|increases^phosphorylation
TP53,inhibits,1172,MESH:D003561,Cytarabine,decreases^reaction|increases^phosphorylation
TP53,inhibits,1172,MESH:D003561,Cytarabine,decreases^reaction|increases^expression
TP53,inhibits,1172,MESH:D003609,Dactinomycin,decreases^reaction|increases^activity|increases^expression
TP53,inhibits,1172,MESH:D003609,Dactinomycin,decreases^reaction|increases^expression
TP53,inhibits,1172,MESH:D003609,Dactinomycin,affects^cotreatment|decreases^expression
TP53,inhibits,1172,MESH:D000069439,Dasatinib,decreases^expression|decreases^reaction
TP53,inhibits,1172,MESH:D000069439,Dasatinib,decreases^expression
TP53,inhibits,1172,MESH:C017180,decamethrin,affects^cotreatment|decreases^expression|decreases^response to substance
TP53,inhibits,1172,MESH:D000077209,Decitabine,decreases^reaction|increases^expression
TP53,inhibits,1172,MESH:D000077209,Decitabine,decreases^methylation
TP53,inhibits,1172,MESH:D000077209,Decitabine,affects^reaction|decreases^expression
TP53,inhibits,1172,MESH:D000077209,Decitabine,decreases^ubiquitination
TP53,inhibits,1172,MESH:D003676,Deferoxamine,affects^cotreatment|decreases^reaction|increases^expression
TP53,inhibits,1172,MESH:D003676,Deferoxamine,decreases^reaction|increases^expression
TP53,inhibits,1172,MESH:D003676,Deferoxamine,decreases^response to substance
TP53,inhibits,1172,MESH:D003676,Deferoxamine,decreases^expression
TP53,inhibits,1172,MESH:C107676,deguelin,decreases^expression
TP53,inhibits,1172,MESH:D003847,Deoxyglucose,decreases^abundance|decreases^reaction
TP53,inhibits,1172,MESH:C007262,deoxynivalenol,decreases^expression
TP53,inhibits,1172,MESH:D003907,Dexamethasone,affects^binding|decreases^reaction
TP53,inhibits,1172,MESH:D003907,Dexamethasone,decreases^expression
TP53,inhibits,1172,MESH:C000627634,di(2-picolyl)amine-3(bromoacetyl)coumarin,affects^cotreatment|decreases^reaction|increases^expression
TP53,inhibits,1172,MESH:C100261,diacetyldiphenylurea bisguanylhydrazone,decreases^reaction|increases^expression
TP53,inhibits,1172,MESH:C028009,diallyl disulfide,decreases^reaction|increases^expression
TP53,inhibits,1172,MESH:D003976,Diazinon,affects^cotreatment|decreases^reaction|increases^expression
TP53,inhibits,1172,MESH:D003976,Diazinon,decreases^reaction|increases^expression
TP53,inhibits,1172,MESH:D003993,Dibutyl Phthalate,decreases^expression
TP53,inhibits,1172,MESH:D001728,Dicumarol,affects^binding|decreases^reaction
TP53,inhibits,1172,MESH:D001728,Dicumarol,decreases^reaction|increases^expression
TP53,inhibits,1172,MESH:D001728,Dicumarol,decreases^expression
TP53,inhibits,1172,MESH:D001728,Dicumarol,decreases^reaction|increases^stability
TP53,inhibits,1172,MESH:D004026,Dieldrin,decreases^response to substance
TP53,inhibits,1172,MESH:C007366,diepoxybutane,affects^binding|decreases^reaction
TP53,inhibits,1172,MESH:C007366,diepoxybutane,decreases^reaction|increases^phosphorylation
TP53,inhibits,1172,MESH:D004051,Diethylhexyl Phthalate,decreases^expression|decreases^reaction
TP53,inhibits,1172,MESH:D004051,Diethylhexyl Phthalate,decreases^expression
TP53,inhibits,1172,MESH:D004054,Diethylstilbestrol,decreases^expression
TP53,inhibits,1172,MESH:C011612,diethyl sulfate,decreases^expression
TP53,inhibits,1172,MESH:C093528,diffractaic acid,decreases^expression
TP53,inhibits,1172,MESH:D004074,Digitoxin,decreases^expression
TP53,inhibits,1172,MESH:C539241,dihydroptychantol A,decreases^expression
TP53,inhibits,1172,MESH:C002302,dimethoxon,decreases^expression
TP53,inhibits,1172,MESH:C521105,dimethoxycurcumin,decreases^phosphorylation
TP53,inhibits,1172,MESH:D004126,Dimethylformamide,decreases^reaction|increases^expression
TP53,inhibits,1172,MESH:C057978,di-n-propyldithiocarbamate,decreases^reaction|increases^expression|increases^phosphorylation
TP53,inhibits,1172,MESH:D004147,Dioxins,affects^reaction|decreases^expression
TP53,inhibits,1172,MESH:D004147,Dioxins,decreases^expression
TP53,inhibits,1172,MESH:D004147,Dioxins,decreases^expression|decreases^reaction
TP53,inhibits,1172,MESH:D004229,Dithiothreitol,affects^binding|decreases^activity|decreases^reaction
TP53,inhibits,1172,MESH:D004229,Dithiothreitol,decreases^reaction|increases^glutathionylation
TP53,inhibits,1172,MESH:D004050,Ditiocarb,decreases^reaction|increases^activity|increases^expression
TP53,inhibits,1172,MESH:D004050,Ditiocarb,decreases^reaction|increases^expression
TP53,inhibits,1172,MESH:D000077143,Docetaxel,decreases^ubiquitination
TP53,inhibits,1172,MESH:D000077143,Docetaxel,affects^reaction|decreases^expression
TP53,inhibits,1172,MESH:D000077143,Docetaxel,decreases^response to substance
TP53,inhibits,1172,MESH:D000077143,Docetaxel,decreases^expression|increases^expression
TP53,inhibits,1172,MESH:D000077143,Docetaxel,decreases^response to substance|increases^cleavage
TP53,inhibits,1172,MESH:D000077143,Docetaxel,decreases^expression
TP53,inhibits,1172,MESH:D000077143,Docetaxel,decreases^reaction|increases^expression
TP53,inhibits,1172,MESH:D000077143,Docetaxel,decreases^expression|increases^reaction|increases^response to substance
TP53,inhibits,1172,MESH:C516138,dorsomorphin,decreases^expression|decreases^reaction
TP53,inhibits,1172,MESH:C516138,dorsomorphin,decreases^reaction|increases^cleavage
TP53,inhibits,1172,MESH:C516138,dorsomorphin,decreases^reaction|increases^expression
TP53,inhibits,1172,MESH:C516138,dorsomorphin,decreases^expression|decreases^phosphorylation|decreases^reaction
TP53,inhibits,1172,MESH:C516138,dorsomorphin,decreases^reaction|increases^phosphorylation
TP53,inhibits,1172,MESH:C516138,dorsomorphin,decreases^reaction|increases^expression|increases^phosphorylation
TP53,inhibits,1172,MESH:D004317,Doxorubicin,decreases^expression|decreases^reaction
TP53,inhibits,1172,MESH:D004317,Doxorubicin,decreases^reaction|decreases^response to substance
TP53,inhibits,1172,MESH:D004317,Doxorubicin,decreases^reaction|increases^export
TP53,inhibits,1172,MESH:D004317,Doxorubicin,decreases^activity|decreases^reaction
TP53,inhibits,1172,MESH:D004317,Doxorubicin,decreases^expression
TP53,inhibits,1172,MESH:D004317,Doxorubicin,decreases^response to substance
TP53,inhibits,1172,MESH:D004317,Doxorubicin,affects^cotreatment|decreases^expression
TP53,inhibits,1172,MESH:D004317,Doxorubicin,decreases^reaction|increases^expression
TP53,inhibits,1172,MESH:D004317,Doxorubicin,decreases^reaction|increases^activity|increases^expression|increases^phosphorylation
TP53,inhibits,1172,MESH:D004317,Doxorubicin,affects^cotreatment|decreases^expression|decreases^phosphorylation
TP53,inhibits,1172,MESH:D004317,Doxorubicin,decreases^reaction|increases^activity
TP53,inhibits,1172,MESH:D004317,Doxorubicin,affects^binding|decreases^reaction
TP53,inhibits,1172,MESH:D004317,Doxorubicin,decreases^reaction|increases^activity|increases^reaction
TP53,inhibits,1172,MESH:D004317,Doxorubicin,decreases^reaction|increases^activity|increases^phosphorylation|increases^reaction
TP53,inhibits,1172,MESH:D004317,Doxorubicin,affects^reaction|decreases^expression
TP53,inhibits,1172,MESH:D004317,Doxorubicin,decreases^reaction|increases^response to substance
TP53,inhibits,1172,MESH:D004317,Doxorubicin,decreases^reaction|increases^activity|increases^phosphorylation
TP53,inhibits,1172,MESH:D004317,Doxorubicin,decreases^reaction|increases^phosphorylation|increases^reaction
TP53,inhibits,1172,MESH:D013759,Dronabinol,decreases^sumoylation
TP53,inhibits,1172,MESH:D013759,Dronabinol,affects^reaction|decreases^sumoylation
TP53,inhibits,1172,MESH:D004391,Dust,decreases^expression
TP53,inhibits,1172,MESH:D004492,Edetic Acid,affects^binding|decreases^activity|decreases^reaction
TP53,inhibits,1172,MESH:D004610,Ellagic Acid,decreases^reaction|increases^phosphorylation|increases^reaction
TP53,inhibits,1172,MESH:C034192,ellipticine,decreases^reaction|increases^expression|increases^reaction
TP53,inhibits,1172,MESH:D004791,Enzyme Inhibitors,decreases^activity|increases^O-linked glycosylation
TP53,inhibits,1172,MESH:C045651,epigallocatechin gallate,decreases^reaction|increases^activity|increases^phosphorylation
TP53,inhibits,1172,MESH:C533410,eprenetapopt,affects^reaction|decreases^expression
TP53,inhibits,1172,MESH:D004958,Estradiol,affects^binding|decreases^reaction
TP53,inhibits,1172,MESH:D004958,Estradiol,decreases^expression
TP53,inhibits,1172,MESH:D004958,Estradiol,affects^localization|decreases^activity
TP53,inhibits,1172,MESH:D004958,Estradiol,affects^localization|decreases^reaction
TP53,inhibits,1172,MESH:D004958,Estradiol,decreases^reaction|increases^expression
TP53,inhibits,1172,MESH:D000431,Ethanol,affects^cotreatment|decreases^reaction|increases^expression
TP53,inhibits,1172,MESH:D005038,Ethylnitrosourea,decreases^activity|increases^mutagenesis
TP53,inhibits,1172,MESH:D005047,Etoposide,decreases^reaction|increases^activity
TP53,inhibits,1172,MESH:D005047,Etoposide,decreases^reaction|increases^acetylation
TP53,inhibits,1172,MESH:D005047,Etoposide,decreases^expression|decreases^reaction
TP53,inhibits,1172,MESH:D005047,Etoposide,decreases^reaction|increases^phosphorylation
TP53,inhibits,1172,MESH:D005047,Etoposide,decreases^reaction|increases^expression
TP53,inhibits,1172,MESH:D005047,Etoposide,decreases^expression|increases^reaction
TP53,inhibits,1172,MESH:D005047,Etoposide,affects^cotreatment|decreases^reaction|decreases^response to substance
TP53,inhibits,1172,MESH:D005047,Etoposide,decreases^reaction|increases^activity|increases^phosphorylation
TP53,inhibits,1172,MESH:D005047,Etoposide,decreases^reaction|increases^response to substance
TP53,inhibits,1172,MESH:D005047,Etoposide,affects^reaction|decreases^expression
TP53,inhibits,1172,MESH:D005047,Etoposide,decreases^chemical synthesis|increases^response to substance
TP53,inhibits,1172,MESH:D005047,Etoposide,affects^cotreatment|decreases^expression
TP53,inhibits,1172,MESH:C433928,EUK-134,decreases^reaction|increases^expression
TP53,inhibits,1172,MESH:C506425,eurycomanone,decreases^expression
TP53,inhibits,1172,MESH:C050847,evernic acid,decreases^expression
TP53,inhibits,1172,MESH:C049639,evodiamine,decreases^reaction|increases^expression
TP53,inhibits,1172,MESH:C545733,fatostatin,decreases^phosphorylation|increases^response to substance
TP53,inhibits,1172,MESH:C545733,fatostatin,decreases^expression|increases^reaction|increases^response to substance
TP53,inhibits,1172,MESH:C545733,fatostatin,decreases^expression
TP53,inhibits,1172,MESH:C545733,fatostatin,decreases^expression|increases^response to substance
TP53,inhibits,1172,MESH:C545733,fatostatin,decreases^cleavage|increases^response to substance
TP53,inhibits,1172,MESH:C052498,FEC protocol,affects^cotreatment|decreases^expression
TP53,inhibits,1172,MESH:D017313,Fenretinide,decreases^expression
TP53,inhibits,1172,MESH:D000068876,Fingolimod Hydrochloride,decreases^reaction|increases^phosphorylation
TP53,inhibits,1172,MESH:C017875,fisetin,decreases^reaction|increases^expression
TP53,inhibits,1172,MESH:C017875,fisetin,affects^cotreatment|decreases^reaction|increases^phosphorylation
TP53,inhibits,1172,MESH:D005411,Flame Retardants,decreases^expression
TP53,inhibits,1172,MESH:D044950,Flavanones,decreases^response to substance
TP53,inhibits,1172,MESH:D005469,Fluorometholone,decreases^reaction|increases^expression
TP53,inhibits,1172,MESH:D005472,Fluorouracil,decreases^degradation
TP53,inhibits,1172,MESH:D005472,Fluorouracil,decreases^reaction|increases^activity|increases^cleavage
TP53,inhibits,1172,MESH:D005472,Fluorouracil,decreases^degradation|decreases^reaction
TP53,inhibits,1172,MESH:D005472,Fluorouracil,decreases^expression|increases^reaction
TP53,inhibits,1172,MESH:D005472,Fluorouracil,decreases^reaction|increases^acetylation|increases^expression
TP53,inhibits,1172,MESH:D005472,Fluorouracil,decreases^response to substance
TP53,inhibits,1172,MESH:D005472,Fluorouracil,affects^cotreatment|affects^reaction|decreases^reaction|increases^phosphorylation
TP53,inhibits,1172,MESH:D005472,Fluorouracil,decreases^expression|decreases^reaction|increases^reaction
TP53,inhibits,1172,MESH:D005472,Fluorouracil,decreases^expression|decreases^reaction
TP53,inhibits,1172,MESH:D005472,Fluorouracil,affects^reaction|decreases^expression
TP53,inhibits,1172,MESH:D005472,Fluorouracil,affects^cotreatment|decreases^expression|decreases^response to substance
TP53,inhibits,1172,MESH:D005472,Fluorouracil,decreases^reaction|increases^activity|increases^cleavage|increases^reaction
TP53,inhibits,1172,MESH:D005472,Fluorouracil,decreases^expression
TP53,inhibits,1172,MESH:D005472,Fluorouracil,decreases^reaction|increases^expression
TP53,inhibits,1172,MESH:D005480,Flurbiprofen,decreases^response to substance
TP53,inhibits,1172,MESH:D005492,Folic Acid,affects^cotreatment|decreases^expression
TP53,inhibits,1172,MESH:D005492,Folic Acid,decreases^reaction|increases^expression
TP53,inhibits,1172,MESH:D005492,Folic Acid,affects^reaction|decreases^reaction|increases^expression
TP53,inhibits,1172,MESH:D005557,Formaldehyde,decreases^expression
TP53,inhibits,1172,MESH:C030544,formic acid,decreases^reaction|increases^expression
TP53,inhibits,1172,MESH:C007768,formononetin,decreases^expression
TP53,inhibits,1172,MESH:C007768,formononetin,decreases^expression|decreases^reaction
TP53,inhibits,1172,MESH:C096856,FTI 277,decreases^reaction|increases^expression
TP53,inhibits,1172,MESH:D000077267,Fulvestrant,decreases^reaction|increases^phosphorylation
TP53,inhibits,1172,MESH:D000077267,Fulvestrant,affects^localization|decreases^reaction
TP53,inhibits,1172,MESH:D000077267,Fulvestrant,decreases^expression
TP53,inhibits,1172,MESH:C056933,fumonisin B1,decreases^chemical synthesis|decreases^phosphorylation
TP53,inhibits,1172,MESH:C056933,fumonisin B1,affects^splicing|decreases^chemical synthesis|decreases^expression
TP53,inhibits,1172,MESH:C056933,fumonisin B1,decreases^expression
TP53,inhibits,1172,MESH:D005690,Galactose,decreases^reaction|increases^expression
TP53,inhibits,1172,MESH:D005707,Gallic Acid,decreases^expression
TP53,inhibits,1172,MESH:C043055,gallium arsenide,decreases^expression
TP53,inhibits,1172,MESH:D000077156,Gefitinib,decreases^expression|increases^response to substance
TP53,inhibits,1172,MESH:D000077156,Gefitinib,decreases^reaction|increases^phosphorylation
TP53,inhibits,1172,MESH:C001277,geldanamycin,affects^localization|decreases^reaction
TP53,inhibits,1172,MESH:D000093542,Gemcitabine,affects^cotreatment|decreases^response to substance
TP53,inhibits,1172,MESH:D000093542,Gemcitabine,decreases^reaction|increases^expression
TP53,inhibits,1172,MESH:C007835,geniposide,decreases^reaction|increases^expression
TP53,inhibits,1172,MESH:D019833,Genistein,decreases^reaction|increases^acetylation|increases^reaction
TP53,inhibits,1172,MESH:D005840,Gentian Violet,decreases^reaction|increases^expression|increases^reaction
TP53,inhibits,1172,MESH:D005840,Gentian Violet,decreases^activity|decreases^reaction
TP53,inhibits,1172,MESH:C040155,geranylgeranic acid,decreases^response to substance
TP53,inhibits,1172,MESH:C040155,geranylgeranic acid,affects^localization|decreases^reaction
TP53,inhibits,1172,MESH:C007845,gingerol,decreases^reaction|increases^expression
TP53,inhibits,1172,MESH:D005947,Glucose,decreases^reaction|increases^expression|increases^uptake
TP53,inhibits,1172,MESH:D005947,Glucose,affects^localization|decreases^reaction
TP53,inhibits,1172,MESH:D005947,Glucose,decreases^reaction|increases^expression
TP53,inhibits,1172,MESH:D005947,Glucose,decreases^reaction|increases^acetylation
TP53,inhibits,1172,MESH:D005947,Glucose,affects^cotreatment|decreases^reaction|increases^expression
TP53,inhibits,1172,MESH:D005947,Glucose,decreases^reaction|increases^acetylation|increases^reaction
TP53,inhibits,1172,MESH:D005947,Glucose,affects^cotreatment|decreases^reaction|increases^acetylation
TP53,inhibits,1172,MESH:D005960,Glucosides,decreases^reaction|increases^expression
TP53,inhibits,1172,MESH:D005976,Glutaral,decreases^expression
TP53,inhibits,1172,MESH:D005978,Glutathione,decreases^reaction|increases^glutathionylation
TP53,inhibits,1172,MESH:D005978,Glutathione,decreases^abundance
TP53,inhibits,1172,MESH:D005978,Glutathione,decreases^reaction|increases^expression
TP53,inhibits,1172,MESH:D005978,Glutathione,affects^cotreatment|decreases^reaction|increases^expression
TP53,inhibits,1172,MESH:D005978,Glutathione,decreases^abundance|decreases^reaction|increases^activity
TP53,inhibits,1172,MESH:D019803,Glutathione Disulfide,decreases^reaction|increases^glutathionylation
TP53,inhibits,1172,MESH:D000097797,Glyphosate,affects^cotreatment|decreases^expression|decreases^response to substance
TP53,inhibits,1172,MESH:D000097797,Glyphosate,decreases^expression
TP53,inhibits,1172,MESH:C103280,goniothalamin,decreases^reaction|increases^cleavage
TP53,inhibits,1172,MESH:C103280,goniothalamin,decreases^reaction|increases^expression
TP53,inhibits,1172,MESH:C103280,goniothalamin,decreases^reaction|increases^expression|increases^phosphorylation
TP53,inhibits,1172,MESH:D017273,Goserelin,decreases^expression
TP53,inhibits,1172,MESH:C000628730,graphene oxide,decreases^expression
TP53,inhibits,1172,MESH:C412815,GW 4064,decreases^expression
TP53,inhibits,1172,MESH:C120727,gyrophoric acid,decreases^expression
TP53,inhibits,1172,MESH:D055768,Halogenated Diphenyl Ethers,decreases^expression
TP53,inhibits,1172,MESH:D006493,Heparin,decreases^expression
TP53,inhibits,1172,MESH:D006533,Heptachlor,decreases^expression
TP53,inhibits,1172,MESH:C013015,hesperetin,decreases^reaction|increases^activity|increases^phosphorylation
TP53,inhibits,1172,MESH:C013015,hesperetin,decreases^reaction|increases^expression
TP53,inhibits,1172,MESH:C493748,heteronemin,decreases^expression
TP53,inhibits,1172,MESH:C493748,heteronemin,decreases^expression|increases^reaction
TP53,inhibits,1172,MESH:C089796,hexabromocyclododecane,decreases^expression
TP53,inhibits,1172,MESH:D000077863,Homoharringtonine,decreases^reaction|increases^expression
TP53,inhibits,1172,MESH:D006861,Hydrogen Peroxide,decreases^reaction|increases^expression
TP53,inhibits,1172,MESH:D006861,Hydrogen Peroxide,decreases^reaction|increases^activity|increases^expression
TP53,inhibits,1172,MESH:D006861,Hydrogen Peroxide,decreases^reaction|increases^activity|increases^phosphorylation
TP53,inhibits,1172,MESH:D006861,Hydrogen Peroxide,affects^cotreatment|decreases^expression
TP53,inhibits,1172,MESH:D006861,Hydrogen Peroxide,decreases^expression
TP53,inhibits,1172,MESH:D006861,Hydrogen Peroxide,decreases^response to substance
TP53,inhibits,1172,MESH:D006861,Hydrogen Peroxide,decreases^reaction|increases^acetylation|increases^activity
TP53,inhibits,1172,MESH:D006861,Hydrogen Peroxide,decreases^activity|increases^acetylation|increases^reaction
TP53,inhibits,1172,MESH:D006861,Hydrogen Peroxide,decreases^reaction|increases^phosphorylation|increases^reaction
TP53,inhibits,1172,MESH:D006861,Hydrogen Peroxide,decreases^acetylation|decreases^reaction
TP53,inhibits,1172,MESH:D006861,Hydrogen Peroxide,decreases^expression|decreases^reaction
TP53,inhibits,1172,MESH:D006861,Hydrogen Peroxide,decreases^reaction|increases^acetylation|increases^reaction
TP53,inhibits,1172,MESH:D006861,Hydrogen Peroxide,decreases^reaction|increases^acetylation
TP53,inhibits,1172,MESH:C031927,hydroquinone,decreases^reaction|increases^expression
TP53,inhibits,1172,MESH:C031927,hydroquinone,decreases^expression
TP53,inhibits,1172,MESH:C031927,hydroquinone,affects^reaction|decreases^expression
TP53,inhibits,1172,MESH:C031927,hydroquinone,decreases^expression|decreases^reaction
TP53,inhibits,1172,MESH:D006886,Hydroxychloroquine,affects^cotreatment|decreases^localization
TP53,inhibits,1172,MESH:D006886,Hydroxychloroquine,decreases^reaction|increases^expression
TP53,inhibits,1172,MESH:C499403,icaritin,decreases^reaction|increases^phosphorylation
TP53,inhibits,1172,MESH:C499403,icaritin,decreases^degradation|increases^expression|increases^phosphorylation
TP53,inhibits,1172,MESH:C051781,ICI 164384,decreases^reaction|increases^expression
TP53,inhibits,1172,MESH:C016517,indole-3-carbinol,decreases^expression
TP53,inhibits,1172,MESH:C517091,inotodiol,decreases^reaction|increases^expression
TP53,inhibits,1172,MESH:C458886,inuviscolide,decreases^reaction|increases^phosphorylation
TP53,inhibits,1172,MESH:D000077146,Irinotecan,decreases^reaction|increases^phosphorylation
TP53,inhibits,1172,MESH:D007510,Isatin,affects^binding|decreases^reaction|increases^expression
TP53,inhibits,1172,MESH:D007545,Isoproterenol,decreases^expression
TP53,inhibits,1172,MESH:D007559,Ivermectin,affects^localization|decreases^reaction
TP53,inhibits,1172,MESH:C561695,(+)-JQ1 compound,decreases^response to substance
TP53,inhibits,1172,MESH:C561695,(+)-JQ1 compound,decreases^acetylation
TP53,inhibits,1172,MESH:C006552,kaempferol,decreases^expression
TP53,inhibits,1172,MESH:C006552,kaempferol,decreases^reaction|increases^phosphorylation
TP53,inhibits,1172,MESH:C045492,kolaviron,decreases^expression|decreases^reaction
TP53,inhibits,1172,MESH:D007854,Lead,decreases^expression
TP53,inhibits,1172,MESH:D007854,Lead,decreases^reaction|increases^abundance|increases^expression
TP53,inhibits,1172,MESH:C008261,lead acetate,decreases^expression
TP53,inhibits,1172,MESH:C017461,lead nitrate,decreases^reaction|increases^abundance|increases^expression
TP53,inhibits,1172,MESH:C038753,leptomycin B,decreases^degradation|decreases^reaction
TP53,inhibits,1172,MESH:C038753,leptomycin B,decreases^expression|decreases^reaction
TP53,inhibits,1172,MESH:C038753,leptomycin B,affects^localization|decreases^degradation
TP53,inhibits,1172,MESH:C038753,leptomycin B,decreases^degradation
TP53,inhibits,1172,MESH:C038753,leptomycin B,affects^localization|decreases^reaction
TP53,inhibits,1172,MESH:C038753,leptomycin B,affects^cotreatment|decreases^expression
TP53,inhibits,1172,MESH:C038753,leptomycin B,decreases^reaction|increases^expression
TP53,inhibits,1172,MESH:C038753,leptomycin B,decreases^reaction|increases^degradation
TP53,inhibits,1172,MESH:C038753,leptomycin B,decreases^reaction|increases^response to substance
TP53,inhibits,1172,MESH:D007978,Levamisole,decreases^expression
TP53,inhibits,1172,MESH:C027820,ligustilide,decreases^expression|increases^phosphorylation
TP53,inhibits,1172,MESH:D008070,Lipopolysaccharides,decreases^reaction|increases^expression
TP53,inhibits,1172,MESH:D008094,Lithium,affects^binding|decreases^reaction
TP53,inhibits,1172,MESH:D008094,Lithium,affects^localization|decreases^reaction|increases^expression
TP53,inhibits,1172,MESH:C521561,lobetyolin,decreases^phosphorylation
TP53,inhibits,1172,MESH:C558899,lopinavir-ritonavir drug combination,decreases^reaction|increases^expression
TP53,inhibits,1172,MESH:D008148,Lovastatin,decreases^reaction|increases^expression
TP53,inhibits,1172,MESH:C010480,lupeol,decreases^reaction|increases^expression
TP53,inhibits,1172,MESH:D000077276,Lycopene,decreases^expression
TP53,inhibits,1172,MESH:D008277,Magnesium Oxide,affects^cotreatment|decreases^reaction|increases^expression
TP53,inhibits,1172,MESH:D008277,Magnesium Oxide,decreases^reaction|increases^expression
TP53,inhibits,1172,MESH:D008294,Malathion,decreases^reaction|increases^expression
TP53,inhibits,1172,MESH:C015977,malealdehyde,decreases^expression
TP53,inhibits,1172,MESH:C013099,mancozeb,decreases^reaction|increases^expression
TP53,inhibits,1172,MESH:C097284,manganese(III)-tetrakis(4-benzoic acid)porphyrin,decreases^reaction|increases^expression
TP53,inhibits,1172,MESH:C520506,manganese tetrakis-(N-ethyl-2 pyridyl) porphyrin,decreases^activity
TP53,inhibits,1172,MESH:C021053,mangostin,decreases^reaction|increases^expression
TP53,inhibits,1172,MESH:D008353,Mannitol,affects^cotreatment|decreases^reaction|increases^expression
TP53,inhibits,1172,MESH:D000093842,Matrines,decreases^reaction|increases^expression
TP53,inhibits,1172,MESH:D008466,Mechlorethamine,decreases^activity
TP53,inhibits,1172,MESH:D008550,Melatonin,affects^cotreatment|decreases^reaction|increases^expression
TP53,inhibits,1172,MESH:D008550,Melatonin,decreases^reaction|increases^expression|increases^phosphorylation
TP53,inhibits,1172,MESH:D008550,Melatonin,decreases^reaction|increases^expression
TP53,inhibits,1172,MESH:D008687,Metformin,decreases^expression
TP53,inhibits,1172,MESH:D008687,Metformin,affects^cotreatment|decreases^expression
TP53,inhibits,1172,MESH:D008727,Methotrexate,decreases^reaction|increases^expression
TP53,inhibits,1172,MESH:D008727,Methotrexate,decreases^expression
TP53,inhibits,1172,MESH:D008730,Methoxsalen,decreases^reaction|increases^expression
TP53,inhibits,1172,MESH:C013598,methoxyacetic acid,decreases^reaction|increases^expression
TP53,inhibits,1172,MESH:C004925,methylmercuric chloride,decreases^expression
TP53,inhibits,1172,MESH:D008741,Methyl Methanesulfonate,decreases^reaction|increases^activity|increases^expression
TP53,inhibits,1172,MESH:D008741,Methyl Methanesulfonate,affects^cotreatment|decreases^expression
TP53,inhibits,1172,MESH:D008769,Methylnitronitrosoguanidine,decreases^reaction|increases^expression
TP53,inhibits,1172,MESH:D008769,Methylnitronitrosoguanidine,affects^binding|decreases^reaction
TP53,inhibits,1172,MESH:D008769,Methylnitronitrosoguanidine,decreases^response to substance
TP53,inhibits,1172,MESH:D008770,Methylnitrosourea,decreases^expression|increases^reaction
TP53,inhibits,1172,MESH:D015741,Metribolone,decreases^reaction|increases^expression
TP53,inhibits,1172,MESH:C574930,MI-219,affects^binding|decreases^activity
TP53,inhibits,1172,MESH:C059539,midostaurin,decreases^reaction|increases^activity|increases^localization|increases^phosphorylation
TP53,inhibits,1172,MESH:C066851,mithramycin A,affects^binding|decreases^reaction|increases^expression
TP53,inhibits,1172,MESH:D016685,Mitomycin,decreases^reaction|increases^expression
TP53,inhibits,1172,MESH:D008939,Mitotane,affects^cotreatment|decreases^expression
TP53,inhibits,1172,MESH:C016599,mono-(2-ethylhexyl)phthalate,decreases^reaction|increases^activity
TP53,inhibits,1172,MESH:C016599,mono-(2-ethylhexyl)phthalate,decreases^response to substance
TP53,inhibits,1172,MESH:C016599,mono-(2-ethylhexyl)phthalate,decreases^reaction|increases^expression
TP53,inhibits,1172,MESH:C103325,mono-benzyl phthalate,decreases^expression
TP53,inhibits,1172,MESH:C028577,monobutyl phthalate,decreases^expression
TP53,inhibits,1172,MESH:C406082,monomethylarsonous acid,decreases^expression
TP53,inhibits,1172,MESH:C406082,monomethylarsonous acid,decreases^reaction|increases^activity|increases^expression|increases^localization|increases^phosphorylation
TP53,inhibits,1172,MESH:C041105,monomethyl succinate,decreases^reaction|increases^expression
TP53,inhibits,1172,MESH:C575654,morindone,decreases^expression
TP53,inhibits,1172,MESH:C000614007,moringin,affects^cotreatment|decreases^expression
TP53,inhibits,1172,MESH:D009020,Morphine,decreases^reaction|increases^phosphorylation
TP53,inhibits,1172,MESH:D009020,Morphine,decreases^reaction|increases^expression
TP53,inhibits,1172,MESH:C437683,motexafin gadolinium,affects^cotreatment|decreases^expression|decreases^reaction
TP53,inhibits,1172,MESH:C437683,motexafin gadolinium,affects^cotreatment|decreases^expression
TP53,inhibits,1172,MESH:C523799,MRK 003,decreases^reaction|increases^expression
TP53,inhibits,1172,MESH:D009150,Mustard Compounds,decreases^reaction|increases^phosphorylation
TP53,inhibits,1172,MESH:D009151,Mustard Gas,decreases^reaction|increases^expression
TP53,inhibits,1172,MESH:D009151,Mustard Gas,decreases^reaction|increases^phosphorylation
TP53,inhibits,1172,MESH:C008577,myricitrin,decreases^reaction|increases^expression
TP53,inhibits,1172,MESH:C059685,"N(1),N(11)-diethylnorspermine",decreases^reaction|increases^activity|increases^cleavage|increases^reaction
TP53,inhibits,1172,MESH:C059685,"N(1),N(11)-diethylnorspermine",decreases^expression|decreases^reaction|increases^reaction
TP53,inhibits,1172,MESH:C469937,"N(2)-(2-aminocyclohexyl)-N(6)-(3-chlorophenyl)-9-ethyl-9H-purine-2,6-diamine",decreases^reaction|increases^expression
TP53,inhibits,1172,MESH:C080955,N-(2-cyclohexyloxy-4-nitrophenyl)methanesulfonamide,decreases^activity|decreases^reaction|increases^activity
TP53,inhibits,1172,MESH:C080955,N-(2-cyclohexyloxy-4-nitrophenyl)methanesulfonamide,decreases^activity|decreases^reaction|increases^phosphorylation
TP53,inhibits,1172,MESH:C080955,N-(2-cyclohexyloxy-4-nitrophenyl)methanesulfonamide,decreases^reaction|increases^expression
TP53,inhibits,1172,MESH:C080955,N-(2-cyclohexyloxy-4-nitrophenyl)methanesulfonamide,decreases^reaction|increases^phosphorylation
TP53,inhibits,1172,MESH:C080955,N-(2-cyclohexyloxy-4-nitrophenyl)methanesulfonamide,decreases^expression
TP53,inhibits,1172,MESH:C556398,N-(2-(dimethylamino)ethyl)-2-aminothiazonaphthalimide,decreases^expression|decreases^reaction
TP53,inhibits,1172,MESH:C556398,N-(2-(dimethylamino)ethyl)-2-aminothiazonaphthalimide,decreases^reaction|increases^expression
TP53,inhibits,1172,MESH:C555658,N-(4-((3-(2-amino-4-pyrimidinyl)-2-pyridinyl)oxy)phenyl)-4-(4-methyl-2-thienyl)-1-phthalazinamine,affects^binding|decreases^reaction
TP53,inhibits,1172,MESH:C064769,N-acetylsphingosine,decreases^reaction|increases^expression
TP53,inhibits,1172,MESH:D009243,NAD,affects^cotreatment|decreases^acetylation|increases^activity|increases^phosphorylation
TP53,inhibits,1172,MESH:D009243,NAD,affects^cotreatment|decreases^reaction|increases^mutagenesis
TP53,inhibits,1172,MESH:D009243,NAD,decreases^expression
TP53,inhibits,1172,MESH:D009270,Naloxone,decreases^reaction|increases^expression
TP53,inhibits,1172,MESH:D009270,Naloxone,decreases^reaction|increases^phosphorylation
TP53,inhibits,1172,MESH:D037742,"Nanotubes, Carbon",decreases^expression
TP53,inhibits,1172,MESH:D037742,"Nanotubes, Carbon",decreases^expression|increases^phosphorylation
TP53,inhibits,1172,MESH:C046170,naphthenic acid,decreases^reaction|increases^abundance|increases^expression
TP53,inhibits,1172,MESH:C005273,naringenin,decreases^reaction|increases^activity|increases^phosphorylation
TP53,inhibits,1172,MESH:C101954,N-caproylsphingosine,affects^splicing|decreases^reaction|increases^expression
TP53,inhibits,1172,MESH:C101954,N-caproylsphingosine,decreases^reaction|increases^expression
TP53,inhibits,1172,MESH:C507699,necrostatin-1,decreases^reaction|increases^phosphorylation
TP53,inhibits,1172,MESH:C002701,neocuproine,affects^cotreatment|decreases^reaction|increases^expression
TP53,inhibits,1172,MESH:C010463,n-hexanal,decreases^expression
TP53,inhibits,1172,MESH:D009536,Niacinamide,decreases^expression
TP53,inhibits,1172,MESH:D009536,Niacinamide,decreases^activity|increases^acetylation|increases^reaction
TP53,inhibits,1172,MESH:D009536,Niacinamide,decreases^acetylation|decreases^activity
TP53,inhibits,1172,MESH:D009536,Niacinamide,decreases^reaction|increases^expression
TP53,inhibits,1172,MESH:D009532,Nickel,decreases^expression
TP53,inhibits,1172,MESH:C022838,nickel chloride,decreases^activity
TP53,inhibits,1172,MESH:C022838,nickel chloride,decreases^reaction|increases^activity
TP53,inhibits,1172,MESH:C022838,nickel chloride,affects^binding|decreases^activity|decreases^reaction
TP53,inhibits,1172,MESH:C022838,nickel chloride,decreases^response to substance
TP53,inhibits,1172,MESH:C022838,nickel chloride,decreases^cleavage|decreases^reaction|increases^activity
TP53,inhibits,1172,MESH:C022838,nickel chloride,decreases^cleavage|decreases^response to substance
TP53,inhibits,1172,MESH:C029938,nickel sulfate,decreases^reaction|increases^phosphorylation
TP53,inhibits,1172,MESH:D009534,Niclosamide,decreases^response to substance
TP53,inhibits,1172,MESH:D009534,Niclosamide,decreases^reaction|increases^expression
TP53,inhibits,1172,MESH:D009538,Nicotine,decreases^expression|increases^phosphorylation|increases^ubiquitination
TP53,inhibits,1172,MESH:D009538,Nicotine,decreases^reaction|increases^expression
TP53,inhibits,1172,MESH:D009538,Nicotine,decreases^expression
TP53,inhibits,1172,MESH:D009538,Nicotine,decreases^expression|decreases^reaction
TP53,inhibits,1172,MESH:D009569,Nitric Oxide,decreases^reaction|increases^phosphorylation
TP53,inhibits,1172,MESH:D009588,Nitrogen Mustard Compounds,decreases^reaction|increases^phosphorylation
TP53,inhibits,1172,MESH:D009589,Nitrogen Oxides,decreases^reaction|increases^expression
TP53,inhibits,1172,MESH:C419410,"N-(N-(3,5-difluorophenacetyl)alanyl)phenylglycine tert-butyl ester",decreases^expression|decreases^reaction
TP53,inhibits,1172,MESH:C419410,"N-(N-(3,5-difluorophenacetyl)alanyl)phenylglycine tert-butyl ester",decreases^expression
TP53,inhibits,1172,MESH:C044387,"N,N,N',N'-tetrakis(2-pyridylmethyl)ethylenediamine",affects^cotreatment|decreases^expression|decreases^reaction
TP53,inhibits,1172,MESH:C044387,"N,N,N',N'-tetrakis(2-pyridylmethyl)ethylenediamine",decreases^expression|decreases^reaction
TP53,inhibits,1172,MESH:C044387,"N,N,N',N'-tetrakis(2-pyridylmethyl)ethylenediamine",decreases^reaction|increases^expression
TP53,inhibits,1172,MESH:C010615,Nonidet P-40,decreases^expression
TP53,inhibits,1172,MESH:C434926,"N-(oxo-5,6-dihydrophenanthridin-2-yl)-N,N-dimethylacetamide hydrochloride",affects^binding|decreases^reaction|increases^reaction
TP53,inhibits,1172,MESH:C434926,"N-(oxo-5,6-dihydrophenanthridin-2-yl)-N,N-dimethylacetamide hydrochloride",decreases^reaction|increases^acetylation
TP53,inhibits,1172,MESH:C434926,"N-(oxo-5,6-dihydrophenanthridin-2-yl)-N,N-dimethylacetamide hydrochloride",decreases^expression
TP53,inhibits,1172,MESH:C434926,"N-(oxo-5,6-dihydrophenanthridin-2-yl)-N,N-dimethylacetamide hydrochloride",affects^cotreatment|decreases^expression|increases^reaction
TP53,inhibits,1172,MESH:C434926,"N-(oxo-5,6-dihydrophenanthridin-2-yl)-N,N-dimethylacetamide hydrochloride",decreases^reaction|increases^acetylation|increases^reaction
TP53,inhibits,1172,MESH:C553898,NSC 724998,decreases^response to substance
TP53,inhibits,1172,MESH:C482205,nutlin 3,decreases^response to substance|increases^expression|increases^response to substance
TP53,inhibits,1172,MESH:C482205,nutlin 3,decreases^reaction|increases^expression
TP53,inhibits,1172,MESH:C482205,nutlin 3,decreases^reaction|increases^activity
TP53,inhibits,1172,MESH:C482205,nutlin 3,affects^binding|decreases^activity
TP53,inhibits,1172,MESH:C482205,nutlin 3,decreases^reaction|increases^cleavage
TP53,inhibits,1172,MESH:C482205,nutlin 3,affects^binding|decreases^reaction
TP53,inhibits,1172,MESH:C482205,nutlin 3,affects^cotreatment|decreases^expression|decreases^reaction
TP53,inhibits,1172,MESH:C482205,nutlin 3,affects^binding|decreases^reaction|increases^activity
TP53,inhibits,1172,MESH:C025589,ochratoxin A,decreases^expression|decreases^reaction
TP53,inhibits,1172,MESH:D015282,Octreotide,decreases^expression
TP53,inhibits,1172,MESH:D019319,Okadaic Acid,decreases^expression
TP53,inhibits,1172,MESH:D019319,Okadaic Acid,affects^localization|decreases^reaction|increases^reaction
TP53,inhibits,1172,MESH:C531550,olaparib,affects^cotreatment|affects^reaction|decreases^reaction|increases^phosphorylation
TP53,inhibits,1172,MESH:C013168,olaquindox,decreases^expression
TP53,inhibits,1172,MESH:C013168,olaquindox,decreases^expression|decreases^reaction
TP53,inhibits,1172,MESH:C008701,oleandrigenin,decreases^expression
TP53,inhibits,1172,MESH:D019301,Oleic Acid,affects^cotreatment|decreases^reaction|increases^expression
TP53,inhibits,1172,MESH:C090046,olomoucine,decreases^phosphorylation|decreases^reaction
TP53,inhibits,1172,MESH:C090046,olomoucine,decreases^phosphorylation|decreases^reaction|increases^reaction
TP53,inhibits,1172,MESH:D010755,Organophosphates,decreases^expression
TP53,inhibits,1172,MESH:D010042,Ouabain,decreases^expression|increases^phosphorylation
TP53,inhibits,1172,MESH:D000077150,Oxaliplatin,decreases^response to substance|increases^expression
TP53,inhibits,1172,MESH:D000077150,Oxaliplatin,decreases^phosphorylation|decreases^reaction|increases^expression
TP53,inhibits,1172,MESH:D000077150,Oxaliplatin,decreases^activity|decreases^response to substance
TP53,inhibits,1172,MESH:D000077150,Oxaliplatin,affects^reaction|decreases^activity
TP53,inhibits,1172,MESH:D000077150,Oxaliplatin,decreases^activity|decreases^response to substance|increases^activity
TP53,inhibits,1172,MESH:D000077150,Oxaliplatin,decreases^reaction|increases^expression
TP53,inhibits,1172,MESH:D000077150,Oxaliplatin,affects^cotreatment|decreases^reaction|increases^activity
TP53,inhibits,1172,MESH:D000077150,Oxaliplatin,affects^reaction|decreases^expression
TP53,inhibits,1172,MESH:D010100,Oxygen,decreases^reaction|increases^phosphorylation
TP53,inhibits,1172,MESH:D010100,Oxygen,affects^reaction|decreases^reaction|increases^expression
TP53,inhibits,1172,MESH:D010100,Oxygen,affects^cotreatment|decreases^reaction|increases^expression
TP53,inhibits,1172,MESH:D010100,Oxygen,affects^cotreatment|decreases^expression
TP53,inhibits,1172,MESH:D010100,Oxygen,decreases^reaction|increases^expression
TP53,inhibits,1172,MESH:D010126,Ozone,affects^cotreatment|decreases^reaction|increases^expression
TP53,inhibits,1172,MESH:D017239,Paclitaxel,decreases^expression
TP53,inhibits,1172,MESH:D017239,Paclitaxel,decreases^response to substance
TP53,inhibits,1172,MESH:D017239,Paclitaxel,decreases^reaction|decreases^response to substance
TP53,inhibits,1172,MESH:D017239,Paclitaxel,decreases^reaction|increases^expression
TP53,inhibits,1172,MESH:C500026,palbociclib,decreases^response to substance
TP53,inhibits,1172,MESH:D010168,Palmitates,decreases^reaction|increases^acetylation|increases^reaction
TP53,inhibits,1172,MESH:D010168,Palmitates,decreases^reaction|increases^acetylation
TP53,inhibits,1172,MESH:D019308,Palmitic Acid,affects^cotreatment|decreases^reaction|increases^expression
TP53,inhibits,1172,MESH:D019308,Palmitic Acid,affects^cotreatment|decreases^reaction|increases^acetylation
TP53,inhibits,1172,MESH:D010278,Parathion,decreases^reaction|increases^expression
TP53,inhibits,1172,MESH:D052638,Particulate Matter,decreases^expression|increases^abundance
TP53,inhibits,1172,MESH:D052638,Particulate Matter,decreases^reaction|increases^expression
TP53,inhibits,1172,MESH:D052638,Particulate Matter,affects^reaction|decreases^expression
TP53,inhibits,1172,MESH:D052638,Particulate Matter,decreases^expression|increases^abundance|increases^expression
TP53,inhibits,1172,MESH:D052638,Particulate Matter,decreases^expression
TP53,inhibits,1172,MESH:D052638,Particulate Matter,decreases^expression|decreases^phosphorylation
TP53,inhibits,1172,MESH:D052638,Particulate Matter,decreases^expression|decreases^reaction
TP53,inhibits,1172,MESH:D010396,Penicillamine,decreases^expression
TP53,inhibits,1172,MESH:D010419,Pentamidine,decreases^reaction|increases^acetylation
TP53,inhibits,1172,MESH:C046012,pentanal,decreases^expression
TP53,inhibits,1172,MESH:D004369,Pentetic Acid,decreases^reaction|increases^expression
TP53,inhibits,1172,MESH:D004369,Pentetic Acid,decreases^reaction|increases^phosphorylation
TP53,inhibits,1172,MESH:C015423,peoniflorin,decreases^reaction|increases^expression
TP53,inhibits,1172,MESH:C471071,perfluorohexanesulfonic acid,decreases^expression
TP53,inhibits,1172,MESH:C076994,perfluorooctane sulfonic acid,decreases^expression
TP53,inhibits,1172,MESH:C011272,perfosfamide,decreases^reaction|increases^expression
TP53,inhibits,1172,MESH:D010479,Pergolide,decreases^reaction|increases^expression
TP53,inhibits,1172,MESH:C105905,perifosine,decreases^reaction|increases^expression
TP53,inhibits,1172,MESH:D010575,Pesticides,decreases^expression
TP53,inhibits,1172,MESH:C570314,PF-429242,decreases^expression
TP53,inhibits,1172,MESH:C066330,phenylhydroquinone,affects^cotreatment|decreases^reaction|increases^mutagenesis
TP53,inhibits,1172,MESH:D010713,Phosphatidylcholines,decreases^reaction|increases^expression
TP53,inhibits,1172,MESH:D010798,Phycocyanin,decreases^reaction|increases^expression
TP53,inhibits,1172,MESH:D010833,Phytic Acid,decreases^reaction|increases^expression
TP53,inhibits,1172,MESH:D064209,Phytochemicals,decreases^reaction|increases^phosphorylation
TP53,inhibits,1172,MESH:C522973,PI103,decreases^reaction|increases^expression
TP53,inhibits,1172,MESH:C121565,pifithrin,decreases^reaction|increases^expression
TP53,inhibits,1172,MESH:C121565,pifithrin,decreases^activity|decreases^response to substance|increases^activity
TP53,inhibits,1172,MESH:C121565,pifithrin,decreases^activity|decreases^response to substance
TP53,inhibits,1172,MESH:C121565,pifithrin,decreases^activity
TP53,inhibits,1172,MESH:C121565,pifithrin,decreases^reaction|increases^activity|increases^phosphorylation
TP53,inhibits,1172,MESH:C121565,pifithrin,affects^cotreatment|decreases^reaction|increases^phosphorylation
TP53,inhibits,1172,MESH:C121565,pifithrin,decreases^reaction|increases^activity
TP53,inhibits,1172,MESH:C121565,pifithrin,decreases^reaction|increases^abundance|increases^expression
TP53,inhibits,1172,MESH:C121565,pifithrin,decreases^phosphorylation|decreases^reaction|increases^expression
TP53,inhibits,1172,MESH:C121565,pifithrin,decreases^phosphorylation
TP53,inhibits,1172,MESH:C121565,pifithrin,affects^localization|decreases^reaction
TP53,inhibits,1172,MESH:C121565,pifithrin,decreases^reaction|increases^expression|increases^phosphorylation
TP53,inhibits,1172,MESH:C121565,pifithrin,decreases^response to substance|increases^expression
TP53,inhibits,1172,MESH:C121565,pifithrin,decreases^expression|decreases^reaction|increases^reaction
TP53,inhibits,1172,MESH:C121565,pifithrin,decreases^response to substance|increases^activity
TP53,inhibits,1172,MESH:C121565,pifithrin,decreases^reaction|increases^expression|increases^reaction
TP53,inhibits,1172,MESH:C121565,pifithrin,decreases^expression|decreases^reaction
TP53,inhibits,1172,MESH:C121565,pifithrin,decreases^expression|decreases^phosphorylation
TP53,inhibits,1172,MESH:C121565,pifithrin,decreases^reaction|increases^response to substance
TP53,inhibits,1172,MESH:C121565,pifithrin,decreases^reaction|increases^phosphorylation
TP53,inhibits,1172,MESH:C121565,pifithrin,decreases^reaction|increases^phosphorylation|increases^reaction
TP53,inhibits,1172,MESH:C121565,pifithrin,decreases^expression
TP53,inhibits,1172,MESH:C008922,piperine,affects^cotreatment|decreases^expression
TP53,inhibits,1172,MESH:D010936,Plant Extracts,decreases^expression
TP53,inhibits,1172,MESH:D010936,Plant Extracts,decreases^reaction|increases^expression
TP53,inhibits,1172,MESH:D017671,Platinum Compounds,decreases^reaction|decreases^response to substance
TP53,inhibits,1172,MESH:D017671,Platinum Compounds,decreases^response to substance
TP53,inhibits,1172,MESH:C108953,platycodin D,decreases^expression
TP53,inhibits,1172,MESH:D011078,Polychlorinated Biphenyls,decreases^expression
TP53,inhibits,1172,MESH:D011084,Polycyclic Aromatic Hydrocarbons,decreases^methylation
TP53,inhibits,1172,MESH:C060540,polyhexamethyleneguanidine,decreases^reaction|increases^phosphorylation
TP53,inhibits,1172,MESH:C008971,polymarcine,affects^cotreatment|decreases^expression|decreases^response to substance
TP53,inhibits,1172,MESH:D011112,Polymyxin B,decreases^expression|increases^reaction
TP53,inhibits,1172,MESH:D011112,Polymyxin B,decreases^reaction|increases^acetylation
TP53,inhibits,1172,MESH:D011112,Polymyxin B,decreases^reaction|increases^acetylation|increases^reaction
TP53,inhibits,1172,MESH:C472086,polyphenon E,decreases^expression|increases^reaction
TP53,inhibits,1172,MESH:C019536,potassium bromate,decreases^reaction|increases^phosphorylation
TP53,inhibits,1172,MESH:C027373,potassium chromate(VI),decreases^reaction|increases^expression
TP53,inhibits,1172,MESH:D011192,Potassium Dichromate,decreases^reaction|increases^phosphorylation
TP53,inhibits,1172,MESH:D011205,Povidone,affects^cotreatment|decreases^expression
TP53,inhibits,1172,MESH:C000708871,pradimicin-IRD,affects^reaction|decreases^expression
TP53,inhibits,1172,MESH:D017035,Pravastatin,decreases^degradation|decreases^reaction
TP53,inhibits,1172,MESH:D017035,Pravastatin,decreases^reaction|increases^expression
TP53,inhibits,1172,MESH:C023617,"pregna-4,17-diene-3,16-dione",affects^reaction|decreases^reaction|increases^expression
TP53,inhibits,1172,MESH:C023617,"pregna-4,17-diene-3,16-dione",decreases^reaction|increases^expression
TP53,inhibits,1172,MESH:C017674,procyanidin,decreases^phosphorylation
TP53,inhibits,1172,MESH:D011374,Progesterone,decreases^expression
TP53,inhibits,1172,MESH:D011374,Progesterone,decreases^abundance
TP53,inhibits,1172,MESH:D011374,Progesterone,decreases^reaction|increases^expression
TP53,inhibits,1172,MESH:D011372,Progestins,decreases^reaction|increases^expression
TP53,inhibits,1172,MESH:C066229,prolinedithiocarbamate,affects^cotreatment|decreases^expression
TP53,inhibits,1172,MESH:C066229,prolinedithiocarbamate,decreases^reaction|increases^phosphorylation
TP53,inhibits,1172,MESH:C066229,prolinedithiocarbamate,affects^cotreatment|decreases^expression|decreases^reaction
TP53,inhibits,1172,MESH:C005556,propionaldehyde,decreases^expression
TP53,inhibits,1172,MESH:D011460,Prostaglandins F,decreases^secretion
TP53,inhibits,1172,MESH:C043680,ptaquiloside,decreases^expression
TP53,inhibits,1172,MESH:C432165,pyrazolanthrone,decreases^reaction|increases^expression
TP53,inhibits,1172,MESH:C432165,pyrazolanthrone,decreases^reaction|increases^activity|increases^expression|increases^phosphorylation
TP53,inhibits,1172,MESH:C432165,pyrazolanthrone,decreases^reaction|increases^stability
TP53,inhibits,1172,MESH:C432165,pyrazolanthrone,decreases^reaction|increases^phosphorylation
TP53,inhibits,1172,MESH:C432165,pyrazolanthrone,decreases^expression
TP53,inhibits,1172,MESH:C010423,pyrithione zinc,decreases^reaction|increases^expression
TP53,inhibits,1172,MESH:C010423,pyrithione zinc,decreases^reaction|increases^phosphorylation
TP53,inhibits,1172,MESH:D011748,Pyrogallol,decreases^reaction|increases^expression
TP53,inhibits,1172,MESH:D011758,Pyrroles,decreases^reaction|increases^phosphorylation
TP53,inhibits,1172,MESH:C020972,pyrrolidine dithiocarbamic acid,decreases^reaction|increases^abundance|increases^expression|increases^oxidation
TP53,inhibits,1172,MESH:D011791,Quartz,decreases^expression|increases^reaction
TP53,inhibits,1172,MESH:D011791,Quartz,decreases^expression|decreases^reaction
TP53,inhibits,1172,MESH:D011791,Quartz,decreases^expression
TP53,inhibits,1172,MESH:D011794,Quercetin,decreases^reaction|increases^phosphorylation
TP53,inhibits,1172,MESH:D011794,Quercetin,affects^activity|decreases^reaction
TP53,inhibits,1172,MESH:D011794,Quercetin,decreases^degradation|increases^stability
TP53,inhibits,1172,MESH:D011794,Quercetin,decreases^reaction|increases^phosphorylation|increases^reaction
TP53,inhibits,1172,MESH:D011794,Quercetin,affects^cotreatment|decreases^expression
TP53,inhibits,1172,MESH:D011794,Quercetin,decreases^expression
TP53,inhibits,1172,MESH:D011794,Quercetin,decreases^reaction|increases^activity|increases^phosphorylation
TP53,inhibits,1172,MESH:D011794,Quercetin,decreases^ubiquitination|increases^stability
TP53,inhibits,1172,MESH:D011794,Quercetin,decreases^reaction|increases^expression
TP53,inhibits,1172,MESH:C523166,quercetin 3-O-beta-(2''-galloyl)-rhamnopyranoside,decreases^reaction|increases^expression
TP53,inhibits,1172,MESH:C544967,quizartinib,decreases^expression|increases^reaction
TP53,inhibits,1172,MESH:C544967,quizartinib,decreases^expression
TP53,inhibits,1172,MESH:C068874,raltitrexed,decreases^reaction|increases^phosphorylation
TP53,inhibits,1172,MESH:D017382,Reactive Oxygen Species,decreases^reaction|increases^abundance
TP53,inhibits,1172,MESH:D017382,Reactive Oxygen Species,affects^cotreatment|decreases^expression|increases^abundance|increases^expression|increases^phosphorylation|increases^stability
TP53,inhibits,1172,MESH:D017382,Reactive Oxygen Species,affects^localization|decreases^reaction
TP53,inhibits,1172,MESH:D000077185,Resveratrol,decreases^reaction|increases^acetylation|increases^reaction
TP53,inhibits,1172,MESH:D000077185,Resveratrol,affects^cotreatment|decreases^reaction|increases^expression
TP53,inhibits,1172,MESH:D000077185,Resveratrol,decreases^reaction|increases^acetylation
TP53,inhibits,1172,MESH:D000077185,Resveratrol,decreases^reaction|increases^activity|increases^localization|increases^phosphorylation
TP53,inhibits,1172,MESH:D000077185,Resveratrol,decreases^reaction|increases^phosphorylation
TP53,inhibits,1172,MESH:D000077185,Resveratrol,affects^localization|decreases^reaction
TP53,inhibits,1172,MESH:D000077185,Resveratrol,decreases^activity
TP53,inhibits,1172,MESH:D000077185,Resveratrol,affects^reaction|decreases^reaction|increases^activity|increases^localization|increases^phosphorylation
TP53,inhibits,1172,MESH:D000077185,Resveratrol,decreases^reaction|increases^phosphorylation|increases^reaction
TP53,inhibits,1172,MESH:D000077185,Resveratrol,decreases^reaction|increases^activity|increases^phosphorylation
TP53,inhibits,1172,MESH:D000077185,Resveratrol,decreases^ubiquitination|increases^expression
TP53,inhibits,1172,MESH:D000077185,Resveratrol,decreases^ubiquitination
TP53,inhibits,1172,MESH:D000077185,Resveratrol,decreases^reaction|increases^acetylation|increases^activity
TP53,inhibits,1172,MESH:D000077185,Resveratrol,affects^binding|decreases^reaction
TP53,inhibits,1172,MESH:D000077185,Resveratrol,decreases^expression|decreases^reaction
TP53,inhibits,1172,MESH:D000077185,Resveratrol,decreases^reaction|increases^response to substance
TP53,inhibits,1172,MESH:D000077185,Resveratrol,affects^reaction|decreases^expression
TP53,inhibits,1172,MESH:D000077185,Resveratrol,decreases^activity|decreases^reaction|increases^activity
TP53,inhibits,1172,MESH:D000077185,Resveratrol,affects^binding|decreases^expression|decreases^reaction|increases^acetylation|increases^activity
TP53,inhibits,1172,MESH:D000077185,Resveratrol,decreases^reaction|increases^expression|increases^phosphorylation
TP53,inhibits,1172,MESH:D000077185,Resveratrol,affects^localization|decreases^reaction|increases^activity|increases^phosphorylation
TP53,inhibits,1172,MESH:D000077185,Resveratrol,decreases^reaction|increases^expression
TP53,inhibits,1172,MESH:D000077185,Resveratrol,affects^cotreatment|decreases^acetylation|increases^activity|increases^phosphorylation
TP53,inhibits,1172,MESH:D000077185,Resveratrol,affects^binding|decreases^reaction|increases^reaction
TP53,inhibits,1172,MESH:D000077185,Resveratrol,affects^binding|decreases^acetylation|increases^activity|increases^reaction
TP53,inhibits,1172,MESH:C000603861,RGFP966,decreases^expression|increases^reaction
TP53,inhibits,1172,MESH:D019438,Ritonavir,decreases^reaction|increases^expression
TP53,inhibits,1172,MESH:C512984,RO 3306,decreases^reaction|increases^expression
TP53,inhibits,1172,MESH:C087123,romidepsin,decreases^expression|increases^reaction
TP53,inhibits,1172,MESH:D000077154,Rosiglitazone,decreases^expression|increases^expression|increases^reaction
TP53,inhibits,1172,MESH:D000077154,Rosiglitazone,decreases^expression|decreases^reaction
TP53,inhibits,1172,MESH:D000077154,Rosiglitazone,decreases^expression
TP53,inhibits,1172,MESH:D012402,Rotenone,decreases^expression
TP53,inhibits,1172,MESH:D012402,Rotenone,affects^binding|decreases^reaction|increases^reaction
TP53,inhibits,1172,MESH:D012402,Rotenone,decreases^reaction|increases^expression
TP53,inhibits,1172,MESH:C101044,RTKI cpd,decreases^reaction|increases^expression
TP53,inhibits,1172,MESH:C079905,rubitecan,decreases^reaction|increases^expression
TP53,inhibits,1172,MESH:D012431,Rutin,decreases^reaction|increases^expression
TP53,inhibits,1172,MESH:C046570,S-(2-chloroethyl)glutathione,decreases^activity|increases^mutagenesis
TP53,inhibits,1172,MESH:C025759,saikosaponin D,decreases^expression
TP53,inhibits,1172,MESH:C010327,salinomycin,decreases^expression
TP53,inhibits,1172,MESH:C065299,S-allylcysteine,decreases^reaction|increases^phosphorylation
TP53,inhibits,1172,MESH:C076944,salvianolic acid B,decreases^acetylation
TP53,inhibits,1172,MESH:C121329,sanglifehrin A,affects^localization|decreases^reaction
TP53,inhibits,1172,MESH:C003402,sapropterin,decreases^reaction|increases^expression
TP53,inhibits,1172,MESH:C093642,SB 203580,decreases^reaction|increases^expression
TP53,inhibits,1172,MESH:C093642,SB 203580,affects^localization|decreases^reaction
TP53,inhibits,1172,MESH:C093642,SB 203580,decreases^reaction|increases^phosphorylation
TP53,inhibits,1172,MESH:C093642,SB 203580,affects^cotreatment|decreases^reaction|increases^phosphorylation
TP53,inhibits,1172,MESH:C417521,SB 216763,affects^localization|decreases^reaction|increases^expression
TP53,inhibits,1172,MESH:D012643,Selenium,decreases^expression
TP53,inhibits,1172,MESH:D012643,Selenium,affects^cotreatment|decreases^reaction|increases^expression
TP53,inhibits,1172,MESH:D012645,Selenomethionine,decreases^activity
TP53,inhibits,1172,MESH:D012645,Selenomethionine,decreases^reaction|increases^activity
TP53,inhibits,1172,MESH:C042431,S-ethyl glutathione,decreases^reaction|increases^expression
TP53,inhibits,1172,MESH:D000068677,Sildenafil Citrate,decreases^reaction|increases^response to substance
TP53,inhibits,1172,MESH:D012822,Silicon Dioxide,affects^localization|decreases^reaction|increases^acetylation|increases^phosphorylation
TP53,inhibits,1172,MESH:D012822,Silicon Dioxide,decreases^reaction|increases^expression
TP53,inhibits,1172,MESH:D012822,Silicon Dioxide,decreases^expression
TP53,inhibits,1172,MESH:C555142,silmitasertib,decreases^expression
TP53,inhibits,1172,MESH:D012834,Silver,affects^cotreatment|decreases^expression
TP53,inhibits,1172,MESH:D018030,Silver Compounds,affects^binding|affects^cotreatment|decreases^expression
TP53,inhibits,1172,MESH:D012835,Silver Nitrate,decreases^expression
TP53,inhibits,1172,MESH:D000077385,Silybin,decreases^reaction|increases^phosphorylation
TP53,inhibits,1172,MESH:D000077385,Silybin,decreases^reaction|increases^expression
TP53,inhibits,1172,MESH:D019821,Simvastatin,decreases^reaction|increases^expression
TP53,inhibits,1172,MESH:D020123,Sirolimus,decreases^reaction|increases^phosphorylation
TP53,inhibits,1172,MESH:D020123,Sirolimus,decreases^phosphorylation
TP53,inhibits,1172,MESH:D020123,Sirolimus,decreases^reaction|increases^phosphorylation|increases^reaction
TP53,inhibits,1172,MESH:D020123,Sirolimus,decreases^activity|decreases^phosphorylation
TP53,inhibits,1172,MESH:C439060,sirtinol,decreases^activity|increases^acetylation|increases^reaction
TP53,inhibits,1172,MESH:D012906,Smoke,decreases^reaction|increases^expression
TP53,inhibits,1172,MESH:C118258,SN50 peptide,decreases^reaction|increases^expression
TP53,inhibits,1172,MESH:C021315,S-nitrosocysteine,decreases^acetylation|decreases^reaction
TP53,inhibits,1172,MESH:D026422,S-Nitrosoglutathione,decreases^expression|decreases^reaction
TP53,inhibits,1172,MESH:D026422,S-Nitrosoglutathione,affects^binding|decreases^reaction|increases^nitrosation
TP53,inhibits,1172,MESH:D026422,S-Nitrosoglutathione,decreases^expression|decreases^reaction|increases^nitrosation
TP53,inhibits,1172,MESH:D026422,S-Nitrosoglutathione,affects^binding|decreases^reaction
TP53,inhibits,1172,MESH:C017947,sodium arsenite,decreases^expression|decreases^reaction
TP53,inhibits,1172,MESH:C017947,sodium arsenite,decreases^expression|increases^reaction
TP53,inhibits,1172,MESH:C017947,sodium arsenite,affects^reaction|decreases^expression
TP53,inhibits,1172,MESH:C017947,sodium arsenite,decreases^phosphorylation
TP53,inhibits,1172,MESH:C017947,sodium arsenite,decreases^acetylation|increases^expression|increases^phosphorylation
TP53,inhibits,1172,MESH:C017947,sodium arsenite,affects^localization|decreases^reaction|increases^expression
TP53,inhibits,1172,MESH:C017947,sodium arsenite,decreases^reaction|increases^cleavage
TP53,inhibits,1172,MESH:C017947,sodium arsenite,decreases^methylation
TP53,inhibits,1172,MESH:C017947,sodium arsenite,decreases^reaction|increases^phosphorylation
TP53,inhibits,1172,MESH:C017947,sodium arsenite,affects^reaction|decreases^phosphorylation
TP53,inhibits,1172,MESH:C017947,sodium arsenite,decreases^expression
TP53,inhibits,1172,MESH:C017947,sodium arsenite,decreases^phosphorylation|decreases^reaction
TP53,inhibits,1172,MESH:C017947,sodium arsenite,decreases^response to substance
TP53,inhibits,1172,MESH:C017947,sodium arsenite,decreases^reaction|increases^expression
TP53,inhibits,1172,MESH:C017947,sodium arsenite,affects^localization|decreases^expression
TP53,inhibits,1172,MESH:C017947,sodium arsenite,decreases^reaction|increases^expression|increases^phosphorylation
TP53,inhibits,1172,MESH:C017947,sodium arsenite,affects^reaction|decreases^degradation|increases^expression
TP53,inhibits,1172,MESH:C017947,sodium arsenite,affects^binding|decreases^reaction
TP53,inhibits,1172,MESH:C017947,sodium arsenite,decreases^reaction|increases^degradation
TP53,inhibits,1172,MESH:C017947,sodium arsenite,affects^localization|decreases^reaction
TP53,inhibits,1172,MESH:C017947,sodium arsenite,decreases^reaction|increases^activity
TP53,inhibits,1172,MESH:C017947,sodium arsenite,decreases^expression|increases^degradation
TP53,inhibits,1172,MESH:C017947,sodium arsenite,affects^cotreatment|decreases^reaction|increases^phosphorylation
TP53,inhibits,1172,MESH:D019810,Sodium Azide,decreases^reaction|increases^expression
TP53,inhibits,1172,MESH:D020160,Sodium Benzoate,decreases^reaction|increases^expression
TP53,inhibits,1172,MESH:C016104,sodium bichromate,decreases^expression
TP53,inhibits,1172,MESH:C016104,sodium bichromate,decreases^reaction|increases^expression
TP53,inhibits,1172,MESH:C005200,sodium metabisulfite,decreases^expression
TP53,inhibits,1172,MESH:D018038,Sodium Selenite,decreases^reaction|increases^expression
TP53,inhibits,1172,MESH:D018038,Sodium Selenite,decreases^reaction|increases^activity
TP53,inhibits,1172,MESH:D053260,Soot,decreases^expression
TP53,inhibits,1172,MESH:C091861,spermine nitric oxide complex,decreases^reaction|increases^phosphorylation
TP53,inhibits,1172,MESH:D019311,Staurosporine,decreases^reaction|increases^activity|increases^localization|increases^phosphorylation
TP53,inhibits,1172,MESH:D019311,Staurosporine,affects^binding|decreases^reaction
TP53,inhibits,1172,MESH:C016766,sulforaphane,decreases^reaction|increases^expression
TP53,inhibits,1172,MESH:C016766,sulforaphane,decreases^expression
TP53,inhibits,1172,MESH:D013467,Sulindac,affects^localization|decreases^reaction
TP53,inhibits,1172,MESH:C025462,sulindac sulfide,decreases^expression
TP53,inhibits,1172,MESH:D013498,Suramin,decreases^acetylation|decreases^activity
TP53,inhibits,1172,MESH:D013605,T-2 Toxin,decreases^expression
TP53,inhibits,1172,MESH:D013629,Tamoxifen,decreases^response to substance
TP53,inhibits,1172,MESH:D013629,Tamoxifen,decreases^reaction|increases^expression
TP53,inhibits,1172,MESH:D013629,Tamoxifen,decreases^expression|increases^reaction
TP53,inhibits,1172,MESH:D013629,Tamoxifen,decreases^phosphorylation|decreases^reaction
TP53,inhibits,1172,MESH:C112765,tanespimycin,decreases^expression
TP53,inhibits,1172,MESH:C021751,tanshinone,decreases^expression
TP53,inhibits,1172,MESH:C508490,TDP 521252,affects^binding|decreases^reaction
TP53,inhibits,1172,MESH:C508491,TDP 665759,affects^binding|decreases^reaction
TP53,inhibits,1172,MESH:D000077204,Temozolomide,decreases^response to substance
TP53,inhibits,1172,MESH:D000077204,Temozolomide,affects^cotreatment|decreases^expression|decreases^response to substance
TP53,inhibits,1172,MESH:C037565,terbutylazine,decreases^stability|increases^degradation|increases^mutagenesis
TP53,inhibits,1172,MESH:D020122,tert-Butylhydroperoxide,decreases^expression
TP53,inhibits,1172,MESH:D020122,tert-Butylhydroperoxide,decreases^reaction|increases^expression
TP53,inhibits,1172,MESH:D020122,tert-Butylhydroperoxide,affects^cotreatment|decreases^reaction|increases^expression
TP53,inhibits,1172,MESH:C000591600,tetrachlorobenzoquinone,decreases^expression|increases^reaction
TP53,inhibits,1172,MESH:D013749,Tetrachlorodibenzodioxin,decreases^reaction|increases^acetylation
TP53,inhibits,1172,MESH:D013749,Tetrachlorodibenzodioxin,decreases^response to substance|increases^activity
TP53,inhibits,1172,MESH:D013749,Tetrachlorodibenzodioxin,decreases^response to substance|increases^expression
TP53,inhibits,1172,MESH:D013749,Tetrachlorodibenzodioxin,decreases^response to substance|increases^expression|increases^response to substance
TP53,inhibits,1172,MESH:D013749,Tetrachlorodibenzodioxin,affects^cotreatment|decreases^expression
TP53,inhibits,1172,MESH:D013749,Tetrachlorodibenzodioxin,decreases^activity
TP53,inhibits,1172,MESH:D013749,Tetrachlorodibenzodioxin,decreases^reaction|increases^activity|increases^phosphorylation
TP53,inhibits,1172,MESH:D013749,Tetrachlorodibenzodioxin,affects^localization|decreases^reaction|increases^reaction
TP53,inhibits,1172,MESH:D013749,Tetrachlorodibenzodioxin,decreases^expression|decreases^reaction
TP53,inhibits,1172,MESH:D013749,Tetrachlorodibenzodioxin,decreases^expression
TP53,inhibits,1172,MESH:D013755,Tetradecanoylphorbol Acetate,affects^localization|decreases^reaction|increases^activity|increases^phosphorylation
TP53,inhibits,1172,MESH:D013755,Tetradecanoylphorbol Acetate,decreases^expression
TP53,inhibits,1172,MESH:C011126,tetraiodothyroacetic acid,decreases^expression
TP53,inhibits,1172,MESH:C011126,tetraiodothyroacetic acid,decreases^expression|increases^reaction
TP53,inhibits,1172,MESH:D019284,Thapsigargin,decreases^expression
TP53,inhibits,1172,MESH:D019284,Thapsigargin,decreases^expression|increases^reaction
TP53,inhibits,1172,MESH:D013806,Theophylline,affects^cotreatment|decreases^reaction|increases^expression
TP53,inhibits,1172,MESH:D013806,Theophylline,decreases^expression
TP53,inhibits,1172,MESH:D013859,Thiocarbamates,decreases^reaction|increases^expression
TP53,inhibits,1172,MESH:D013882,Thiosemicarbazones,affects^binding|decreases^activity
TP53,inhibits,1172,MESH:D013883,Thiostrepton,decreases^expression
TP53,inhibits,1172,MESH:D013890,Thiourea,affects^cotreatment|decreases^reaction|increases^expression
TP53,inhibits,1172,MESH:D013893,Thiram,decreases^expression
TP53,inhibits,1172,MESH:C003466,thymoquinone,decreases^reaction|increases^expression
TP53,inhibits,1172,MESH:C009495,titanium dioxide,decreases^reaction|increases^abundance|increases^expression
TP53,inhibits,1172,MESH:D014028,Tobacco Smoke Pollution,decreases^reaction|increases^expression
TP53,inhibits,1172,MESH:D014028,Tobacco Smoke Pollution,decreases^expression
TP53,inhibits,1172,MESH:D014028,Tobacco Smoke Pollution,decreases^expression|decreases^reaction
TP53,inhibits,1172,MESH:C454646,tomentosin,decreases^reaction|increases^phosphorylation
TP53,inhibits,1172,MESH:C036454,toosendanin,decreases^expression
TP53,inhibits,1172,MESH:D019772,Topotecan,decreases^reaction|increases^activity
TP53,inhibits,1172,MESH:D019772,Topotecan,affects^cotreatment|decreases^expression|increases^reaction
TP53,inhibits,1172,MESH:D019772,Topotecan,decreases^reaction|increases^cleavage
TP53,inhibits,1172,MESH:D019772,Topotecan,affects^binding|decreases^reaction|increases^reaction
TP53,inhibits,1172,MESH:D014108,Tosylphenylalanyl Chloromethyl Ketone,decreases^phosphorylation|increases^activity
TP53,inhibits,1172,MESH:D014212,Tretinoin,decreases^reaction|increases^acetylation
TP53,inhibits,1172,MESH:D014212,Tretinoin,affects^binding|decreases^reaction|increases^expression
TP53,inhibits,1172,MESH:D014212,Tretinoin,affects^localization|decreases^reaction
TP53,inhibits,1172,MESH:D014212,Tretinoin,decreases^expression
TP53,inhibits,1172,MESH:D014212,Tretinoin,affects^cotreatment|decreases^expression
TP53,inhibits,1172,MESH:D014212,Tretinoin,decreases^reaction|increases^expression|increases^uptake
TP53,inhibits,1172,MESH:C011559,tributyltin,decreases^expression
TP53,inhibits,1172,MESH:C011559,tributyltin,decreases^reaction|increases^expression
TP53,inhibits,1172,MESH:C012589,trichostatin A,decreases^reaction|increases^acetylation|increases^reaction
TP53,inhibits,1172,MESH:C012589,trichostatin A,decreases^reaction|increases^response to substance
TP53,inhibits,1172,MESH:C012589,trichostatin A,decreases^expression
TP53,inhibits,1172,MESH:D014260,Triclosan,decreases^expression
TP53,inhibits,1172,MESH:C009475,trimethylenediamine,affects^binding|decreases^reaction|increases^expression
TP53,inhibits,1172,MESH:C001899,triptolide,decreases^reaction|increases^expression
TP53,inhibits,1172,MESH:C031324,tris(chloroethyl)phosphate,decreases^expression
TP53,inhibits,1172,MESH:D000077288,Troglitazone,decreases^expression
TP53,inhibits,1172,MESH:C046243,tryptanthrine,decreases^expression|increases^degradation
TP53,inhibits,1172,MESH:C098214,tyrphostin AG825,decreases^reaction|increases^expression
TP53,inhibits,1172,MESH:C113580,U 0126,decreases^reaction|increases^expression
TP53,inhibits,1172,MESH:C113580,U 0126,affects^cotreatment|decreases^reaction|increases^phosphorylation
TP53,inhibits,1172,MESH:C113580,U 0126,decreases^phosphorylation|decreases^reaction
TP53,inhibits,1172,MESH:C113580,U 0126,affects^cotreatment|affects^localization|decreases^reaction
TP53,inhibits,1172,MESH:C561310,UNC 0638,decreases^reaction|increases^methylation
TP53,inhibits,1172,MESH:D014529,Uridine,decreases^reaction|increases^expression
TP53,inhibits,1172,MESH:D014580,Ursodeoxycholic Acid,affects^cotreatment|decreases^reaction|increases^activity
TP53,inhibits,1172,MESH:D014580,Ursodeoxycholic Acid,decreases^reaction|increases^ubiquitination
TP53,inhibits,1172,MESH:C073339,usnic acid,decreases^expression
TP53,inhibits,1172,MESH:C073339,usnic acid,decreases^reaction|increases^expression
TP53,inhibits,1172,MESH:D014635,Valproic Acid,decreases^expression
TP53,inhibits,1172,MESH:C100058,vanillin,decreases^expression
TP53,inhibits,1172,MESH:D001335,Vehicle Emissions,decreases^expression
TP53,inhibits,1172,MESH:D001335,Vehicle Emissions,decreases^expression|increases^abundance
TP53,inhibits,1172,MESH:D001335,Vehicle Emissions,decreases^expression|increases^abundance|increases^expression
TP53,inhibits,1172,MESH:C025643,vinclozolin,decreases^expression
TP53,inhibits,1172,MESH:D014750,Vincristine,affects^cotreatment|decreases^expression
TP53,inhibits,1172,MESH:D014752,Vinyl Chloride,decreases^expression
TP53,inhibits,1172,MESH:D014810,Vitamin E,affects^cotreatment|decreases^expression
TP53,inhibits,1172,MESH:D014810,Vitamin E,decreases^reaction|increases^activity|increases^phosphorylation
TP53,inhibits,1172,MESH:D014810,Vitamin E,decreases^reaction|increases^phosphorylation
TP53,inhibits,1172,MESH:D024483,Vitamin K 3,affects^cotreatment|decreases^reaction|increases^phosphorylation
TP53,inhibits,1172,MESH:D024483,Vitamin K 3,decreases^reaction|increases^expression
TP53,inhibits,1172,MESH:D000077337,Vorinostat,decreases^reaction|increases^acetylation
TP53,inhibits,1172,MESH:D014873,Water Pollutants,decreases^reaction|increases^abundance|increases^expression
TP53,inhibits,1172,MESH:C009684,withaferin A,affects^binding|affects^localization|decreases^reaction|increases^activity
TP53,inhibits,1172,MESH:C009684,withaferin A,affects^binding|decreases^reaction
TP53,inhibits,1172,MESH:C560597,withanone,affects^binding|decreases^reaction
TP53,inhibits,1172,MESH:C560597,withanone,decreases^reaction|increases^expression
TP53,inhibits,1172,MESH:C560597,withanone,affects^binding|affects^localization|decreases^reaction|increases^activity
TP53,inhibits,1172,MESH:D000077191,Wortmannin,decreases^phosphorylation
TP53,inhibits,1172,MESH:D000077191,Wortmannin,decreases^expression|decreases^phosphorylation
TP53,inhibits,1172,MESH:D000077191,Wortmannin,decreases^reaction|increases^phosphorylation
TP53,inhibits,1172,MESH:D000077191,Wortmannin,decreases^reaction|increases^phosphorylation|increases^reaction
TP53,inhibits,1172,MESH:D000077191,Wortmannin,decreases^reaction|increases^expression
TP53,inhibits,1172,MESH:C022186,xanthatin,decreases^phosphorylation|increases^reaction
TP53,inhibits,1172,MESH:C022186,xanthatin,decreases^expression|increases^reaction
TP53,inhibits,1172,MESH:C022186,xanthatin,decreases^stability|increases^reaction
TP53,inhibits,1172,MESH:C000607970,XI-006,decreases^expression|decreases^reaction
TP53,inhibits,1172,MESH:C000625617,XMU-MP-1,decreases^reaction|increases^expression
TP53,inhibits,1172,MESH:C108830,Y 27632,decreases^expression
TP53,inhibits,1172,MESH:C108830,Y 27632,decreases^reaction|increases^expression
TP53,inhibits,1172,MESH:C108830,Y 27632,decreases^response to substance|increases^reaction
TP53,inhibits,1172,MESH:C403304,zerumbone,decreases^expression
TP53,inhibits,1172,MESH:D015032,Zinc,decreases^reaction|increases^phosphorylation
TP53,inhibits,1172,MESH:D015032,Zinc,affects^binding|decreases^reaction
TP53,inhibits,1172,MESH:D019345,Zinc Acetate,affects^cotreatment|decreases^expression
TP53,inhibits,1172,MESH:D019345,Zinc Acetate,affects^cotreatment|decreases^expression|decreases^reaction
TP53,inhibits,1172,MESH:C016837,zinc chloride,decreases^reaction|increases^activity|increases^phosphorylation
TP53,inhibits,1172,MESH:C017803,zinc protoporphyrin,decreases^activity|decreases^reaction|increases^expression
TP53,inhibits,1172,MESH:D019287,Zinc Sulfate,affects^cotreatment|decreases^expression|decreases^reaction
TP53,inhibits,1172,MESH:D019287,Zinc Sulfate,affects^cotreatment|decreases^expression
TP53,inhibits,1172,MESH:D019287,Zinc Sulfate,decreases^reaction|increases^phosphorylation
TP53,inhibits,1172,MESH:C484848,ziyuglycoside I,affects^reaction|decreases^expression
TP53,inhibits,1172,MESH:D000077211,Zoledronic Acid,affects^cotreatment|decreases^expression
TP53,modifies,256,MESH:C026430,10-carboxymethyl-9-acridanone,affects^activity
TP53,modifies,256,MESH:C025205,"1,10-phenanthroline",affects^activity
TP53,modifies,256,MESH:C034088,"2,2',5,5'-tetrachlorobenzidine",affects^activity
TP53,modifies,256,MESH:C501339,"2-(2,6-diisopropylphenyl)-5-hydroxy-1H-isoindole-1,3-dione",affects^activity
TP53,modifies,256,MESH:C031487,"2,3,4,6-tetrachlorophenol",affects^activity
TP53,modifies,256,MESH:C039673,"2,3,5,6-tetrachlorophenate",affects^activity
TP53,modifies,256,MESH:C010642,"3,3',5-triiodothyroacetic acid",affects^activity
TP53,modifies,256,MESH:D015101,"3,3'-Dichlorobenzidine",affects^activity
TP53,modifies,256,MESH:C534098,"3,4,5-trichlorophenol",affects^activity
TP53,modifies,256,MESH:C106572,3-iodo-2-propynylbutylcarbamate,affects^activity
TP53,modifies,256,MESH:C002166,4-methyl-7-diethylaminocoumarin,affects^activity
TP53,modifies,256,MESH:C024836,4-nitrophenol,affects^glucuronidation
TP53,modifies,256,MESH:C023829,4-nitroso-N-phenylaniline,affects^activity
TP53,modifies,256,MESH:C016583,4-(N-methyl-N-nitrosamino)-1-(3-pyridyl)-1-butanone,affects^localization
TP53,modifies,256,MESH:D000078223,5-Methoxypsoralen,affects^activity
TP53,modifies,256,MESH:C573097,64Cu-CB-TE2A-Y3-TATE,affects^localization
TP53,modifies,256,MESH:C573096,64Cu-DOTA-Y3-TATE,affects^localization
TP53,modifies,256,MESH:C040881,6-azacytidine,affects^activity
TP53,modifies,256,MESH:C103885,7-amino-4-hydroxy-2-naphthalenesulfonic acid,affects^activity
TP53,modifies,256,MESH:C092582,7-dimethylamino-4-methylcoumarin,affects^activity
TP53,modifies,256,MESH:C032121,7-methylbenzo(a)pyrene,affects^activity
TP53,modifies,256,MESH:C005399,"9,10-phenanthrenequinone",affects^localization
TP53,modifies,256,MESH:C514195,9-cyanoanthracene,affects^activity
TP53,modifies,256,MESH:C000718540,acriflavine chloride,affects^activity
TP53,modifies,256,MESH:D000171,Acrolein,affects^metabolic processing
TP53,modifies,256,MESH:C106812,adefovir dipivoxil,affects^activity
TP53,modifies,256,MESH:D016604,Aflatoxin B1,affects^activity
TP53,modifies,256,MESH:D015766,Albendazole,affects^activity
TP53,modifies,256,MESH:C027186,albendazole sulfoxide,affects^activity
TP53,modifies,256,MESH:C005403,alpha phellandrene,affects^localization
TP53,modifies,256,MESH:C120793,alsterpaullone,affects^localization
TP53,modifies,256,MESH:D000585,Aminacrine,affects^activity
TP53,modifies,256,MESH:D000630,Aminopterin,affects^activity
TP53,modifies,256,MESH:C017823,amiprophos methyl,affects^activity
TP53,modifies,256,MESH:D047310,Apigenin,affects^activity
TP53,modifies,256,MESH:D001138,Armin,affects^activity
TP53,modifies,256,MESH:C015001,arsenite,affects^methylation
TP53,modifies,256,MESH:D001194,Asbestos,affects^localization
TP53,modifies,256,MESH:D017639,"Asbestos, Amosite",affects^localization
TP53,modifies,256,MESH:D000077784,Axitinib,affects^activity
TP53,modifies,256,MESH:D001374,Azacitidine,affects^activity
TP53,modifies,256,MESH:C100231,azaribine,affects^activity
TP53,modifies,256,MESH:C012762,azinphos ethyl,affects^activity
TP53,modifies,256,MESH:D001387,Azinphosmethyl,affects^activity
TP53,modifies,256,MESH:C004359,barban,affects^activity
TP53,modifies,256,MESH:D001542,Benomyl,affects^activity
TP53,modifies,256,MESH:C001847,bensulide,affects^activity
TP53,modifies,256,MESH:C037925,benthiocarb,affects^activity
TP53,modifies,256,MESH:D001564,Benzo(a)pyrene,affects^methylation
TP53,modifies,256,MESH:D001564,Benzo(a)pyrene,affects^localization
TP53,modifies,256,MESH:D001564,Benzo(a)pyrene,affects^activity
TP53,modifies,256,MESH:D001564,Benzo(a)pyrene,affects^phosphorylation
TP53,modifies,256,MESH:C006703,benzo(b)fluoranthene,affects^activity
TP53,modifies,256,MESH:C022921,benzo(k)fluoranthene,affects^activity
TP53,modifies,256,MESH:C423062,BIBX 1382BS,affects^activity
TP53,modifies,256,MESH:C542674,"bis((2-oxindol-3-ylimino)-2-(2-aminoethyl)pyridine-N,N')copper(II)",affects^localization
TP53,modifies,256,MESH:C030065,bisoxatin acetate,affects^activity
TP53,modifies,256,MESH:C583074,bisphenol AF,affects^activity
TP53,modifies,256,MESH:C423722,bisphenol F diglycidyl ether,affects^activity
TP53,modifies,256,MESH:D001735,Bithionol,affects^activity
TP53,modifies,256,MESH:D000069286,Bortezomib,affects^activity
TP53,modifies,256,MESH:C471992,bosutinib,affects^activity
TP53,modifies,256,MESH:C100092,bromophos,affects^activity
TP53,modifies,256,MESH:D002066,Busulfan,affects^activity|affects^phosphorylation
TP53,modifies,256,MESH:C006863,butyl phosphorotrithioate,affects^activity
TP53,modifies,256,MESH:D002104,Cadmium,affects^localization
TP53,modifies,256,MESH:D002104,Cadmium,affects^activity|affects^reaction
TP53,modifies,256,MESH:D019256,Cadmium Chloride,affects^phosphorylation|affects^reaction
TP53,modifies,256,MESH:D019256,Cadmium Chloride,affects^localization
TP53,modifies,256,MESH:D019256,Cadmium Chloride,affects^activity
TP53,modifies,256,MESH:D019256,Cadmium Chloride,affects^phosphorylation
TP53,modifies,256,MESH:D002118,Calcium,affects^localization
TP53,modifies,256,MESH:C006698,carbendazim,affects^activity
TP53,modifies,256,MESH:C006901,carbophenothion,affects^activity
TP53,modifies,256,MESH:C524865,carfilzomib,affects^activity
TP53,modifies,256,MESH:C017367,carmofur,affects^activity
TP53,modifies,256,MESH:D002699,Chlorambucil,affects^activity
TP53,modifies,256,MESH:D002709,Chlorfenvinphos,affects^activity
TP53,modifies,256,MESH:C004656,chloroacetaldehyde,affects^activity
TP53,modifies,256,MESH:D004390,Chlorpyrifos,affects^activity
TP53,modifies,256,MESH:C007031,chlorpyrifos-methyl,affects^activity
TP53,modifies,256,MESH:C074702,chromium hexavalent ion,affects^localization|affects^reaction
TP53,modifies,256,MESH:C043561,chrysin,affects^activity
TP53,modifies,256,MESH:C043561,chrysin,affects^cotreatment|affects^localization
TP53,modifies,256,MESH:D000077768,Ciclopirox,affects^activity
TP53,modifies,256,MESH:D000077404,Cidofovir,affects^activity
TP53,modifies,256,MESH:D002945,Cisplatin,affects^activity
TP53,modifies,256,MESH:D002945,Cisplatin,affects^localization
TP53,modifies,256,MESH:D002945,Cisplatin,affects^cotreatment|affects^localization
TP53,modifies,256,MESH:D017338,Cladribine,affects^activity
TP53,modifies,256,MESH:D004002,Clodronic Acid,affects^activity
TP53,modifies,256,MESH:D000077866,Clofarabine,affects^activity
TP53,modifies,256,MESH:D000077866,Clofarabine,affects^cotreatment|affects^localization
TP53,modifies,256,MESH:C018021,cobaltous chloride,affects^cotreatment|affects^localization
TP53,modifies,256,MESH:D003372,Coumaphos,affects^activity
TP53,modifies,256,MESH:C073267,crufomate,affects^activity
TP53,modifies,256,MESH:D003474,Curcumin,affects^localization
TP53,modifies,256,MESH:D016572,Cyclosporine,affects^activity
TP53,modifies,256,MESH:D003561,Cytarabine,affects^activity
TP53,modifies,256,MESH:D003630,Daunorubicin,affects^activity
TP53,modifies,256,MESH:D000077209,Decitabine,affects^localization
TP53,modifies,256,MESH:C003620,dialifor,affects^activity
TP53,modifies,256,MESH:C042577,diallyl trisulfide,affects^localization
TP53,modifies,256,MESH:C000912,diazoxon,affects^activity
TP53,modifies,256,MESH:D004003,Dichlorophen,affects^activity
TP53,modifies,256,MESH:C000944,dicrotophos,affects^activity
TP53,modifies,256,MESH:D004028,Dienestrol,affects^activity
TP53,modifies,256,MESH:C005951,dimetilan,affects^activity
TP53,modifies,256,MESH:C076221,dinophysistoxin 2,affects^localization
TP53,modifies,256,MESH:D004157,Diphenoxylate,affects^activity
TP53,modifies,256,MESH:D004176,Dipyridamole,affects^activity
TP53,modifies,256,MESH:D004222,Disulfoton,affects^activity
TP53,modifies,256,MESH:D004281,Docosahexaenoic Acids,affects^localization
TP53,modifies,256,MESH:C516138,dorsomorphin,affects^localization
TP53,modifies,256,MESH:D004317,Doxorubicin,affects^activity
TP53,modifies,256,MESH:D004317,Doxorubicin,affects^localization
TP53,modifies,256,MESH:C002108,edifenphos,affects^activity
TP53,modifies,256,MESH:D004975,Ethacridine,affects^activity
TP53,modifies,256,MESH:D004976,Ethacrynic Acid,affects^localization
TP53,modifies,256,MESH:D004996,Ethidium,affects^activity
TP53,modifies,256,MESH:D004997,Ethinyl Estradiol,affects^activity
TP53,modifies,256,MESH:C100038,ethion,affects^activity
TP53,modifies,256,MESH:C041062,ethyl bromophos,affects^activity
TP53,modifies,256,MESH:D005047,Etoposide,affects^activity
TP53,modifies,256,MESH:C004992,famophos,affects^activity
TP53,modifies,256,MESH:C002698,fenamiphos,affects^activity
TP53,modifies,256,MESH:D005278,Fenitrothion,affects^activity
TP53,modifies,256,MESH:D011345,Fenofibrate,affects^activity
TP53,modifies,256,MESH:C073264,fensulfothion,affects^activity
TP53,modifies,256,MESH:D005284,Fenthion,affects^activity
TP53,modifies,256,MESH:C007713,fentichlor,affects^activity
TP53,modifies,256,MESH:C082360,fipronil,affects^localization
TP53,modifies,256,MESH:C017875,fisetin,affects^cotreatment|affects^localization
TP53,modifies,256,MESH:C017875,fisetin,affects^localization
TP53,modifies,256,MESH:D005467,Floxuridine,affects^activity
TP53,modifies,256,MESH:C000655605,fluorene-9-bisphenol,affects^activity
TP53,modifies,256,MESH:C013535,fluorophene,affects^activity
TP53,modifies,256,MESH:D005472,Fluorouracil,affects^phosphorylation|affects^reaction
TP53,modifies,256,MESH:D005472,Fluorouracil,affects^activity
TP53,modifies,256,MESH:D005472,Fluorouracil,affects^phosphorylation
TP53,modifies,256,MESH:D004397,Fonofos,affects^activity
TP53,modifies,256,MESH:C493102,fosthiazate,affects^activity
TP53,modifies,256,MESH:C001277,geldanamycin,affects^localization
TP53,modifies,256,MESH:D000093542,Gemcitabine,affects^activity
TP53,modifies,256,MESH:D005840,Gentian Violet,affects^activity
TP53,modifies,256,MESH:C040155,geranylgeranic acid,affects^localization
TP53,modifies,256,MESH:D005947,Glucose,affects^localization
TP53,modifies,256,MESH:D006582,Hexachlorophene,affects^activity
TP53,modifies,256,MESH:D006826,Hycanthone,affects^activity
TP53,modifies,256,MESH:D047348,Hydrolyzable Tannins,affects^activity
TP53,modifies,256,MESH:D006923,Hymecromone,affects^activity
TP53,modifies,256,MESH:D007052,Ibuprofen,affects^activity
TP53,modifies,256,MESH:D007069,Ifosfamide,affects^activity
TP53,modifies,256,MESH:C001968,iodofenphos,affects^activity
TP53,modifies,256,MESH:D000077146,Irinotecan,affects^activity
TP53,modifies,256,MESH:C034091,isazophos,affects^activity
TP53,modifies,256,MESH:C549713,isocarbophos,affects^activity
TP53,modifies,256,MESH:C035019,isofenphos,affects^activity
TP53,modifies,256,MESH:C065256,isoprocarb,affects^activity
TP53,modifies,256,MESH:C008252,lapachol,affects^activity
TP53,modifies,256,MESH:D010773,Leptophos,affects^activity
TP53,modifies,256,MESH:D008558,Melphalan,affects^activity
TP53,modifies,256,MESH:C413549,menthyl anthranilate,affects^activity
TP53,modifies,256,MESH:D015122,Mercaptopurine,affects^activity
TP53,modifies,256,MESH:C014655,methamidophos,affects^activity
TP53,modifies,256,MESH:C587228,methyl 3-hydroxyimino-11-oxoolean-12-en-28-oate,affects^localization
TP53,modifies,256,MESH:C028912,methylene bis(thiocyanate),affects^activity
TP53,modifies,256,MESH:D008751,Methylene Blue,affects^activity
TP53,modifies,256,MESH:C008480,methylparaoxon,affects^activity
TP53,modifies,256,MESH:D008743,Methyl Parathion,affects^activity
TP53,modifies,256,MESH:C006308,metoprine,affects^activity
TP53,modifies,256,MESH:D008799,Mevinphos,affects^activity
TP53,modifies,256,MESH:D016685,Mitomycin,affects^activity
TP53,modifies,256,MESH:D016685,Mitomycin,affects^localization
TP53,modifies,256,MESH:D008942,Mitoxantrone,affects^activity
TP53,modifies,256,MESH:C009821,molinate,affects^activity
TP53,modifies,256,MESH:C006429,monobenzone,affects^activity
TP53,modifies,256,MESH:C076251,mozavaptan,affects^activity
TP53,modifies,256,MESH:C014117,mucochloric acid,affects^activity
TP53,modifies,256,MESH:D009173,Mycophenolic Acid,affects^activity
TP53,modifies,256,MESH:C039427,N-butyl-N'-nitro-N-nitrosoguanidine,affects^activity
TP53,modifies,256,MESH:C013150,nifuroxazide,affects^activity
TP53,modifies,256,MESH:D009555,Ninhydrin,affects^activity
TP53,modifies,256,MESH:D009610,Nitrovin,affects^activity
TP53,modifies,256,MESH:C044387,"N,N,N',N'-tetrakis(2-pyridylmethyl)ethylenediamine",affects^localization
TP53,modifies,256,MESH:C010262,norharman,affects^activity
TP53,modifies,256,MESH:D019319,Okadaic Acid,affects^localization
TP53,modifies,256,MESH:C009618,"O,O-diethyl O-3,5,6-trichloro-2-pyridyl phosphate",affects^activity
TP53,modifies,256,MESH:D009764,o-Phthalaldehyde,affects^activity
TP53,modifies,256,MESH:D000077150,Oxaliplatin,affects^localization
TP53,modifies,256,MESH:C011960,oxamyl,affects^activity
TP53,modifies,256,MESH:C008742,oxycarboxin,affects^activity
TP53,modifies,256,MESH:D010100,Oxygen,affects^activity
TP53,modifies,256,MESH:D010278,Parathion,affects^activity
TP53,modifies,256,MESH:D010416,Pentachlorophenol,affects^activity
TP53,modifies,256,MESH:C011978,phentin acetate,affects^activity
TP53,modifies,256,MESH:D010662,Phenylmercuric Acetate,affects^activity
TP53,modifies,256,MESH:D004849,"Phenylphosphonothioic Acid, 2-Ethyl 2-(4-Nitrophenyl) Ester",affects^activity
TP53,modifies,256,MESH:D010702,Phorate,affects^activity
TP53,modifies,256,MESH:D010706,Phosmet,affects^activity
TP53,modifies,256,MESH:D010707,Phosphamidon,affects^activity
TP53,modifies,256,MESH:C000597695,phostebupirim,affects^activity
TP53,modifies,256,MESH:C003135,phoxim,affects^activity
TP53,modifies,256,MESH:C556557,picoxystrobin,affects^activity
TP53,modifies,256,MESH:C498077,piperlongumine,affects^localization
TP53,modifies,256,MESH:C026424,piperonylidene acetone,affects^activity
TP53,modifies,256,MESH:C027260,pirarubicin,affects^activity
TP53,modifies,256,MESH:C011994,pirimicarb,affects^activity
TP53,modifies,256,MESH:C001976,pirimiphos-ethyl,affects^activity
TP53,modifies,256,MESH:D011070,Poly I-C,affects^localization|affects^reaction
TP53,modifies,256,MESH:D011192,Potassium Dichromate,affects^activity
TP53,modifies,256,MESH:D011205,Povidone,affects^cotreatment|affects^phosphorylation
TP53,modifies,256,MESH:D011370,Proflavine,affects^activity
TP53,modifies,256,MESH:C009051,promecarb,affects^activity
TP53,modifies,256,MESH:C011088,propachlor,affects^activity
TP53,modifies,256,MESH:C035967,propetamphos,affects^activity
TP53,modifies,256,MESH:C032072,prothiophos,affects^activity
TP53,modifies,256,MESH:C513428,pyrachlostrobin,affects^activity
TP53,modifies,256,MESH:C012523,pyrazophos,affects^activity
TP53,modifies,256,MESH:D011796,Quinacrine,affects^activity
TP53,modifies,256,MESH:C009145,quinalphos,affects^activity
TP53,modifies,256,MESH:D011929,Razoxane,affects^activity
TP53,modifies,256,MESH:D017382,Reactive Oxygen Species,affects^localization
TP53,modifies,256,MESH:D017382,Reactive Oxygen Species,affects^chemical synthesis
TP53,modifies,256,MESH:D000077185,Resveratrol,affects^cotreatment|affects^localization
TP53,modifies,256,MESH:D000077185,Resveratrol,affects^localization
TP53,modifies,256,MESH:D012254,Ribavirin,affects^activity
TP53,modifies,256,MESH:D000068836,Rivastigmine,affects^activity
TP53,modifies,256,MESH:D000077154,Rosiglitazone,affects^activity
TP53,modifies,256,MESH:D012402,Rotenone,affects^localization
TP53,modifies,256,MESH:D012834,Silver,affects^cotreatment|affects^phosphorylation
TP53,modifies,256,MESH:D000077385,Silybin,affects^localization
TP53,modifies,256,MESH:D000077464,Simendan,affects^activity
TP53,modifies,256,MESH:C017947,sodium arsenite,affects^localization
TP53,modifies,256,MESH:C433984,ST 1481,affects^activity
TP53,modifies,256,MESH:C009359,sulfotepp,affects^activity
TP53,modifies,256,MESH:D013467,Sulindac,affects^localization
TP53,modifies,256,MESH:C011606,sulprofos,affects^activity
TP53,modifies,256,MESH:C012568,terbufos,affects^activity
TP53,modifies,256,MESH:D013751,Tetrachlorvinphos,affects^activity
TP53,modifies,256,MESH:D013849,Thimerosal,affects^activity
TP53,modifies,256,MESH:D013868,Thioinosine,affects^activity
TP53,modifies,256,MESH:D013881,Thioridazine,affects^activity
TP53,modifies,256,MESH:C056656,Tinopal CBS-X,affects^activity
TP53,modifies,256,MESH:D019772,Topotecan,affects^activity
TP53,modifies,256,MESH:D014223,Triamterene,affects^activity
TP53,modifies,256,MESH:C012584,triazophos,affects^activity
TP53,modifies,256,MESH:D014271,Trifluridine,affects^activity
TP53,modifies,256,MESH:C025541,tri-o-cresyl phosphate,affects^activity
TP53,modifies,256,MESH:C033303,triphenyltin fluoride,affects^activity
TP53,modifies,256,MESH:D014752,Vinyl Chloride,affects^mutagenesis|affects^reaction
TP53,modifies,256,MESH:D024483,Vitamin K 3,affects^activity
TP53,modifies,256,MESH:D015032,Zinc,affects^localization
TP53,modifies,256,MESH:D015032,Zinc,affects^folding
TP53,modifies,256,MESH:D000077211,Zoledronic Acid,affects^activity
TP53,modifies,256,MESH:C451427,zoxamide,affects^activity
