chem_id,chem_name,top3
MESH:C534883,10074-G5,Signal Transduction (2); Generic Transcription Pathway (2); Cellular responses to stress (2)
MESH:C112297,"10,10-bis(4-pyridinylmethyl)-9(10H)-anthracenone",Neuronal System (3); Potassium Channels (3); Voltage gated Potassium channels (3)
MESH:C004822,"10,11-dihydro-10,11-dihydroxy-5H-dibenzazepine-5-carboxamide",Metabolism (1); Biological oxidations (1); Phase I - Functionalization of compounds (1)
MESH:C039775,"10,11-dihydro-10-hydroxycarbamazepine",Drug ADME (2); Metabolism (1); Biological oxidations (1)
MESH:C496879,103D5R,Cytokine Signaling in Immune system (3); Signal Transduction (3); Cell Cycle (3)
MESH:C553100,10-(4'-(N-diethylamino)butyl)-2-chlorophenoxazine,"Hemostasis (4); Platelet activation, signaling and aggregation (3); Platelet Aggregation (Plug Formation) (3)"
MESH:C532038,10-(6'-plastoquinonyl)decyltriphenylphosphonium,Disease (4); Metabolism of proteins (4); Post-translational protein modification (4)
MESH:C095360,10-deacetylpaclitaxel,Abacavir transmembrane transport (1); Abacavir ADME (1); Transport of small molecules (1)
MESH:C067795,10-decarbamoylmitomycin C,Immune System (12); Signal Transduction (11); Cytokine Signaling in Immune system (9)
MESH:C403065,10-(fluoroethoxyphosphinyl)-N-(biotinamidopentyl)decanamide,Hemostasis (2); Immune System (2); Developmental Biology (1)
MESH:C010161,10-formyltetrahydropteroylglutamic acid,Metabolism (1); Metabolism of folate and pterines (1); Metabolism of water-soluble vitamins and cofactors (1)
MESH:C013567,10-hydroxynortriptyline,Metabolism (1); Biological oxidations (1); Cytochrome P450 - arranged by substrate type (1)
MESH:C065719,10-hydroxywarfarin,Metabolism (3); Biological oxidations (3); Drug ADME (3)
MESH:C554291,"10-methoxy-2,2-dimethyl-2,6-dihydropyrano(3,2-c)quinolin-5-one",Signal Transduction (4); Disease (3); Immune System (3)
MESH:C476829,"10-methoxy-5-(2-propenyl)-2,5-dihydro-2,2,4-trimethyl-1H-(1)benzopyrano(3,4-f)quinoline",Generic Transcription Pathway (1); Nuclear Receptor transcription pathway (1); RNA Polymerase II Transcription (1)
MESH:C549914,"10-methyl-3-(6-methylpyridin-3-yl)-9,10,11,12-tetrahydro-8H-(1,4)diazepino(5',6'-4,5)thieno(3,2-f)quinolin-8-one",Cytokine Signaling in Immune system (2); Immune System (2); Signaling by Interleukins (2)
MESH:C521487,10-nitro-oleic acid,Immune System (13); Signal Transduction (12); Cytokine Signaling in Immune system (11)
MESH:C552819,10-(octyloxy)decyl-2-(trimethylammonium)ethyl phosphate,Signal Transduction (8); Disease (8); Immune System (7)
MESH:C471674,"10'(Z),13'(E),15'(E)-heptadecatrienylhydroquinone",Signal Transduction (7); Disease (5); Generic Transcription Pathway (5)
MESH:C025205,"1,10-phenanthroline",Metabolism (26); Signal Transduction (18); Immune System (17)
MESH:C490191,"11,11'-dideoxyverticilin",Metabolism (1); Glycerophospholipid biosynthesis (1); Synthesis of PI (1)
MESH:C046783,"11,12-epoxy-5,8,14-eicosatrienoic acid",Metabolism (8); Biological oxidations (5); Cytochrome P450 - arranged by substrate type (5)
MESH:C575715,"1,1,1,3,3,3-hexafluoro-2-(2-fluoro-4'-((4-(pyridin-4-ylmethyl)piperazin-1-yl)methyl)-(1,1'-biphenyl)-4-yl)propan-2-ol",Generic Transcription Pathway (1); RNA Polymerase II Transcription (1); Gene expression (Transcription) (1)
MESH:C527346,"11,15-dioxo-9-hydroxy-2,3,4,5-tetranorprostan-1,20-dioic acid",COX reactions (1); Metabolism (1); Biological oxidations (1)
MESH:C507387,111In-DOTA-TOC,Signal Transduction (1); Signaling by GPCR (1); Class A/1 (Rhodopsin-like receptors) (1)
MESH:C495657,"1,1,1-trichloro-2-(4-hydroxyphenyl)-2-(4-methoxyphenyl)ethane",Metabolism (10); Biological oxidations (10); Cytochrome P450 - arranged by substrate type (10)
MESH:C024566,"1,1,1-trichloroethane",Neurotransmitter receptors and postsynaptic signal transmission (3); Transmission across Chemical Synapses (3); Neuronal System (3)
MESH:C006718,"1,12-benzoperylene",Disease (23); Signal Transduction (22); Gene expression (Transcription) (22)
MESH:C532626,"1-(1'-(2-methylbenzyl)-1,4'-bipiperidin-4-yl)-1H-benzo(d)imidazol-2-(3H)-one",Signal Transduction (1); Signaling by GPCR (1); Class A/1 (Rhodopsin-like receptors) (1)
MESH:C561234,"11-(2-pyrrolidin-1-ylethoxy)-14,19-dioxa-5,7,26-triazatetracyclo(19.3.1.1(2,6).1(8,12))heptacosa-1(25),2(26),3,5,8,10,12(27),16,21,23-decaene",Signal Transduction (4); Disease (4); Immune System (4)
MESH:C572723,"1-(1,3-carboxypropyl)-4,7-carboxymethyl-1,4,7-triazacyclononane",Metabolism (1); Signal Transduction (1); Signaling by GPCR (1)
MESH:C557705,1-(1-acetyl-piperidine-4-yl)-3-adamantan-1-yl-urea,Metabolism (1); Synthesis of epoxy (EET) and dihydroxyeicosatrienoic acids (DHET) (1); Arachidonate metabolism (1)
MESH:C552530,"1,1-bis(3'-indolyl)-1-(4-hydroxyphenyl)methane",Cellular responses to stimuli (12); Signal Transduction (11); Disease (11)
MESH:C492909,"1,1-bis(3'-indolyl)-1-(4-trifluoromethylphenyl)methane",Disease (7); Gene expression (Transcription) (7); Generic Transcription Pathway (6)
MESH:C000705689,"1,1-bis(4-hydroxyphenyl)-2,2-dichloroethylene",Signal Transduction (2); Developmental Biology (1); Signaling by WNT (1)
MESH:C052383,"1,1-bis(4-hydroxyphenyl)-2-phenylbut-1-ene",Signal Transduction (4); Cytokine Signaling in Immune system (3); Immune System (3)
MESH:C054400,11-(dansylamino)undecanoic acid,Metabolism (2); Innate Immune System (2); Immune System (2)
MESH:C049235,11-dehydro-thromboxane B2,"Metabolism (1); Plasma lipoprotein assembly, remodeling, and clearance (1); Metabolism of vitamins and cofactors (1)"
MESH:C034008,11-deoxyprostaglandin E1,Cytokine Signaling in Immune system (1); Metabolism (1); Signal Transduction (1)
MESH:C084012,"1,1-diethyl-2-hydroxy-2-nitrosohydrazine",Hemostasis (2); Nitric oxide stimulates guanylate cyclase (2); Muscle contraction (2)
MESH:C432747,"1,1-dimethylbutyl-1-deoxy-Delta(9)-THC",Signal Transduction (12); Cytokine Signaling in Immune system (9); Disease (9)
MESH:C037220,"1,1-diphenylhydrazine",Metabolism (1); Biological oxidations (1); Cytochrome P450 - arranged by substrate type (1)
MESH:C547593,1-(1H-indol-3-yl)-3-(3H-indol-3-ylidene)propan-2-one,Metabolism (3); Biological oxidations (2); Phase I - Functionalization of compounds (2)
MESH:C027356,"11-hydroxy-5,8,12,14-eicosatetraenoic acid",Metabolism (2); Arachidonate metabolism (2); Synthesis of Prostaglandins (PG) and Thromboxanes (TX) (2)
MESH:C003582,11-hydroxyandrostenedione,Metabolism (1); Glyoxylate metabolism and glycine degradation (1); Metabolism of amino acids and derivatives (1)
MESH:C001427,11-hydroxy-delta(9)-tetrahydrocannabinol,Metabolism (1); Triglyceride catabolism (1); Metabolism of porphyrins (1)
MESH:C000593259,"1-(1-(imidazo(1,2-a)pyridin-6-yl)ethyl)-6-(1-methyl-1H-pyrazol-4-yl)-1H-(1,2,3)triazolo(4,5-b)pyrazine",PIP3 activates AKT signaling (1); Developmental Biology (1); Signal Transduction (1)
MESH:C447943,11-keto-boswellic acid,SUMOylation (2); SUMO E3 ligases SUMOylate target proteins (2); Metabolism of proteins (2)
MESH:C561619,1-(1-methanesulfonylpiperidin-4-yl)-3-(4-trifluoromethoxyphenyl)urea,Cytokine Signaling in Immune system (4); Immune System (4); Cellular responses to stress (4)
MESH:C519817,"1-(1-methylethyl)-4-((1-(6-(trifluoromethyl)-3-pyridinyl)-4-piperidinyl)carbonyl)hexahydro-1H-1,4-diazepine",Signal Transduction (1); Signaling by GPCR (1); Class A/1 (Rhodopsin-like receptors) (1)
MESH:C471568,11-Mrp-14-Nal-18-Cys-22-Asp-beta-MSH(11-22)NH2,Developmental Biology (1); Signal Transduction (1); Signaling by GPCR (1)
MESH:C048241,1-(1-naphthyl)piperazine,Cytokine Signaling in Immune system (1); Metabolism (1); Immune System (1)
MESH:C016780,11-nor-delta(9)-tetrahydrocannabinol-9-carboxylic acid,Signal Transduction (60); Developmental Biology (37); Disease (31)
MESH:C435044,1-((1-O-octadecyl-2-O-methylglycero)phospho)-3-deoxy-myo-inositol,Cytokine Signaling in Immune system (6); Immune System (6); Signaling by Interleukins (6)
MESH:C571448,11-oxoeicosatetraenoic acid,Metabolism (1); Biosynthesis of Lipoxins (LX) (1); Arachidonate metabolism (1)
MESH:C569194,1-(1- pentyl-1H-indol-3-yl)-2-(2-methoxyphenyl)ethanone,Signal Transduction (1); Signaling by GPCR (1); Class A/1 (Rhodopsin-like receptors) (1)
MESH:C586414,1-(1-pentyl-1H-indol-3-yl)-2-o-tolylethanone,Signal Transduction (3); Signaling by GPCR (3); Class A/1 (Rhodopsin-like receptors) (3)
MESH:C402363,1-(1-propynyl)pyrene,Metabolism (1); Disease (1); Biological oxidations (1)
MESH:C530925,1-(2-(1-adamantyl)ethyl)-1-pentyl-3-(3-(4-pyridyl)propyl)urea,Signal Transduction (1); Signaling by GPCR (1); Class B/2 (Secretin family receptors) (1)
MESH:C046839,"1,2,3,4,6,7,8-heptachlorodibenzodioxin",Metabolism (3); PPARA activates gene expression (3); Biological oxidations (3)
MESH:C473650,"1,2,3,4,6,7,8-heptachlorodibenzofuran",Metabolism (3); PPARA activates gene expression (3); Biological oxidations (3)
MESH:C412791,"1,2,3,4,6,7-hexachlorinated naphthalene",Metabolism (2); PPARA activates gene expression (2); Biological oxidations (2)
MESH:C051412,"1,2,3,4,7,8-hexachlorodibenzofuran",Metabolism (3); PPARA activates gene expression (3); Biological oxidations (3)
MESH:C501656,"1,2,3,4,8,9,10,10a-octahydro-7bH-cyclopenta(b)(1,4)diazepino(6,7,1hj)indole",Signal Transduction (1); Signaling by GPCR (1); Class A/1 (Rhodopsin-like receptors) (1)
MESH:C093337,"1-(2-(3,4-dichlorophenyl)ethyl)-4-methylpiperazine",Innate Immune System (9); Immune System (9); Neutrophil degranulation (5)
MESH:C063159,1-(2-(3-(4-methoxyphenyl)propoxy)-4-methoxyphenylethyl)-1H-imidazole,Signal Transduction (5); Immune System (4); Hemostasis (3)
MESH:C084924,"1,2,3,4-tetrahydro-1-(phenylmethyl)isoquinoline",Antiviral mechanism by IFN-stimulated genes (1); Cytokine Signaling in Immune system (1); Immune System (1)
MESH:C014843,"1,2,3,4-tetrahydroisoquinoline",Signal Transduction (2); Interleukin-6 signaling (1); MAPK3 (ERK1) activation (1)
MESH:C078986,"1,2,3,4-tetrahydroisoquinoline-3-carboxylic acid",Developmental Biology (1); Signal Transduction (1); Macroautophagy (1)
MESH:C575652,"1,2,3,5,6,7-hexachloronaphthalene",Metabolism (2); PPARA activates gene expression (2); Biological oxidations (2)
MESH:C030387,"1,2,3,5-tetrachlorobenzene",Metabolism (2); Biological oxidations (2); Cytochrome P450 - arranged by substrate type (2)
MESH:C046838,"1,2,3,6,7,8-hexachlorodibenzodioxin",Metabolism (2); PPARA activates gene expression (2); Biological oxidations (2)
MESH:C051452,"1,2,3,7,8-pentachlorodibenzo-p-dioxin",Metabolism (4); Biological oxidations (4); Cytochrome P450 - arranged by substrate type (4)
MESH:C504897,12-(3-adamantan-1-ylureido)dodecanoic acid,Developmental Biology (4); Signal Transduction (4); Disease (4)
MESH:C570533,"1-(2,3-dihydrobenzo(b)(1,4)dioxin-6-yl)-4-((6-fluoropyridin-3-yl)methyl)piperazine",Signal Transduction (1); Signaling by GPCR (1); Class A/1 (Rhodopsin-like receptors) (1)
MESH:C099060,1-(2-(3-methoxyphenyl)ethyl)phenoxy-3-(dimethylamino)-2-propanol,Signal Transduction (3); Signaling by GPCR (3); Class A/1 (Rhodopsin-like receptors) (3)
MESH:C009536,"1,2,3-trichloropropane",Cytokine Signaling in Immune system (2); Signal Transduction (2); Immune System (2)
MESH:C013721,"1,24,25-trihydroxyvitamin D3",Metabolism (2); Vitamin D (calciferol) metabolism (2); Metabolism of lipids (2)
MESH:C539551,"1,2,4,5-benzenetetraamine",Developmental Biology (4); Cellular responses to stimuli (4); Hemostasis (3)
MESH:C063087,"1,24-dihydroxyvitamin D2",Metabolism (1); Vitamin D (calciferol) metabolism (1); Generic Transcription Pathway (1)
MESH:C045575,"1,2,4-triazole",Metabolism (3); Erythrocytes take up carbon dioxide and release oxygen (2); Erythrocytes take up oxygen and release carbon dioxide (2)
MESH:C494034,"1,2,4-triazolo(1,5-c)pyrimidine",Signal Transduction (1); Signaling by NTRKs (1); Activation of TRKA receptors (1)
MESH:C009947,"1,2,4-trichlorobenzene",Metabolism (3); Biological oxidations (3); Cytochrome P450 - arranged by substrate type (3)
MESH:C026486,"1,2,5,6-dibenzanthracene",Metabolism (21); Metabolism of proteins (14); Signal Transduction (13)
MESH:C101879,"(1,2,5,6-tetrahydropyridin-4-yl)methylphosphinic acid",Neurotransmitter receptors and postsynaptic signal transmission (1); Transmission across Chemical Synapses (1); Neuronal System (1)
MESH:C543211,"1,2,5,8-tetrahydroxy anthraquinone",Signal Transduction (11); Disease (11); Cell Cycle (9)
MESH:C087630,"1,25-dihydroxy-16-ene-vitamin D3",Metabolism (1); Disease (1); Vitamin D (calciferol) metabolism (1)
MESH:C046127,"1,25-dihydroxy-26,27-dimethylcholecalciferol",Metabolism (3); Disease (3); Generic Transcription Pathway (3)
MESH:C003564,"1,25-dihydroxyergocalciferol",Metabolism (2); Disease (2); Vitamin D (calciferol) metabolism (2)
MESH:C097949,"1,25-dihydroxyvitamin D",Disease (17); Signal Transduction (15); Generic Transcription Pathway (13)
MESH:C408047,"1,25(OH)2-16-ene-23-yne-26,27-hexafluoro-19-nor-D3",Metabolism (4); Metabolism of lipids (4); Gene expression (Transcription) (4)
MESH:C078328,"1,2,7,8-tetrachlorodibenzofuran",Metabolism (1); PPARA activates gene expression (1); Biological oxidations (1)
MESH:C503634,1-(2-amino-3-methyl-butyryl)-azetidine-2-carbonitrile,"Peptide hormone metabolism (1); Synthesis, secretion, and inactivation of Glucagon-like Peptide-1 (GLP-1) (1); Metabolism of proteins (1)"
MESH:C106973,"1,2-benzisothiazol-3(2H)-one, 2-(4-(4-(7-chloro-2,3-dihydro-1,4-benzodioxin-5-yl)-1-piperazinyl)butyl)-, 1,1-dioxide",Signal Transduction (1); Signaling by GPCR (1); Class A/1 (Rhodopsin-like receptors) (1)
MESH:C015699,"1,2-benzisothiazoline-3-one",Cellular responses to stimuli (4); Cellular responses to stress (3); Metabolism (2)
MESH:C478160,"(1,2-bis(1,2-benzisoselenazolone-3(2H)-ketone))ethane",Disease (11); Generic Transcription Pathway (11); RNA Polymerase II Transcription (11)
MESH:C025603,"1,2-bis(2-aminophenoxy)ethane-N,N,N',N'-tetraacetic acid",Immune System (16); Cellular responses to stimuli (15); Disease (12)
MESH:C070379,"1,2-bis(2-aminophenoxy)ethane N,N,N',N'-tetraacetic acid acetoxymethyl ester",Immune System (30); Signal Transduction (25); Cytokine Signaling in Immune system (21)
MESH:C579148,"1,2-bis(isothiazol-5-yl)disulfane",Signal Transduction (6); Metabolism of proteins (5); Disease (4)
MESH:C482518,"1,2-bis-N-cytisinylethane",Neurotransmitter receptors and postsynaptic signal transmission (3); Transmission across Chemical Synapses (3); Neuronal System (3)
MESH:C569107,"1-(2-chlorobenzyl)-5'-phenyl-3'H-spiro(indoline-3,2'-(1,3,4)thiadiazol)-2-one",Immune System (14); Signal Transduction (13); Disease (13)
MESH:C017139,1-(2-chloroethyl)-1-nitrosourea,Regulation of gene expression by Hypoxia-inducible Factor (1); Cellular response to hypoxia (1); Oxygen-dependent proline hydroxylation of Hypoxia-inducible Factor Alpha (1)
MESH:C472829,"1-(2-cyano-3,12-dioxooleana-1,9-dien-28-oyl) imidazole",Disease (7); Cellular responses to stimuli (7); Signal Transduction (6)
MESH:C000596114,1-(2-cyclohexylethyl)-3-(2-methoxyphenylacetyl)indole,Signal Transduction (3); Signaling by GPCR (3); Class A/1 (Rhodopsin-like receptors) (3)
MESH:C029705,12-deoxyphorbolphenylacetate-20-acetate,Hemostasis (3); Signal Transduction (3); Immune System (3)
MESH:C012277,"1,2-diamino-4-nitrobenzene",Cellular responses to stress (6); Cellular responses to stimuli (6); Metabolism (5)
MESH:C034193,"1,2-diaminobenzene",Innate Immune System (2); Immune System (2); Neutrophil degranulation (2)
MESH:C039411,"1,2-dibromo-2,4-dicyanobutane",Immune System (5); Cytokine Signaling in Immune system (4); Cellular responses to stress (4)
MESH:C007318,"1,2-dibromo-3-chloropropane",Metabolism (2); Phase II - Conjugation of compounds (2); Glutathione conjugation (2)
MESH:C517232,"1,2-dibromo-4-(1,2-dibromoethyl)cyclohexane",Metabolism (6); Metabolism of steroid hormones (5); Metabolism of proteins (5)
MESH:C035384,"1,2-dichloroethylene",Metabolism (1); Synthesis of glycosylphosphatidylinositol (GPI) (1); Post-translational modification: synthesis of GPI-anchored proteins (1)
MESH:C044297,"1,2-didecanoylglycerol",Developmental Biology (1); Metabolism (1); Digestion of dietary lipid (1)
MESH:C020888,"1,2-dielaidoylphosphatidylethanolamine",Metabolism of proteins (6); Signal Transduction (4); Disease (3)
MESH:C068543,"1,2-diethyl-3-hydroxypyridin-4-one",Metabolism (3); Signal Transduction (3); Metabolism of proteins (3)
MESH:C017229,"1,2-dihydro-1,2-dihydroxy-5-methylchrysene",Metabolism (1); Phase II - Conjugation of compounds (1); Glucuronidation (1)
MESH:C044985,"1',2'-dihydrorotenone","Cell Cycle (12); Cell Cycle, Mitotic (12); Disease (11)"
MESH:C038546,"1,2-dihydrostilbene",Generic Transcription Pathway (1); Nuclear Receptor transcription pathway (1); RNA Polymerase II Transcription (1)
MESH:D014013,"1,2-Dihydroxybenzene-3,5-Disulfonic Acid Disodium Salt",Immune System (30); Signal Transduction (22); Cytokine Signaling in Immune system (20)
MESH:C050642,"1,2-dihydroxynaphthalene",Cellular responses to stress (5); Cellular responses to stimuli (5); Cellular response to chemical stress (5)
MESH:C015153,"1,2-dilauroylphosphatidylcholine",Metabolism (2); Metabolism of lipids (2); Drug ADME (2)
MESH:C117619,"1,2-dimethylnaphthalene",Metabolism (1); Phase II - Conjugation of compounds (1); Methylation (1)
MESH:C040234,"1,2-dinitrobenzene",Metabolism (1); Metabolism of amine-derived hormones (1); Thyroxine biosynthesis (1)
MESH:C512968,"1,2-dioleoyl-3-phosphoethanolamine-n-(poly(ethyleneglycol))-hydroxy succinamide",PIP3 activates AKT signaling (2); Signal Transduction (2); Disease (2)
MESH:C070046,"1,2-dioleoyloxy-3-(trimethylammonium)propane",Hemostasis (1); Platelet degranulation  (1); Cytokine Signaling in Immune system (1)
MESH:C051388,"1,2-dioleoyl-sn-glycero-3-phosphoglycerol",Metabolism (1); Synthesis of 5-eicosatetraenoic acids (1); Arachidonate metabolism (1)
MESH:D015060,"1,2-Dipalmitoylphosphatidylcholine",Cytokine Signaling in Immune system (2); Signal Transduction (2); Disease (2)
MESH:C030345,"1,2-dipalmitoylphosphatidylglycerol",Metabolism (1); Synthesis of 5-eicosatetraenoic acids (1); Arachidonate metabolism (1)
MESH:C032041,"1,2-diphenylhydrazine",Hemostasis (1); Neurotransmitter receptors and postsynaptic signal transmission (1); Transmission across Chemical Synapses (1)
MESH:C039737,1-(2-(diphenylmethoxy)ethyl)-4-(3-phenyl-2-propenyl)piperazine,Neurotransmitter clearance (1); Transmission across Chemical Synapses (1); Neuronal System (1)
MESH:C010942,"1,2-distearoyllecithin",PIP3 activates AKT signaling (2); Signal Transduction (2); Disease (2)
MESH:C519184,"1,2-distearoyl-sn-glycero-3-phosphoethanolamine-N-methoxy-poly(ethylene glycol 2000)",PIP3 activates AKT signaling (2); Signal Transduction (2); Disease (2)
MESH:C049325,"1,2-dithiol-3-thione",Cellular responses to stress (6); Cellular responses to stimuli (6); Cellular response to chemical stress (6)
MESH:C007606,"1,2-epoxy-3-(p-nitrophenoxy)propane",Metabolism (1); Phase II - Conjugation of compounds (1); Glutathione conjugation (1)
MESH:C568514,"1-(2-fluorophenyl)-3-(2-(morpholin-2-yl)ethyl)-1,3-dihydro-2,1,3-benzothiadiazole 2,2-dioxide",Disease (1); Transport of small molecules (1); SLC-mediated transmembrane transport (1)
MESH:C021201,12-HPETE,Metabolism (2); Metabolism of lipids (2); Synthesis of 5-eicosatetraenoic acids (1)
MESH:D019377,"12-Hydroxy-5,8,10,14-eicosatetraenoic Acid",Metabolism (3); Metabolism of lipids (3); Golgi Cisternae Pericentriolar Stack Reorganization (2)
MESH:C008033,"12-hydroxy-5,8,10-heptadecatrienoic acid",Metabolism (2); Biological oxidations (2); Phase I - Functionalization of compounds (2)
MESH:C031263,12-hydroxydodecanoic acid,Metabolism (2); Biological oxidations (2); Phase I - Functionalization of compounds (2)
MESH:C517214,12-hydroxyellipticine,Metabolism (6); Biological oxidations (6); Cytochrome P450 - arranged by substrate type (6)
MESH:C041597,12-ketoendrin,Neurotransmitter receptors and postsynaptic signal transmission (1); Transmission across Chemical Synapses (1); Neuronal System (1)
MESH:C002448,"1,2-linoleoylphosphatidylcholine",Signal Transduction (5); Disease (4); Hemostasis (3)
MESH:C058895,1-(2-methoxyphenyl)-4-(4-(2-phthalimido)butyl)piperazine,Signal Transduction (1); Signaling by GPCR (1); Class A/1 (Rhodopsin-like receptors) (1)
MESH:C040083,1-(2-methoxyphenyl)piperazine,Neurotransmitter receptors and postsynaptic signal transmission (3); Transmission across Chemical Synapses (3); Neuronal System (3)
MESH:C439392,"1-(2-methyl-4-methoxyphenyl)-4-((2-hydroxyethyl)amino)-6-trifluoromethoxy-2,3-dihydropyrrolo(3,2-c)quinoline",Metabolism (4); Biological oxidations (4); Cytochrome P450 - arranged by substrate type (4)
MESH:C572052,1-((2-methylbenzofuran-3-yl)methyl)-3-(thiophen-2-ylmethyl)urea,Generic Transcription Pathway (1); SUMOylation (1); SUMO E3 ligases SUMOylate target proteins (1)
MESH:C420062,"1-(2-methylbenzoxazol-6-yl)-3-(1,5)naphthyridin-4-yl urea",Signal Transduction (1); Signaling by GPCR (1); Class A/1 (Rhodopsin-like receptors) (1)
MESH:C527637,"(1-(2-morpholin-4-yl-ethyl)-1H-indol-3-yl)-(2,2,3,3-tetramethylcyclopropyl)methanone",Signal Transduction (4); Signaling by GPCR (4); Class A/1 (Rhodopsin-like receptors) (4)
MESH:C040756,"1,2-naphthoquinone",Immune System (11); Metabolism (10); Cellular responses to stimuli (10)
MESH:C017251,"1,2-oleoylphosphatidylcholine",Metabolism (2); Metabolism of lipids (2); Drug ADME (2)
MESH:C554292,"12-O-tetradecanoylphorbol-1,3-acetate",Disease (2); Generic Transcription Pathway (2); Cellular responses to stress (2)
MESH:C576882,1-(2-trifluoromethoxyphenyl)-2-nitroethanone,Metabolism (6); Metabolism of lipids (5); Signal Transduction (4)
MESH:C034832,"13,14-dihydro-15-ketoprostaglandin D2",Signal Transduction (2); Signaling by GPCR (2); Class A/1 (Rhodopsin-like receptors) (2)
MESH:C036808,"13,14-dihydro-15-ketoprostaglandin E1",Metabolism (1); Synthesis of Leukotrienes (LT) and Eoxins (EX) (1); Biosynthesis of Lipoxins (LX) (1)
MESH:C544516,"13,19-didesmethyl spirolide C",Neurotransmitter receptors and postsynaptic signal transmission (3); Transmission across Chemical Synapses (3); Neuronal System (3)
MESH:C582286,1-(3-((2-(dimethylamino)ethyl)carbamoyl)phenyl)-3-(4-(bis(2-chloroethyl)amino)phenyl)urea,DNA Repair (8); Generic Transcription Pathway (6); RNA Polymerase II Transcription (6)
MESH:C507420,"1,3,4,14b-tetrahydro-2,10-dimethyl-2H,10H-pyrazino(2,1-d)pyrrolo(1,2-b) (1,2,5)benzotriazepine",Signal Transduction (2); Signaling by GPCR (2); Class A/1 (Rhodopsin-like receptors) (2)
MESH:C404207,"1-(3-(4-(3-chlorophenyl)-1-piperazinyl)propyl)-3,4-dihydro-5-methoxy-2(1H)-quinolinone",Signal Transduction (1); Signaling by GPCR (1); Class A/1 (Rhodopsin-like receptors) (1)
MESH:C552420,"1-(3',4',5'-trimethoxyphenyl)-3-(3'',4''-dimethoxy-2'-hydroxyphenyl)propane",Signal Transduction (2); Disease (2); Apoptosis (1)
MESH:C522246,"1-(3',4'-dichloro-2-fluoro(1,1'-biphenyl)-4-yl)cyclopropanecarboxylic acid",COX reactions (1); Metabolism (1); Biological oxidations (1)
MESH:C000603962,"1-(3,4-dihydroxyphenyl)-3-(2-methoxyphenyl)prop-2-en-1-one",Immune System (9); Cytokine Signaling in Immune system (7); Signaling by Interleukins (7)
MESH:C585955,1-(3-(4-phenoxyphenoxy)-2-oxopropyl)indole-5-carboxylic acid,Metabolism (8); Biological oxidations (7); Cytochrome P450 - arranged by substrate type (7)
MESH:C540360,"1-(3',5'-dihydroxyphenoxy)-7-(2'',4'',6''-trihydroxyphenoxy)-2,4,9-trihydroxydibenzo-1,4,-dioxin",Cytokine Signaling in Immune system (5); Immune System (5); Signaling by Interleukins (5)
MESH:C480124,"1,3,5-triallyl isocyanurate",Metabolism (2); Biological oxidations (2); Cytochrome P450 - arranged by substrate type (2)
MESH:C078329,"1,3,7,8-tetrachlorodibenzo-4-dioxin",Metabolism (1); PPARA activates gene expression (1); Biological oxidations (1)
MESH:C039222,"1,3,7-trimethyluric acid",Metabolism (1); Phase II - Conjugation of compounds (1); Methylation (1)
MESH:C053854,"1,3,8-trihydroxy-6-hydroxymethylanthraquinone",Metabolism (2); Biological oxidations (2); Cytochrome P450 - arranged by substrate type (2)
MESH:C489138,"1,3-benzothiazol-2-yl(2-((2-(3-pyridinyl)ethyl)amino)-4-pyrimidinyl)acetonitrile",Developmental Biology (1); Telomere Maintenance (1); Signal Transduction (1)
MESH:C534147,"1-((3-benzyl-3-methyl-2,3-dihydro-1-benzofuran-6-yl)carbonyl)piperidine",Signal Transduction (2); Signaling by GPCR (2); Class A/1 (Rhodopsin-like receptors) (2)
MESH:C422565,13beta-methyl 19-nor-steroid,Metabolism (1); Phase II - Conjugation of compounds (1); Cytosolic sulfonation of small molecules (1)
MESH:C489957,"1,3-bis(2-hydroxyiminomethylpyridinium)propane",Neurotransmitter clearance (1); Transmission across Chemical Synapses (1); Neuronal System (1)
MESH:C524478,"1,3-bis(4-hydroxyphenyl)-4-methyl-5-(4-(2-piperidinylethoxy)phenol)-1H-pyrazole",Signal Transduction (19); Metabolism (16); Gene expression (Transcription) (15)
MESH:C031763,"1,3-butadiene",Metabolism (5); Biological oxidations (4); Drug ADME (4)
MESH:C065734,1-(3-chlorophenyl)biguanide,Neurotransmitter receptors and postsynaptic signal transmission (2); Transmission across Chemical Synapses (2); Neuronal System (2)
MESH:C015068,1-(3-chlorophenyl)piperazine,Signal Transduction (6); Neurotransmitter receptors and postsynaptic signal transmission (4); Transmission across Chemical Synapses (4)
MESH:C078415,13-cis-12-(3'-carboxyphenyl)retinoic acid,Metabolism (1); Acyl chain remodelling of PC (1); Acyl chain remodelling of PS (1)
MESH:C031338,13-cis-retinal,Metabolism (2); Biological oxidations (2); Cytochrome P450 - arranged by substrate type (2)
MESH:C517170,13-desmethylspirolide C,Neurotransmitter receptors and postsynaptic signal transmission (3); Transmission across Chemical Synapses (3); Neuronal System (3)
MESH:C547592,"1,3-di(1H-indol-3-yl)propan-2-one",Metabolism (3); Biological oxidations (2); Phase I - Functionalization of compounds (2)
MESH:C579534,"1,3-diacetoxytetradeca-6,12-dien-8,10-diyne",Cytokine Signaling in Immune system (1); Collagen degradation (1); Degradation of the extracellular matrix (1)
MESH:C023891,"1,3-dichloro-1-propene",Cytokine Signaling in Immune system (1); Signal Transduction (1); Immune System (1)
MESH:C033489,"1,3-dichloro-2-propanol",Metabolism (9); Immune System (7); Metabolism of lipids (7)
MESH:C532657,"1,3-dihydro-1-(1-((4-(6-phenyl-1H-imidazo(4,5-g)quinoxalin-7-yl)phenyl)methyl)-4-piperidinyl)-2H-benzimidazol-2-one",Signal Transduction (7); Developmental Biology (6); Adaptive Immune System (6)
MESH:C555017,"1',3'-dihydro-1'-ethanol-3',3'-dimethyl-8-methoxy-6-nitro-spiro(2H-1-benzopyran-2,2'-(2H)-indole)",Interleukin-6 signaling (1); MAPK3 (ERK1) activation (1); RAF-independent MAPK1/3 activation (1)
MESH:C503118,"1,3-dihydroxy-2-hydroxymethylpropyl-2-ammonium 2-((R)-3-cyclo-hexyl-1-phenylpropyl)-1,3-dioxo-2,3-dihydro-1H-isoindole-5-carboxylate monohydrate",Cytokine Signaling in Immune system (1); Signal Transduction (1); Immune System (1)
MESH:C079393,"1,3-dihydroxy-4,4,5,5-tetramethyl-2-(4-carboxyphenyl)tetrahydroimidazole",Signal Transduction (9); Immune System (7); Generic Transcription Pathway (7)
MESH:C570531,"1,3-dihydroxypropan-2-yl 11-(2-hexyl-5-hydroxyphenoxy)undecanoate",Signal Transduction (1); Signaling by GPCR (1); Class A/1 (Rhodopsin-like receptors) (1)
MESH:C570532,"1,3-dihydroxypropan-2-yl 11-(3-hydroxy-5-(2-methyloctan-2-yl)phenoxy)undecanoate",Signal Transduction (3); Signaling by GPCR (3); Class A/1 (Rhodopsin-like receptors) (3)
MESH:C552735,"1,3-dimethoxy-5-methyl-2-(3-methyl-6-(1-methylethenyl)-2-cyclohexen-1-yl)benzene",Signal Transduction (1); Signaling by GPCR (1); Class A/1 (Rhodopsin-like receptors) (1)
MESH:C038983,"1,3-dimethylthiourea",Immune System (9); Signal Transduction (8); Cytokine Signaling in Immune system (6)
MESH:C415363,"1, 3-di-(N-carboxybenzoyl-leucyl-leucyl)amino acetone",Cellular responses to stress (1); Cellular responses to stimuli (1); Cytoprotection by HMOX1 (1)
MESH:C037413,"1,3-dinitropyrene",Metabolism (4); Biological oxidations (4); Cytochrome P450 - arranged by substrate type (4)
MESH:C014513,"1,3-diphenylpropane",Generic Transcription Pathway (1); Nuclear Receptor transcription pathway (1); RNA Polymerase II Transcription (1)
MESH:C097280,"1,3-dipropyl-8-(2-(5,6-epoxy)norbornyl)xanthine",Signal Transduction (1); Signaling by GPCR (1); Class A/1 (Rhodopsin-like receptors) (1)
MESH:C051360,"1,3-dipropyl-8-cyclopentylxanthine",Signal Transduction (3); Signaling by GPCR (3); Class A/1 (Rhodopsin-like receptors) (3)
MESH:C050232,"1,3-ditolylguanidine",Neuronal System (1); Potassium Channels (1); Voltage gated Potassium channels (1)
MESH:C038649,"13-hydroperoxy-9,11-octadecadienoic acid",Generic Transcription Pathway (2); RNA Polymerase II Transcription (2); Gene expression (Transcription) (2)
MESH:C082486,13-hydroxy-10-oxo-11-octadecenoic acid,Cytokine Signaling in Immune system (1); Collagen degradation (1); Degradation of the extracellular matrix (1)
MESH:C024348,"13-hydroxy-9,11-octadecadienoic acid",Immune System (2); Cytokine Signaling in Immune system (1); Metabolism (1)
MESH:C517215,13-hydroxyellipticine,Metabolism (9); Biological oxidations (9); Cytochrome P450 - arranged by substrate type (9)
MESH:C064441,"13-oxo-9,11-octadecadienoic acid",Metabolism (2); Phase II - Conjugation of compounds (2); Glutathione conjugation (2)
MESH:C018406,1-(3-trifluoromethylphenyl)piperazine,Signal Transduction (6); Neurotransmitter receptors and postsynaptic signal transmission (3); Transmission across Chemical Synapses (3)
MESH:C514211,"1-(3-(trifluoromethyl)pyridin-2-yl)-N-(4-(trifluoromethylsulfonyl)phenyl)-1,2,3,6-tetrahydropyridine-4-carboxamide",Stimuli-sensing channels (1); TRP channels (1); Transport of small molecules (1)
MESH:C531961,"1-(4-(1,1-dimethylheptyl)-2,6-dimethoxyphenyl)-3-methylcyclohexanol",Cytokine Signaling in Immune system (2); Adaptive Immune System (2); Extracellular matrix organization (2)
MESH:C046782,"14,15-epoxy-5,8,11-eicosatrienoic acid",Metabolism (6); Disease (6); Biological oxidations (5)
MESH:C569670,"1-(4-((2-(2-aminopyrimidin-5-yl)-7-methyl-4-morpholinothieno(3,2-d)pyrimidin-6-yl)methyl)piperazin-1-yl)-2-hydroxypropan-1-one",Signal Transduction (13); Disease (13); Immune System (11)
MESH:C452424,1-(4-(2-(bis(4-fluorophenyl)methoxy)ethyl)piperazinyl)-3-phenylpropan-2-ol,Neurotransmitter clearance (1); Transmission across Chemical Synapses (1); Neuronal System (1)
MESH:C452425,1-(4-(2-(diphenylmethoxy)ethyl)piperazinyl)-3-phenylpropan-2-ol,Neurotransmitter clearance (1); Transmission across Chemical Synapses (1); Neuronal System (1)
MESH:C514353,1-(4-((4-phenyl-5-trifluoromethyl-2-thienyl)methoxy)benzyl)azetidine-3-carboxylic acid,Cytokine Signaling in Immune system (1); Signal Transduction (1); Disease (1)
MESH:C553294,"1-(4-(4-propionylpiperazin-1-yl)-3-(trifluoromethyl)phenyl)-9-(quinolin-3-yl)benzo(h)(1,6)naphthyridin-2(1H)-one",Signal Transduction (7); Developmental Biology (6); Disease (6)
MESH:C429685,"1,4,5,8-naphthalenetetracarboxylic diimide",Golgi Cisternae Pericentriolar Stack Reorganization (2); Cell Cycle (2); Mitotic Prophase (2)
MESH:C085131,"1-((4,5-bis(4-methoxyphenyl)-2-thiazoyl)carbonyl)-4-methylpiperazine",COX reactions (1); Metabolism (1); Biological oxidations (1)
MESH:C517943,"1-(4-(6-bromobenzo(1,3)dioxol-5-yl)-3a,4,5,9b-tetrahydro-3H-cyclopenta(c)quinolin-8-yl)ethanone",Signal Transduction (27); Disease (18); Developmental Biology (15)
MESH:C075712,"1,4,7-triazacyclononane",Cellular responses to stress (3); Cellular responses to stimuli (3); Cellular response to chemical stress (3)
MESH:C531547,1-((4-(aminocarbonyl)pyridinio)trimethylene)-2-((hydroxyimino)methyl)pyridinium,Neurotransmitter clearance (1); Transmission across Chemical Synapses (1); Neuronal System (1)
MESH:C416442,"1,4-anthraquinone",Apoptosis (1); Intrinsic Pathway for Apoptosis (1); Formation of apoptosome (1)
MESH:C512626,"1,4-benzenedimethanethiol",Metabolism (1); Biological oxidations (1); Cytochrome P450 - arranged by substrate type (1)
MESH:C521339,1-(4-(benzothiazol-2-yloxy)benzyl)piperidine-4-carboxylic acid,Metabolism (1); Innate Immune System (1); Immune System (1)
MESH:C028474,"1,4-bis(2-(3,5-dichloropyridyloxy))benzene",Gene expression (Transcription) (11); Metabolism (10); Signal Transduction (8)
MESH:C014376,"1,4-bis(2,3-epoxypropoxy)butane",Cytokine Signaling in Immune system (2); Immune System (2); Signaling by Interleukins (2)
MESH:C489959,"1,4-bis(2-hydroxyiminomethylpyridinium)butane",Neurotransmitter clearance (1); Transmission across Chemical Synapses (1); Neuronal System (1)
MESH:C515196,"1,4-bis(4-hydroxyiminomethylpyridinium)butane dibromide",Neurotransmitter clearance (1); Transmission across Chemical Synapses (1); Neuronal System (1)
MESH:C074681,"1-(4-bromophenylaminocarbonyl)-4,5-diphenyl-3-pyrazolidinone",Signal Transduction (2); Signaling by GPCR (2); Class A/1 (Rhodopsin-like receptors) (2)
MESH:C524716,1-(4-carbamoylpyridinium)-4-(4-hydroxyiminomethylpyridinium)but-2-ene,Neurotransmitter clearance (1); Transmission across Chemical Synapses (1); Neuronal System (1)
MESH:C492847,"1-(4-chlorophenyl)-3-(3-(4-chlorophenyl)-5,5-dimethyl-1-(3-(5-nitrofuran-2-yl)allyldienehydrazinocarbonylmethyl)-2-oxoimidazolidin-4-yl)-1-hydroxyurea",Cellular responses to stress (2); Transport of small molecules (2); ABC-family proteins mediated transport (2)
MESH:C526691,1-(4-chlorophenyl)-3-(3-(6-pyrrolidin-1-ylpyridin-2-yl)phenyl)urea,Signal Transduction (1); Signaling by GPCR (1); Class A/1 (Rhodopsin-like receptors) (1)
MESH:C000597136,"1-(4-chlorophenyl)-benzo-2,5-quinone",Metabolism (3); PPARA activates gene expression (3); Regulation of lipid metabolism by PPARalpha (3)
MESH:C026386,1-(4-chlorophenyl)piperazine,Neurotransmitter receptors and postsynaptic signal transmission (3); Transmission across Chemical Synapses (3); Neuronal System (3)
MESH:C561237,1-((4-cyano-4-pyridin-2-ylpiperidin-1-yl)methyl)-4-oxo-4H-quinolizine-3-carboxylic acid,Signal Transduction (1); Signaling by GPCR (1); Class A/1 (Rhodopsin-like receptors) (1)
MESH:C023353,"1,4-cyclohexanedimethanol",Cytokine Signaling in Immune system (1); Mitochondrial biogenesis (1); Disease (1)
MESH:C495626,"14-deoxy-11,12-didehydroandrographolide",Signal Transduction (42); Disease (30); Gene expression (Transcription) (30)
MESH:C039689,"1,4-diaminoanthraquinone",Cytokine Signaling in Immune system (1); Adaptive Immune System (1); Signal Transduction (1)
MESH:C088969,"1,4-diaminocyclohexane",Signal Transduction (1); Generic Transcription Pathway (1); Signaling by Hedgehog (1)
MESH:C117455,"1,4-dihydro-N-methylnicotinamide",Metabolism (1); Biological oxidations (1); Phase I - Functionalization of compounds (1)
MESH:C038806,"1,4-dihydropyridine",Gene expression (Transcription) (5); Generic Transcription Pathway (4); Nuclear Receptor transcription pathway (4)
MESH:C403008,"1,4-dihydroquinone",Metabolism (1); Phase II - Conjugation of compounds (1); Glutathione conjugation (1)
MESH:C024023,"1,4-dihydroxy-2-naphthoic acid",Metabolism (3); Biological oxidations (3); Cytochrome P450 - arranged by substrate type (3)
MESH:C091765,"1,4-dihydroxy-2-nonene",Metabolism (4); Biological oxidations (4); Cytochrome P450 - arranged by substrate type (4)
MESH:C034890,"1,4-dihydroxyanthraquinone",Metabolism (5); Biological oxidations (5); Phase II - Conjugation of compounds (4)
MESH:C031969,"1,4-dimethylnaphthalene",Metabolism (1); Phase II - Conjugation of compounds (1); Methylation (1)
MESH:C512731,"1,4-di-O-caffeoylquinic acid",Signal Transduction (1); Disease (1); Signaling by Type 1 Insulin-like Growth Factor 1 Receptor (IGF1R) (1)
MESH:C025223,"1,4-dioxane",Metabolism (1); Metabolism of nucleotides (1); Disease (1)
MESH:C583916,1-(4-ethoxyphenyl)-3-(4-nitrophenyl)-prop-2-en-1-one,Cytokine Signaling in Immune system (2); Immune System (2); Signaling by Interleukins (2)
MESH:C000626967,1-(4-ethylphenyl-)-N-((2-methoxyphenyl)methyl) propane-2-amine,Metabolism (6); Biological oxidations (6); Cytochrome P450 - arranged by substrate type (6)
MESH:C091518,"1-(4-ethynylphenyl)-4-propyl-2,6,7-trioxabicyclo(2.2.2)octane",Neurotransmitter receptors and postsynaptic signal transmission (7); Transmission across Chemical Synapses (7); Neuronal System (7)
MESH:C570688,1-(4-fluorobenzoyl)-3-(((6-methoxy-2-naphthyl)oxy)methyl)azetidine-3-carboxylic acid,Developmental Biology (1); Cell-Cell communication (1); Epigenetic regulation of gene expression (1)
MESH:C092824,1-((4-fluorobenzoylamino)ethyl)-4-(7-methoxy-1-naphthyl)piperazine hydrochloride,Signal Transduction (1); Signaling by GPCR (1); Class A/1 (Rhodopsin-like receptors) (1)
MESH:C510259,"1-(4-(furo(2,3-b)quinolin-4-ylamino)phenyl)ethanone",E2F-enabled inhibition of pre-replication complex formation (2); E2F mediated regulation of DNA replication (2); Signal Transduction (2)
MESH:C072014,"14-hydroxy-4,14-retro-retinol",Hemostasis (1); Opioid Signalling (1); Calmodulin induced events (1)
MESH:C481758,1-(4-hydroxyiminomethylpyridinium)-3-(carbamoylpyridinium) propane dibromide,Neurotransmitter clearance (1); Transmission across Chemical Synapses (1); Neuronal System (1)
MESH:C524606,1-(4-hydroxyiminomethylpyridinium)-3-pyridiniumpropane,Neurotransmitter clearance (1); Transmission across Chemical Synapses (1); Neuronal System (1)
MESH:C488676,1-(4-hydroxyiminomethylpyridinium)-4-(4-carbamoylpyridinium)butane,Metabolism of proteins (3); Neurotransmitter clearance (2); Transmission across Chemical Synapses (2)
MESH:C090768,"1-(4-hydroxyphenyl)-1,2-diphenyl-1-butene",Metabolism (12); Biological oxidations (12); Cytochrome P450 - arranged by substrate type (9)
MESH:C490166,1-(4-methoxyphenyl)piperazine,Neurotransmitter receptors and postsynaptic signal transmission (3); Transmission across Chemical Synapses (3); Neuronal System (3)
MESH:C059675,"14-methylergosta-8,24(28)-dien-3,6-diol",Developmental Biology (1); Metabolism (1); Regulation of cholesterol biosynthesis by SREBP (SREBF) (1)
MESH:C000592889,1-(4-methylphenyl)propane-2-amine,Neurotransmitter clearance (1); Transmission across Chemical Synapses (1); Neuronal System (1)
MESH:C090859,1-((4-methylsulfonyl)phenyl)-3-trifluoromethyl-5-(4-fluorophenyl)pyrazole,Metabolism (3); Metabolism of lipids (3); Cytokine Signaling in Immune system (2)
MESH:C035342,"1,4-naphthoquinone",Metabolism (21); Biological oxidations (15); Cytochrome P450 - arranged by substrate type (15)
MESH:C562246,1-(4-nitro-2-(trifluoromethyl)phenyl)-4-(3-(trifluoromethyl)phenyl)piperazine,Signal Transduction (2); Signaling by Rho GTPases (2); RHO GTPase Effectors (2)
MESH:C074153,"1,4-phenylenebis(methylene)selenocyanate",Signal Transduction (10); Disease (9); Generic Transcription Pathway (9)
MESH:C477941,"1,4-phenylenebis(methylene)selenocyanate, glutathione conjugate",Cell Cycle (7); Generic Transcription Pathway (7); Mitotic G1 phase and G1/S transition (7)
MESH:C044208,"1,5(10)-estradiene-3,4,17-trione",Aerobic respiration and respiratory electron transport (1); Metabolism (1); Generic Transcription Pathway (1)
MESH:C554440,1-((5-(1-aminoethyl)-2-(8-methoxy-2-(triflurormethyl)-5-quinolinyl)-4-oxazolyl) carbonyl)-4-((cyclopropylcarbonyl)amino)proline ethyl ester,Opioid Signalling (1); Signal Transduction (1); DARPP-32 events (1)
MESH:C552956,1-(5-(2-fluorophenyl)-1-(pyridin-3-ylsulfonyl)-1H-pyrrol-3-yl)-N-methylmethanamine,Metabolism (1); Biological oxidations (1); Cytochrome P450 - arranged by substrate type (1)
MESH:C092430,1-(5-(2-thenyloxy)-1H-indol-3-yl)propan-2-amine,Signal Transduction (1); Signaling by GPCR (1); Class A/1 (Rhodopsin-like receptors) (1)
MESH:C046760,15-acetyldeoxynivalenol,Signal Transduction (23); Developmental Biology (12); Disease (12)
MESH:C106746,"1,5-benzothiazepine",Metabolism (3); Biological oxidations (3); Cytochrome P450 - arranged by substrate type (3)
MESH:C560296,"1,5-bis(2,3-dimethoxyphenyl)penta-1,4-dien-3-one",Cellular responses to stress (4); Cellular responses to stimuli (4); Immune System (3)
MESH:C550703,"1,5-bis(2-bromophenyl)penta-1,4-dien-3-one",Cytokine Signaling in Immune system (1); Metabolism (1); Immune System (1)
MESH:C456029,"1-(5-chloro-1-((2,4-dimethoxyphenyl)sulfonyl)-3-(2-methoxyphenyl)-2-oxo-2,3-dihydro-1H-indol-3-yl)-4-hydroxy-N,N-dimethyl-2-pyrrolidinecarboxamide",Signal Transduction (2); Disease (2); Disorders of transmembrane transporters (2)
MESH:C484309,1-((5-chloro-1H-indol-2-yl)carbonyl)-4-methylpiperazine,Antiviral mechanism by IFN-stimulated genes (1); Cytokine Signaling in Immune system (1); Signal Transduction (1)
MESH:C508388,"1-(5-chloro-2,4-dimethoxyphenyl)-3-(5-methylisoxazol-3-yl)urea",Interleukin-6 signaling (1); Hemostasis (1); MAPK3 (ERK1) activation (1)
MESH:C097240,"15-deoxy-delta(12,14)-prostaglandin J2",Signal Transduction (37); Immune System (33); Cytokine Signaling in Immune system (30)
MESH:C477819,15-deoxyprostaglandin J2,Immune System (20); Cytokine Signaling in Immune system (17); Signaling by Interleukins (15)
MESH:C095653,"1,5-dihydroxyisoquinoline",Disease (2); Generic Transcription Pathway (2); RNA Polymerase II Transcription (2)
MESH:C028289,"1,5-dihydroxynaphthalene",Neurotransmitter receptors and postsynaptic signal transmission (1); Transmission across Chemical Synapses (1); Neuronal System (1)
MESH:C582337,1-(5-fluoropentyl)-3-(1-naphthoyl)indole,Signal Transduction (5); Signaling by GPCR (5); Class A/1 (Rhodopsin-like receptors) (5)
MESH:C000594853,1-(5-fluoropentyl)-3-(4-methyl-1-naphthoyl)indole,Signal Transduction (5); Signaling by GPCR (5); GPCR downstream signalling (5)
MESH:C025086,"15-hydroperoxy-5,8,11,13-eicosatetraenoic acid",Cytokine Signaling in Immune system (1); Metabolism (1); Innate Immune System (1)
MESH:D019796,"15-Hydroxy-11 alpha,9 alpha-(epoxymethano)prosta-5,13-dienoic Acid",Signal Transduction (10); Signaling by GPCR (9); GPCR downstream signalling (9)
MESH:C025984,"15-hydroxy-5,8,11,13-eicosatetraenoic acid",Metabolism (9); Immune System (6); Cytokine Signaling in Immune system (5)
MESH:D019307,1-(5-Isoquinolinesulfonyl)-2-Methylpiperazine,Immune System (10); Cytokine Signaling in Immune system (9); Signal Transduction (8)
MESH:C025087,"15-keto-13,14-dihydroprostaglandin E2",Metabolism (1); Synthesis of Leukotrienes (LT) and Eoxins (EX) (1); Biosynthesis of Lipoxins (LX) (1)
MESH:C008228,"15-keto-13,14-dihydroprostaglandin F2alpha",Metabolism (1); Synthesis of Leukotrienes (LT) and Eoxins (EX) (1); Biosynthesis of Lipoxins (LX) (1)
MESH:C054992,"15-keto-5,8,11,13-eicosatetraenoic acid",Cytokine Signaling in Immune system (5); Disease (5); Immune System (5)
MESH:C011008,15-ketoprostaglandin E,Metabolism (1); Synthesis of Leukotrienes (LT) and Eoxins (EX) (1); Biosynthesis of Lipoxins (LX) (1)
MESH:C026346,15-ketoprostaglandin E2,Metabolism (2); Biosynthesis of Lipoxins (LX) (2); Arachidonate metabolism (2)
MESH:C026528,15-ketoprostaglandin F2alpha,Metabolism (1); Synthesis of Leukotrienes (LT) and Eoxins (EX) (1); Biosynthesis of Lipoxins (LX) (1)
MESH:C532725,15R-methyl prostaglandin D2,Signal Transduction (1); Signaling by GPCR (1); Class A/1 (Rhodopsin-like receptors) (1)
MESH:D015064,"16,16-Dimethylprostaglandin E2",Signal Transduction (3); Signaling by GPCR (3); Class A/1 (Rhodopsin-like receptors) (3)
MESH:C558737,"1-(6-((2-(dimethylamino)ethyl)(methyl)amino)-1,3-dimethyl-1H-pyrazolo(3,4-b)pyridine-5-carbonyl)-3-(3-isopropoxyphenyl)urea",Metabolism (4); Biological oxidations (4); Cytochrome P450 - arranged by substrate type (4)
MESH:C060229,"1-(6-((3-methoxyestra-1,3,5(10)-trien-17-yl)amino)hexyl)-1H-pyrrole-2,5-dione",Signal Transduction (15); Immune System (13); Signaling by GPCR (13)
MESH:C447621,16-(4-fluorophenoxy)lipoxin A4,Cytokine Signaling in Immune system (5); Immune System (5); Signaling by Interleukins (5)
MESH:C028108,"16 alpha,17-epoxyprogesterone",Signal Transduction (1); Signaling by Rho GTPases (1); RHO GTPase Effectors (1)
MESH:C034554,16 alpha-bromo-17 beta-estradiol,Metabolism (1); Estrogen biosynthesis (1); Metabolism of steroid hormones (1)
MESH:C020175,"16 alpha-ethyl-21-hydroxy-19-nor-4-pregnene-3,20-dione",Developmental Biology (5); Metabolism (5); Signal Transduction (5)
MESH:C480140,"1,6-Bis(4-(4-amino-3-hydroxyphenoxy)phenyl)diamantane","Hemostasis (2); Platelet degranulation  (2); Platelet activation, signaling and aggregation (2)"
MESH:C036535,"1,6-bis(cyclohexyloximinocarbonyl)hexane",Hemostasis (2); Effects of PIP2 hydrolysis (2); Metabolism (2)
MESH:C007297,"1,6-diaminohexane",ROS and RNS production in phagocytes (1); Innate Immune System (1); Immune System (1)
MESH:C039464,"1,6-dichlorosucrose",Signal Transduction (2); Signaling by GPCR (2); GPCR downstream signalling (2)
MESH:C466921,"1,6-dimethylnaphthalene",Metabolism (1); Phase II - Conjugation of compounds (1); Methylation (1)
MESH:C033309,"1,6-dinitropyrene",Metabolism (2); Biological oxidations (2); Cytochrome P450 - arranged by substrate type (2)
MESH:C015262,"1,6-hexamethylene diisocyanate",Immune System (14); Cellular responses to stimuli (11); Metabolism (10)
MESH:C072581,"16-hydroxycleroda-3,13(14)-dien-15,16-olide","Signal Transduction (19); Cell Cycle (17); Cell Cycle, Mitotic (17)"
MESH:C026702,16-hydroxyestrone,Innate Immune System (2); Immune System (2); Neutrophil degranulation (2)
MESH:C018975,16-hydroxyprogesterone,Metabolism (1); Disease (1); Androgen biosynthesis (1)
MESH:C045261,16-hydroxytestosterone,Metabolism (1); Phase II - Conjugation of compounds (1); Glucuronidation (1)
MESH:C002591,16-ketoestrone,Metabolism (3); Biological oxidations (2); Metabolism of carbohydrates and carbohydrate derivatives (2)
MESH:C486136,16-O-demethylaconitine,Metabolism (7); Biological oxidations (7); Cytochrome P450 - arranged by substrate type (7)
MESH:C499148,"17,17'-bis(cyclopropylmethyl)-6,6',7,7'-tetrahydro-4,5-4',5'-diepoxy-6,6'-(benzylimino)(7,7'-bimorphinan)-3,3',14,14'-tetrol",Signal Transduction (1); Generic Transcription Pathway (1); Signaling by GPCR (1)
MESH:C512457,"17,20-dihydroxyvitamin D2",Metabolism (1); Disease (1); Metabolism of steroid hormones (1)
MESH:C523983,"1-(7-(2-chlorophenyl)-8-(4-chlorophenyl)-2-methylpyrazolo(1,5-a)-(1,3,5)triazin-4-yl)-3-ethylaminoazetidine-3-carboxylic acid amide",Signal Transduction (1); Signaling by GPCR (1); Class A/1 (Rhodopsin-like receptors) (1)
MESH:C560081,17-(4'-ethynyldimethylbenzylamine)-17-testosterone,Signal Transduction (1); Signaling by Rho GTPases (1); RHO GTPase Effectors (1)
MESH:C410803,"17-(5'-isoxazolyl)androsta-4,16-dien-3-one",Signal Transduction (3); Signaling by Rho GTPases (3); RHO GTPase Effectors (3)
MESH:C021012,"17 alpha,20 beta-dihydroxypregn-4-en-3-one",Signal Transduction (1); Signaling by Rho GTPases (1); RHO GTPase Effectors (1)
MESH:D006907,17-alpha-Hydroxypregnenolone,Metabolism (1); Disease (1); Androgen biosynthesis (1)
MESH:D019326,17-alpha-Hydroxyprogesterone,Gene expression (Transcription) (5); Metabolism (4); Generic Transcription Pathway (3)
MESH:D000077713,17 alpha-Hydroxyprogesterone Caproate,Gene expression (Transcription) (8); Metabolism (5); Signal Transduction (5)
MESH:C515135,17-amino-17-demethoxygeldanamycin -C2-galactose,Metabolism (1); Cellular responses to stress (1); Regulation of ornithine decarboxylase (ODC) (1)
MESH:C445526,"17-benzyl-5-androstane-3,17-diol","Metabolism (1); Gamma carboxylation, hypusinylation, hydroxylation, and arylsulfatase activation (1); Glycosphingolipid metabolism (1)"
MESH:C471106,"1,7-bis(4-hydroxy-3-methoxyphenyl)-1,4,6-heptatrien-3-one",Signal Transduction (1); Signaling by Rho GTPases (1); RHO GTPase Effectors (1)
MESH:C035702,17-desoxyestradiol,Signal Transduction (1); Signaling by Rho GTPases (1); RHO GTPase Effectors (1)
MESH:C448659,17-(dimethylaminoethylamino)-17-demethoxygeldanamycin,Disease (19); Signal Transduction (17); Immune System (15)
MESH:C053084,"1,7-dimethyluric acid",Metabolism (1); Biological oxidations (1); Cytochrome P450 - arranged by substrate type (1)
MESH:C021183,"1,7-dimethylxanthine",Metabolism (5); Biological oxidations (4); Phase II - Conjugation of compounds (3)
MESH:C557531,"1,7-diphenyl-5-heptene-3-one",Signal Transduction (3); ESR-mediated signaling (3); Signaling by Nuclear Receptors (3)
MESH:C524733,"17-ethynyl-5-androstene-3, 7, 17-triol",Immune System (4); Innate Immune System (3); Cytokine Signaling in Immune system (2)
MESH:C122128,"1,7-N-heptylene-bis-9,9'-amino-1,2,3,4-tetrahydroacridine",Metabolism (2); Biological oxidations (2); Phase I - Functionalization of compounds (2)
MESH:C031563,"17-N,N-diethylcarbamoyl-4-methyl-4-azaandrostane-3-one",Metabolism (1); Androgen biosynthesis (1); Metabolism of steroid hormones (1)
MESH:C053486,"1,7-phenanthroline",Metabolism (1); Synthesis of bile acids and bile salts (1); Synthesis of bile acids and bile salts via 7alpha-hydroxycholesterol (1)
MESH:C092396,17-phenyltrinorprostaglandin E2,Signal Transduction (1); Signaling by GPCR (1); Class A/1 (Rhodopsin-like receptors) (1)
MESH:C119129,18alpha-glycyrrhetinic acid,Signal Transduction (8); Disease (4); Immune System (4)
MESH:C540688,"1-(8-bromobenzo(1,2-b;4,5-b')difuran-4-yl)-2-aminopropane",Amine Oxidase reactions (2); Biogenic amines are oxidatively deaminated to aldehydes by MAOA and MAOB (2); Metabolism (2)
MESH:C406982,"1,8-diazafluoren-one",Cytokine Signaling in Immune system (1); Metabolism (1); Disease (1)
MESH:C033310,"1,8-dinitropyrene",Metabolism (5); Metabolism of lipids (4); Biological oxidations (3)
MESH:C056818,"1,8-heptadecadiene-4,6-diyne-3,10-diol",PIP3 activates AKT signaling (1); Signal Transduction (1); Disease (1)
MESH:C033689,18-hydroxycortisol,Metabolism (3); Disease (3); Glucocorticoid biosynthesis (3)
MESH:C042509,18-hydroxydeoxycorticosterone,Metabolism (2); Disease (2); Glucocorticoid biosynthesis (2)
MESH:C103345,18-methoxycoronaridine,Muscle contraction (2); Cardiac conduction (2); Neuronal System (1)
MESH:C038135,18-oxocortisol,Metabolism (1); Disease (1); Mineralocorticoid biosynthesis (1)
MESH:C055986,"19-hydroxy-5,8,11,14-eicosatetraenoic acid",Metabolism (3); Biological oxidations (3); Cytochrome P450 - arranged by substrate type (3)
MESH:C495172,(19Z)-halichondramide,Generic Transcription Pathway (6); Transcriptional Regulation by TP53 (6); RNA Polymerase II Transcription (6)
MESH:C521160,1-acetonaphthone,Signal Transduction (1); Signaling by Rho GTPases (1); RHO GTPase Effectors (1)
MESH:C047948,1'-acetoxychavicol acetate,Cytokine Signaling in Immune system (13); Immune System (13); Signal Transduction (11)
MESH:C548433,"1-(acetyloxy)-3,5,6,6a,7,8,9,10-octahydro-10-hydroxy-7,8-dimethyl-7-(3-methylpenta-2,4-dien-1-yl)naphtho(1,8a-c)furan-3,5-diyl dibutanoate",Apoptosis (1); Intrinsic Pathway for Apoptosis (1); Formation of apoptosome (1)
MESH:C078632,"1-acyl-2-(12-((7-nitrobenz-2-oxa-1,3-diazol-4-yl)amino)dodecanoyl)phosphatidylcholine",Epigenetic regulation of gene expression (3); Gene expression (Transcription) (3); Epigenetic regulation of gene expression by MLL3 and MLL4 complexes (3)
MESH:C539020,"1alpha,20-dihydroxyvitamin D3",Metabolism (1); Disease (1); Vitamin D (calciferol) metabolism (1)
MESH:C023850,"1 alpha,24-dihydroxyvitamin D3",Metabolism (1); Vitamin D (calciferol) metabolism (1); Generic Transcription Pathway (1)
MESH:C492368,"1-(alpha,apha-dimethylbenzyl)-3-(4-methylphenyl)urea",Metabolism (1); Biological oxidations (1); Cytochrome P450 - arranged by substrate type (1)
MESH:C042533,1 alpha-hydroxyergocalciferol,Generic Transcription Pathway (5); RNA Polymerase II Transcription (5); Gene expression (Transcription) (5)
MESH:C523415,1-amino-2-phosphonomethylcyclopropanecarboxylic acid,Signal Transduction (3); Signaling by GPCR (3); GPCR downstream signalling (3)
MESH:C067399,1-amino-8-nitropyrene,Metabolism (2); Synthesis of bile acids and bile salts (2); Synthesis of bile acids and bile salts via 7alpha-hydroxycholesterol (2)
MESH:C033020,1-aminobenzotriazole,Metabolism (12); Biological oxidations (9); Cytochrome P450 - arranged by substrate type (8)
MESH:C014318,1-aminocyclopropanol,Neurotransmitter clearance (1); Transmission across Chemical Synapses (1); Neuronal System (1)
MESH:C095756,"1-aminoindan-1,5-dicarboxylic acid",Neuronal System (1); Signal Transduction (1); Signaling by GPCR (1)
MESH:C036423,1-aminomethylphosphonic acid,Signal Transduction (7); Disease (5); Immune System (5)
MESH:C004482,1-aminopyrene,Metabolism (5); Signal Transduction (5); Metabolism of lipids (5)
MESH:C027132,1-anilino-8-naphthalenesulfonate,Innate Immune System (4); Immune System (4); Metabolism (3)
MESH:C445701,"1-benzyl-1,4-dihydronicotinamide",Metabolism (1); Biological oxidations (1); Phase I - Functionalization of compounds (1)
MESH:C017062,1-benzylimidazole,Developmental Biology (3); Cytokine Signaling in Immune system (2); Metabolism (2)
MESH:C006737,1-benzylpiperazine,Signal Transduction (4); Neurotransmitter receptors and postsynaptic signal transmission (3); Transmission across Chemical Synapses (3)
MESH:C495109,"1-(beta-naphthylmethyl)-6,7-dihydroxy-1,2,3,4-tetra-hydroisoquinoline",Cytokine Signaling in Immune system (1); Mitochondrial biogenesis (1); Disease (1)
MESH:C011688,"1-bromo-2,4-dinitrobenzene",Adaptive Immune System (1); Disease (1); Immune System (1)
MESH:C118701,1-bromohexane,Metabolism (1); Phase II - Conjugation of compounds (1); Glutathione conjugation (1)
MESH:C118559,1-bromopropane,Cytokine Signaling in Immune system (5); Immune System (5); Signaling by Interleukins (5)
MESH:D020001,1-Butanol,Signal Transduction (141); Metabolism (121); Immune System (108)
MESH:C031572,1-carboxyheptylimidazole,Signal Transduction (3); Signaling by GPCR (3); Class A/1 (Rhodopsin-like receptors) (3)
MESH:C115293,"1-(carboxymethyl)-3,5-diphenyl-2-methylbenzene",COX reactions (1); Metabolism (1); Biological oxidations (1)
MESH:C062078,1-(carboxymethylthio)tetradecane,Metabolism (2); PPARA activates gene expression (2); Cellular responses to stress (2)
MESH:C042630,"1-chloro-2,4-dinitrobenzene-glutathione conjugate",Metabolism (2); Phase II - Conjugation of compounds (2); Glutathione conjugation (2)
MESH:C055238,"1-chloro-4-(2,2-dichloro-1-(4-chlorophenyl)ethenyl)-3-(methylsulfonyl)benzene",Metabolism (5); Metabolism of steroid hormones (5); Metabolism of lipids (5)
MESH:C031337,1-chloronaphthalene,Metabolism (1); Phase II - Conjugation of compounds (1); Methylation (1)
MESH:C040345,1-chloropyrene,Metabolism (4); Biological oxidations (4); Cytochrome P450 - arranged by substrate type (4)
MESH:C039463,1-chlorosucrose,Signal Transduction (2); Signaling by GPCR (2); GPCR downstream signalling (2)
MESH:C097775,"1-cyclohexyl-4-(3-(5-methoxy-1,2,3,4-tetrahydronaphthalen-1-yl)-n-propyl)piperazine",Abacavir transmembrane transport (1); Abacavir ADME (1); Transport of small molecules (1)
MESH:C505382,"1-cyclohexyl-4-(3-(5-methoxy-1,2,3,4-tetrahydro-naphthalen-1-yl)-propyl)-piperazine",Cytokine Signaling in Immune system (4); Disease (4); Immune System (4)
MESH:C000620620,1-(cyclohexylmethyl)-1H-indole-3-carboxylic acid 8-quinolinyl ester,Signal Transduction (3); Signaling by GPCR (3); Class A/1 (Rhodopsin-like receptors) (3)
MESH:C535237,1-cyclopropyl-3-(3-(5-morpholin-4-ylmethyl-1H-benzoimidazol-2-yl)-1H-pyrazol-4-yl)urea,Signal Transduction (2); Prolactin receptor signaling (1); Signaling by FGFR in disease (1)
MESH:C000591541,"1-cyclopropyl-4-(4-((5-methyl-3-(3-(4-(trifluoromethoxy)phenyl)-1,2,4-oxadiazol-5-yl)-1H-pyrazol-1-yl)methyl)pyridin-2-yl)piperazine",Signal Transduction (10); Cellular responses to stimuli (10); Metabolism (9)
MESH:C000629248,1-decyl-3-methylimidazolium bromide,Metabolism (1); Biological oxidations (1); Cytochrome P450 - arranged by substrate type (1)
MESH:C571782,"(1E,4E)-1,5-bis(2-methoxyphenyl)penta-1,4-dien-3-one",Immune System (2); Developmental Biology (1); Cytokine Signaling in Immune system (1)
MESH:C102635,1-ethyl-2-benzimidazolinone,Neuronal System (1); Ca2+ activated K+ channels (1); Potassium Channels (1)
MESH:C000613388,1-ethyl-3-(3-dimethylaminopropyl)carbodiimide hydrochloride,Metabolism (1); Regulation of cholesterol biosynthesis by SREBP (SREBF) (1); PPARA activates gene expression (1)
MESH:C042881,1-ethynylpyrene,Metabolism (1); Disease (1); Biological oxidations (1)
MESH:C095284,"1H-(1,2,4)oxadiazolo(4,3-a)quinoxalin-1-one",Gene expression (Transcription) (12); Generic Transcription Pathway (11); RNA Polymerase II Transcription (11)
MESH:C044846,"1H-3-benzazepin-7-ol, 8-bromo-2,3,4,5-tetrahydro-3-methyl-5-phenyl-",Signal Transduction (1); Signaling by GPCR (1); Class A/1 (Rhodopsin-like receptors) (1)
MESH:C062152,1H-benzotriazole-5-carboxylic acid,Signal Transduction (1); Hydroxycarboxylic acid-binding receptors (1); Signaling by GPCR (1)
MESH:C037145,1-hexadecyl-2-acetyl-glycero-3-phosphocholine,Cytokine Signaling in Immune system (5); Immune System (5); Signaling by Interleukins (5)
MESH:C036260,1-hexanol,Neurotransmitter receptors and postsynaptic signal transmission (1); Transmission across Chemical Synapses (1); Neuronal System (1)
MESH:C087551,"1H-Indene-2-carboxylic acid, 1-(1,3-benzodioxol-5-yl)-3-(2- (carboxymethoxy)-4-methoxyphenyl)-2,3-dihydro-5-propoxy-, (1S,2R,3S)-",Signal Transduction (2); Signaling by GPCR (2); Class A/1 (Rhodopsin-like receptors) (2)
MESH:C405904,1-hydroxy-1-hydroperoxynonane,Cytokine Signaling in Immune system (1); Signal Transduction (1); Immune System (1)
MESH:C506325,1-hydroxy-1-norresistomycin,Signal Transduction (6); Immune System (6); Cytokine Signaling in Immune system (5)
MESH:C478004,"1-hydroxy-2,3,5-trimethoxyxanthone",Metabolism (5); Biological oxidations (5); Cytochrome P450 - arranged by substrate type (5)
MESH:C050175,1-hydroxy-2-naphthoic acid,Metabolism (3); Biological oxidations (3); Cytochrome P450 - arranged by substrate type (3)
MESH:C105351,"1-hydroxy-2-oxo-3,3-bis(2-aminoethyl)-1-triazene",Developmental Biology (14); Signal Transduction (14); Generic Transcription Pathway (10)
MESH:C100973,(1-hydroxy-2-oxo-3-(N-methyl-3-aminopropyl)-3-methyl-3-aminopropyl)-3-methyl-1-triazene,Adaptive Immune System (1); Disease (1); Immune System (1)
MESH:C000599362,1-hydroxyalantolactone,Immune System (17); Cytokine Signaling in Immune system (14); Signal Transduction (14)
MESH:C061208,1-hydroxyanthraquinone,Metabolism (1); Phase II - Conjugation of compounds (1); Methylation (1)
MESH:C032136,1-hydroxybenzo(a)pyrene,Metabolism (1); Phase II - Conjugation of compounds (1); Glucuronidation (1)
MESH:C014037,1'-hydroxyestragole,Metabolism (1); Estrogen biosynthesis (1); Metabolism of steroid hormones (1)
MESH:C065424,1-hydroxyethyl radical,Cellular responses to stress (3); Detoxification of Reactive Oxygen Species (3); Cellular responses to stimuli (3)
MESH:C108731,1'-(hydroxymethyl)eugenol,Disease (4); Generic Transcription Pathway (4); DNA Double-Strand Break Repair (4)
MESH:C040081,1-hydroxymethylmidazolam,Metabolism (2); Biological oxidations (2); Cytochrome P450 - arranged by substrate type (2)
MESH:C061795,1-hydroxymethylmidazolam glucuronide,Metabolism (1); Biological oxidations (1); Cytochrome P450 - arranged by substrate type (1)
MESH:C065833,1-hydroxymethylpyrene,Metabolism (9); Biological oxidations (7); Phase II - Conjugation of compounds (6)
MESH:C033146,1-hydroxypyrene,Metabolism (21); Biological oxidations (18); Phase II - Conjugation of compounds (16)
MESH:C012376,1'-hydroxysafrole,Metabolism (1); Biological oxidations (1); Cytochrome P450 - arranged by substrate type (1)
MESH:C016515,1-indanol,Metabolism (2); Metabolism of vitamins and cofactors (2); Visual phototransduction (2)
MESH:C023350,"1-iodo-2,4-dinitrobenzene",Immune System (3); Cytokine Signaling in Immune system (2); Adaptive Immune System (2)
MESH:C503120,1-isoquinolin-5-yl-3-(4-trifluoromethyl-benzyl)-urea,Stimuli-sensing channels (1); TRP channels (1); Transport of small molecules (1)
MESH:C477931,1L-6-hydroxymethyl-chiro-inositol 2(R)-2-O-methyl-3-O-octadecylcarbonate,Signal Transduction (4); Programmed Cell Death (4); Apoptosis (3)
MESH:C008348,1-menaphthyl sulfate,Metabolism (1); Phase II - Conjugation of compounds (1); Glutathione conjugation (1)
MESH:C064701,1-methoxy-3-indolylmethylglucosinolate,Metabolism (2); Drug ADME (2); Phase II - Conjugation of compounds (1)
MESH:C520322,1-methyl-2-phenylindole,Generic Transcription Pathway (2); Nuclear Receptor transcription pathway (2); RNA Polymerase II Transcription (2)
MESH:D015056,1-Methyl-3-isobutylxanthine,Signal Transduction (439); Metabolism (432); Metabolism of proteins (421)
MESH:C532668,1-methyl-4-(2-chloro-4-hydroxyphenylthio)piperidine,Neurotransmitter receptors and postsynaptic signal transmission (1); Transmission across Chemical Synapses (1); Neuronal System (1)
MESH:D015632,"1-Methyl-4-phenyl-1,2,3,6-tetrahydropyridine",Immune System (7); Cytokine Signaling in Immune system (6); Signal Transduction (6)
MESH:C044755,"1-methyl-4-phenyl-2,3-dihydropyridinium",Metabolism (24); Aerobic respiration and respiratory electron transport (23); Respiratory electron transport (18)
MESH:D015655,1-Methyl-4-phenylpyridinium,Signal Transduction (203); Immune System (161); Metabolism (160)
MESH:C053036,1-methylfluorene,Cytokine Signaling in Immune system (1); Signal Transduction (1); Immune System (1)
MESH:C513115,1-(methylimino-N-oxy)-6-(2-morpholinoethoxy)-3-phenyl-1H-indene-2-carboxylic acid ethyl ester,Developmental Biology (2); Signal Transduction (2); Golgi Cisternae Pericentriolar Stack Reorganization (2)
MESH:C022957,1-methylindole,Metabolism (3); Biological oxidations (3); Cytochrome P450 - arranged by substrate type (3)
MESH:C025968,1-methylnaphthalene,Metabolism (3); Biological oxidations (3); Cytochrome P450 - arranged by substrate type (3)
MESH:C412893,1-methylpropyl-2-imidazolyl disulfide,Disease (6); Cellular responses to stress (6); Cellular responses to stimuli (6)
MESH:C053035,1-methylpyrene,Metabolism (4); Biological oxidations (3); Drug ADME (3)
MESH:C525396,1-methyltryptophan,Disease (4); Developmental Biology (3); Metabolism (3)
MESH:C030530,1-methyluric acid,Adaptive Immune System (2); Metabolism (2); Metabolism of nucleotides (2)
MESH:C053085,1-methylxanthine,Metabolism (3); Adaptive Immune System (2); Metabolism of nucleotides (2)
MESH:C106022,1-monomyristin,Metabolism (1); Metabolism of amine-derived hormones (1); Thyroxine biosynthesis (1)
MESH:C004981,"1,N(6)-ethenoadenine",ALKBH2 mediated reversal of alkylation damage (1); DNA Repair (1); DNA Damage Reversal (1)
MESH:C029350,1-naphthol,Metabolism (21); Biological oxidations (21); Cytochrome P450 - arranged by substrate type (14)
MESH:D015057,1-Naphthylamine,Metabolism (2); Disease (2); Metabolism of steroid hormones (2)
MESH:D015058,1-Naphthylisothiocyanate,Signal Transduction (8); Metabolism (7); Hemostasis (6)
MESH:C016614,1-nitronaphthalene,Cytokine Signaling in Immune system (1); Signal Transduction (1); Immune System (1)
MESH:C032668,1-nitropyrene,Signal Transduction (75); Immune System (61); Disease (42)
MESH:C554428,1-nitrosocyclohexyl acetate,Cytokine Signaling in Immune system (4); Immune System (4); Signaling by Interleukins (4)
MESH:C044707,1-nitrosopyrene,Metabolism (1); Metabolism of nucleotides (1); Disease (1)
MESH:C014713,1-nonanol,Generic Transcription Pathway (1); Nuclear Receptor transcription pathway (1); RNA Polymerase II Transcription (1)
MESH:C084198,"1-O-(2-(2,3-dimethylphenyl)aminobenzoyl)glucopyranuronic acid",Cytokine Signaling in Immune system (1); Signal Transduction (1); Immune System (1)
MESH:C487366,"1-O-(2-((2',6'-dichlorophenyl)amino)phenylacetyl)glucopyranuronic acid",Metabolism (2); Biological oxidations (2); Drug ADME (2)
MESH:D020003,1-Octanol,Developmental Biology (1); Metabolism (1); Signal Transduction (1)
MESH:C043051,1-O-hexadecyl-2-arachidonyl-sn-glycero-3-phosphocholine,"Plasma lipoprotein assembly, remodeling, and clearance (1); Transport of small molecules (1); Plasma lipoprotein remodeling (1)"
MESH:C081906,"1-O-hexyl-2,3,5-trimethylhydroquinone",ROS and RNS production in phagocytes (1); Innate Immune System (1); Immune System (1)
MESH:C520323,1-oleoyl-2-acetoyl-sn-glycerol,Developmental Biology (1); Cytokine Signaling in Immune system (1); Metabolism (1)
MESH:C038237,1-oleoyl-2-acetylglycerol,Transport of small molecules (9); Stimuli-sensing channels (7); TRP channels (7)
MESH:C495479,1-oxo-1-(5-(2-pyridyl)-2-yl)-7-phenylheptane,Metabolism (2); Arachidonate metabolism (2); Metabolism of lipids (2)
MESH:C400184,1-palmitoyl-2-(5-oxovaleroyl)-sn-glycero-3-phosphorylcholine,Immune System (11); Innate Immune System (8); Cytokine Signaling in Immune system (7)
MESH:C468114,1-palmitoyl-2-arachidonyl-3-phosphorylcholine,Immune System (5); Adaptive Immune System (4); Signal Transduction (4)
MESH:C000620621,1-pentyfluoro-1H-indole-3-carboxylic acid 8-quinolinyl ester,Signal Transduction (4); Signaling by GPCR (4); GPCR downstream signalling (4)
MESH:C586710,"(1-pentyl-1H-indol-3-yl)(2,2,3,3-tetramethylcyclopropyl)methanone",Signal Transduction (5); Signaling by GPCR (4); Class A/1 (Rhodopsin-like receptors) (4)
MESH:C000590832,1-pentyl-1H-indole-3-carboxylic acid 8-quinolinyl ester,Signal Transduction (4); Signaling by GPCR (4); GPCR downstream signalling (4)
MESH:C552597,1-pentyl-3-(1-naphthoyl)indole,Signal Transduction (7); Signaling by GPCR (6); GPCR downstream signalling (6)
MESH:C100349,"1-phenyl-1,2-propanedione",Metabolism (3); Metabolism of lipids (2); Hemostasis (1)
MESH:C000592273,1-phenyl-2-(1-pyrrolidinyl)-1-pentanone,Transport of small molecules (3); SLC-mediated transmembrane transport (3); SLC-mediated transport of neurotransmitters (3)
MESH:C110417,1-phenyl-2-hexadecanoylamino-3-pyrrolidino-1-propanol,PIP3 activates AKT signaling (2); Developmental Biology (2); Cytokine Signaling in Immune system (2)
MESH:C477354,"1-phenyl-6,7-dihydroxy-isochroman",Cytokine Signaling in Immune system (1); Metabolism (1); Immune System (1)
MESH:C024336,1-phenylazo-2-naphthol,Metabolism (11); Biological oxidations (11); Cytochrome P450 - arranged by substrate type (11)
MESH:C037738,1-phenylimidazole,Metabolism (1); Biological oxidations (1); Cytochrome P450 - arranged by substrate type (1)
MESH:D000433,1-Propanol,Neurotransmitter receptors and postsynaptic signal transmission (5); Transmission across Chemical Synapses (5); Neuronal System (5)
MESH:C557741,1-(propoxymethyl)maleimide,Telomere Maintenance (1); Cell Cycle (1); Disease (1)
MESH:C107238,"1-propyl-5-(3-p-tolylisoxazol-5-yl)-1,2,3,6-tetrahydropyridine",Signal Transduction (2); Golgi Cisternae Pericentriolar Stack Reorganization (2); Cell Cycle (2)
MESH:C518874,1-propyl-8-(4-sulfophenyl)xanthine,Signal Transduction (1); Disease (1); Signaling by GPCR (1)
MESH:C463480,1-pyrenebutanol,Metabolism (1); Biological oxidations (1); Cytochrome P450 - arranged by substrate type (1)
MESH:C000657144,"(1R,3S,3aR,8bS)-3a-(4-Bromophenyl)-6,8-dimethoxy-3-phenyl-2,3,3a,8b-tetrahydro-1H-cyclopenta(b)benzofuran-1,8b-diol",Developmental Biology (5); Signal Transduction (5); Cytokine Signaling in Immune system (4)
MESH:C021279,"(1R-(exo,exo))-3-(4-fluorophenyl)-8-methyl-8- azabicyclo(3.2.1)octane-2-carboxylic acid, methyl ester",Neurotransmitter clearance (1); Transmission across Chemical Synapses (1); Neuronal System (1)
MESH:C075809,1-stearoyl-2-arachidonoylglycerol,"Hemostasis (5); Signal Transduction (5); Platelet activation, signaling and aggregation (5)"
MESH:C581572,1-trifluoromethoxyphenyl-3-(1-propionylpiperidine-4-yl)urea,Metabolism (1); Synthesis of epoxy (EET) and dihydroxyeicosatrienoic acids (DHET) (1); Arachidonate metabolism (1)
MESH:C031903,1-UFT protocol,Immune System (11); Signal Transduction (10); Metabolism (8)
MESH:C065011,1-vinylpyrene,Metabolism (1); Disease (1); Biological oxidations (1)
MESH:C466795,"20,21-epoxyresibufogenin-3-formate",Interleukin-6 signaling (1); MAPK3 (ERK1) activation (1); RAF-independent MAPK1/3 activation (1)
MESH:C514239,20-alpha-dihydrodydrogesterone,Metabolism (1); Synthesis of bile acids and bile salts (1); Synthesis of bile acids and bile salts via 7alpha-hydroxycholesterol (1)
MESH:D004092,20-alpha-Dihydroprogesterone,Metabolism (4); Synthesis of bile acids and bile salts (4); Synthesis of bile acids and bile salts via 7alpha-hydroxycholesterol (4)
MESH:C116515,"20-hydroximino-4,16-pregnadien-3-one",Metabolism (1); Signal Transduction (1); Disease (1)
MESH:C055987,"20-hydroxy-5,8,11,14-eicosatetraenoic acid",Metabolism (8); Biological oxidations (8); Disease (6)
MESH:C025813,20-hydroxycholesterol,Metabolism (1); Synthesis of bile acids and bile salts (1); Synthesis of bile acids and bile salts via 7alpha-hydroxycholesterol (1)
MESH:C494665,"20-hydroxyeicosa-5(Z),14(Z)-dienoic acid",Signal Transduction (8); Developmental Biology (7); Immune System (7)
MESH:C494667,"20-hydroxyeicosa-6(Z),15(Z)-dienoic acid",Developmental Biology (4); Signal Transduction (4); Extracellular matrix organization (3)
MESH:C512456,20-hydroxyvitamin D2,Metabolism (1); Disease (1); Metabolism of steroid hormones (1)
MESH:C482402,20-O-(beta-D-glucopyranosyl)-20(S)-protopanaxadiol,Signal Transduction (2); Disease (2); PI3K Cascade (1)
MESH:C000612922,20(S)-ginsenoside-Rh1-6'-acetate,Developmental Biology (1); Cell-Cell communication (1); Epigenetic regulation of gene expression (1)
MESH:C031796,"2,10,11-trihydroxy-N-n-propylnoraporphine",Signal Transduction (1); Signaling by GPCR (1); Class A/1 (Rhodopsin-like receptors) (1)
MESH:C000730419,"2-(1,3-benzodioxol-5-yl)-N-(5-methyl-4-(1-(2-methylbenzoyl)-2,3-dihydroindol-5-yl)-1,3-thiazol-2-yl)acetamide",Immune System (11); Disease (10); Cellular responses to stress (9)
MESH:C552888,"2-(1,3-dimethyl-2,6-dioxo-1,2,3,6-tetrahydro-7H-purin-7-yl)-N-(4-isopropylphenyl)acetamide",Cytokine Signaling in Immune system (1); Signal Transduction (1); Immune System (1)
MESH:C465664,2-(1-(3-dimethylaminopropyl)-5-methoxyindol-3-yl)-3-(1H-indol-3-yl)maleimide,Signal Transduction (8); Immune System (7); Cytokine Signaling in Immune system (6)
MESH:C432593,2-(1-adamantyl)-4-methylphenol,Generic Transcription Pathway (1); Nuclear Receptor transcription pathway (1); RNA Polymerase II Transcription (1)
MESH:C486469,"2-(1-carboxy-2-(3-(3,5-dichlorobenzyl)-3H-imidazol-4-yl)ethylamino)-4-methylpentanoic acid",Metabolism of Angiotensinogen to Angiotensins (2); Peptide hormone metabolism (2); Metabolism of proteins (2)
MESH:C083998,2-(1-hexyloxyethyl)-2-devinyl pyropheophorbide-a,Metabolism (1); Biological oxidations (1); Cytochrome P450 - arranged by substrate type (1)
MESH:C532162,"2-(1H-indazol-4-yl)-6-(4-methanesulfonylpiperazin-1-ylmethyl)-4-morpholin-4-ylthieno(3,2-d)pyrimidine",Signal Transduction (104); Disease (96); Gene expression (Transcription) (83)
MESH:C548651,2-(1'H-indole-3'-carbonyl)thiazole-4-carboxylic acid methyl ester,Immune System (19); Cytokine Signaling in Immune system (17); Signaling by Interleukins (17)
MESH:C574037,"2-(1-hydroxy-4-oxocyclohexa-2,5-dienyl)pyran-4-one",Signal Transduction (6); Immune System (6); Cytokine Signaling in Immune system (5)
MESH:C569671,"2-(1'-methyl-2'-pyrrolidinyl)-7-hydroxy-1,4-benzodioxane",Neurotransmitter receptors and postsynaptic signal transmission (2); Transmission across Chemical Synapses (2); Neuronal System (2)
MESH:C568460,2-(2-((1H-indole-2-carbonyl)amino)benzoylamino)-4-phenylbutyric acid,Signal Transduction (1); Signaling by GPCR (1); Class A/1 (Rhodopsin-like receptors) (1)
MESH:C052102,"22,23-dihydroavermectin B(1)a","Gene expression (Transcription) (2); Developmental Biology (1); BMAL1:CLOCK,NPAS2 activates circadian expression (1)"
MESH:C054919,"2,2-(2-chlorophenyl-4'-chlorophenyl)-1,1-dichloroethene",Metabolism (11); Signal Transduction (10); Metabolism of lipids (8)
MESH:C054917,"2,2-(2-chlorophenyl-4'-chlorophenyl)acetic acid",Drug ADME (4); Metabolism (3); Metabolism of lipids (3)
MESH:C550115,"2,2,2-tribromoacetaldehyde",Cytokine Signaling in Immune system (1); Metabolism (1); Disease (1)
MESH:C530171,"2,2,2,-trichloro-1-(3,4-dichlorophenyl)-ethylacetate",Metabolism (2); Disease (2); Metabolism of steroid hormones (2)
MESH:C005849,"2,2,2-trichloroethanol",Immune System (11); Cytokine Signaling in Immune system (7); Adaptive Immune System (6)
MESH:C009802,"2,2',2''-trichlorotriethylamine",Stimuli-sensing channels (1); TRP channels (1); Transport of small molecules (1)
MESH:C512044,"2,2',3,3',4,4',5,5',6-nonabromodiphenyl ether",SUMOylation (1); SUMO E3 ligases SUMOylate target proteins (1); Metabolism of proteins (1)
MESH:C541131,"2,2',3,3',4,4',5-heptachlorobiphenyl",Signal Transduction (8); Generic Transcription Pathway (5); RNA Polymerase II Transcription (5)
MESH:C094859,"2,2',3,3',4,6'-hexachlorobiphenyl",Metabolism (2); Disease (2); Glucocorticoid biosynthesis (2)
MESH:C483839,"2,2',3,4,4',5',6-heptabromodiphenyl ether",Metabolism (4); Metabolism of amine-derived hormones (2); Thyroxine biosynthesis (2)
MESH:C029790,"2,2',3',4,4',5-hexachlorobiphenyl",Generic Transcription Pathway (5); Metabolism of proteins (5); RNA Polymerase II Transcription (5)
MESH:C000598729,"2,2',3,4',5,5',6-heptachlorobiphenyl",Signal Transduction (3); Immune System (3); Cytokine Signaling in Immune system (2)
MESH:C120129,"2,2',3,4',5',6-hexachlorobiphenyl",Metabolism (8); Metabolism of steroid hormones (8); Metabolism of lipids (8)
MESH:C000590225,2-(2-((3-(4-chlorophenyl)-1-methyl-1H-pyrazol-5-yloxy)methyl)phenyl)-3-methoxyacrylate,Generic Transcription Pathway (5); RNA Polymerase II Transcription (5); Gene expression (Transcription) (5)
MESH:C527832,"2-(2-(3,4-dichlorophenyl)-2,3-dihydro-1H-isoindol-5-ylamino)nicotinic acid",Neuronal System (1); Potassium Channels (1); Voltage gated Potassium channels (1)
MESH:C066675,"2,2',3,5,5',6-hexachlorobiphenyl",Generic Transcription Pathway (1); SUMOylation (1); SUMO E3 ligases SUMOylate target proteins (1)
MESH:C032904,"2,2',3,5',6-pentachlorobiphenyl",Signal Transduction (7); Generic Transcription Pathway (6); RNA Polymerase II Transcription (6)
MESH:C522903,"2-(2-(3,5-difluorophenyl)-2-hydroxyacetamido)-N-(3-methyl-4-oxo-4,5-dihydro-3H-benzo(d)(1,2)diazepin-5-yl)propanamide",Cellular responses to stress (1); Cellular responses to stimuli (1); Cytoprotection by HMOX1 (1)
MESH:C576532,"2-(2-(3,5-difluorophenyl)-acetylamino)-N-(1-methyl-2-oxo-5-phenyl-2,3-dihydro-1H-benzo(e)(1,4)diazepin-3-yl)propionamide",Developmental Biology (1); Signaling by NOTCH (1); Signal Transduction (1)
MESH:C520404,"(2-(2',3'-dihydrobenzo(1,4)dioxin-6'-yl)-2-hydroxy-1-pyrrolidin-1-ylmethylethyl)nonanoic acid amide",Metabolism (1); Glycosphingolipid metabolism (1); Sphingolipid metabolism (1)
MESH:C555859,"2,2',4,4',5,6'-hexabromodiphenyl ether",Metabolism (3); Disease (3); Drug ADME (3)
MESH:C477694,"2,2',4,4',5-brominated diphenyl ether",Signal Transduction (75); Metabolism (59); Immune System (51)
MESH:C500336,"2,2',4,4',5-pentachlorobiphenyl",Generic Transcription Pathway (1); Nuclear Receptor transcription pathway (1); RNA Polymerase II Transcription (1)
MESH:C101670,2-(2-(4-(4-nitrobenzyloxy)phenyl)ethyl)isothiourea methanesulfonate,Signal Transduction (7); Immune System (6); Hemostasis (5)
MESH:C511295,"2,2',4,4'-tetrabromodiphenyl ether",Metabolism (282); Signal Transduction (280); Disease (274)
MESH:C035476,"2,2',4,4'-tetrahydroxybenzophenone",Metabolism (3); Metabolism of amine-derived hormones (2); Thyroxine biosynthesis (2)
MESH:C572625,"2,2',4,5'-tetrabromodiphenyl ether",Metabolism (3); Signal Transduction (2); Metabolism of proteins (2)
MESH:C042128,"2,2',4,5'-tetrachlorobiphenyl",Signal Transduction (1); Signaling by Rho GTPases (1); RHO GTPase Effectors (1)
MESH:C417207,"2,2',4,6,6'-pentachlorobiphenyl",Signal Transduction (11); Immune System (9); Cellular responses to stress (8)
MESH:C447028,"2,2',4,6-tetrachlorobiphenyl",Generic Transcription Pathway (1); Nuclear Receptor transcription pathway (1); RNA Polymerase II Transcription (1)
MESH:C541980,"2,2',4,6'-tetramethoxystilbene",Metabolism (3); Biological oxidations (3); Cytochrome P450 - arranged by substrate type (3)
MESH:C476036,2-(2-(4-chlorophenyl)ethoxy)adenosine,Collagen degradation (1); Degradation of the extracellular matrix (1); Extracellular matrix organization (1)
MESH:C520846,"2-((2,4-dichlorphenyl)amino)-N-((tetrahydro-2H-pyran-4-yl)methyl)-4-(trifluoromethyl)-5-pyrimidinecarboxamide",Signal Transduction (2); Signaling by GPCR (2); Class A/1 (Rhodopsin-like receptors) (2)
MESH:C000626478,2-(2-(4-heptylphenyl)ethyl)-6-hydroxy-benzoic acid,Signal Transduction (3); Signaling by GPCR (3); Class A/1 (Rhodopsin-like receptors) (3)
MESH:C483845,2-(2-(4-phenoxy-2-propylphenoxy)ethyl)indole-5-acetic acid,Developmental Biology (1); Epigenetic regulation of gene expression (1); Gene expression (Transcription) (1)
MESH:C029141,"2,2,5,7,8-pentamethyl-1-hydroxychroman",Metabolism (3); Biological oxidations (3); Cytochrome P450 - arranged by substrate type (3)
MESH:C559288,"2-(2'-(5-ethyl-3,4-diphenyl-1H-pyrazol-1-yl)biphenyl-3-yloxy)acetic acid",Developmental Biology (1); Metabolism (1); Triglyceride catabolism (1)
MESH:C078449,"2,2',5-trichlorobiphenyl",Generic Transcription Pathway (1); Nuclear Receptor transcription pathway (1); RNA Polymerase II Transcription (1)
MESH:C520611,"2-((2,6-dichlorophenyl)amino)benzeneacetic acid 4-(3H-1,2-dithiol-3-thione-5-yl)phenyl ester",Metabolism (4); Biological oxidations (4); Cytochrome P450 - arranged by substrate type (4)
MESH:C501339,"2-(2,6-diisopropylphenyl)-5-hydroxy-1H-isoindole-1,3-dione",Signal Transduction (3); Hemostasis (2); Platelet degranulation  (1)
MESH:C010654,"(2-(2',6'-dimethoxy)phenoxyethylamino)methylbenzo-1,4-dioxane",Signal Transduction (3); Signaling by GPCR (3); Class A/1 (Rhodopsin-like receptors) (3)
MESH:C585906,"2-(2,6-dimethyl-4-(3-(4-(methylthio)phenyl)-3-oxo-1-propenyl)phenoxyl)-2-methylpropanoic acid",Signal Transduction (5); Immune System (5); Developmental Biology (4)
MESH:C546193,"2-(2,6-dimethylmorpholin-4-yl)-N-(5-(6-morpholin-4-yl-4-oxo-4H-pyran-2-yl)-9H-thioxanthen-2-yl)acetamide",Generic Transcription Pathway (7); RNA Polymerase II Transcription (7); Gene expression (Transcription) (7)
MESH:C093973,2-(2-amino-3-methoxyphenyl)-4H-1-benzopyran-4-one,Signal Transduction (127); Immune System (108); Disease (103)
MESH:C006183,2-(2-aminoethyl)pyridine,Immune System (4); PIP3 activates AKT signaling (3); Cytokine Signaling in Immune system (3)
MESH:C029345,2-(2-aminoethyl)thiazole,Signal Transduction (2); Signaling by GPCR (2); Class A/1 (Rhodopsin-like receptors) (2)
MESH:C046728,"2,2'-azobis(2-amidinopropane)",Cellular responses to stimuli (12); Cellular responses to stress (11); Immune System (9)
MESH:C038764,"2,2'-biphenol",Signal Transduction (1); Signaling by Rho GTPases (1); RHO GTPase Effectors (1)
MESH:C422413,"2,2-bis(4-(2,3-dihydroxypropoxy)phenyl)propane",Signal Transduction (1); Signaling by Rho GTPases (1); RHO GTPase Effectors (1)
MESH:C404910,"2,2-bis(4-hydroxyphenyl)-1,1,1-trichloroethane",Signal Transduction (8); Metabolism (5); Disease (5)
MESH:C060080,"2,2-bis(bromomethyl)-1,3-propanediol",Adaptive Immune System (1); Metabolism (1); Phase II - Conjugation of compounds (1)
MESH:C451219,"2,2-bis(hydroxymethyl)-1-azabicyclo(2,2,2,)octan-3-one",Generic Transcription Pathway (4); Transcriptional Regulation by TP53 (4); RNA Polymerase II Transcription (4)
MESH:C047969,"2,2'-bisphenol F",Gene expression (Transcription) (3); Generic Transcription Pathway (2); SUMOylation (2)
MESH:C488185,"2-(2-chloro-4-iodophenylamino)-N-cyclopropylmethoxy-3,4-difluoro-5-bromobenzamide",Signal Transduction (7); Disease (7); Cell Cycle (6)
MESH:C120227,"2-(2-chloro-4-iodophenylamino)-N-cyclopropylmethoxy-3,4-difluorobenzamide",Immune System (15); Disease (13); Cellular responses to stimuli (12)
MESH:C044565,2-((((2-chloroethyl)nitrosoamino)carbonyl)amino)propanamide,Signal Transduction (5); Cell Cycle (5); Generic Transcription Pathway (5)
MESH:C554850,"2-(2-chlorophenyl)-4-methyl-5-(pyridin-2-ylmethyl)-1H-pyrazolo(4,3-c)pyridine-3,6(2H,5H)-dione",Disease (1); Cellular responses to stress (1); Detoxification of Reactive Oxygen Species (1)
MESH:C000516,2-(2-cresyl)-4H-1-3-2-benzodioxaphosphorin-2-oxide,Metabolism (3); Phospholipid metabolism (3); Metabolism of proteins (3)
MESH:C546571,"2,2'-cyclohexane-1,2-diylbis(azanediyl)bis(methylene)diphenoldichloroplatinum(II)",Signal Transduction (3); Disease (3); PIP3 activates AKT signaling (2)
MESH:C067411,"2,2-dichloro-1,1,1-trifluoroethane",Metabolism (3); Biological oxidations (3); Cytochrome P450 - arranged by substrate type (3)
MESH:C116893,"2,2-dichloro-12-(p-chlorophenyl)-dodecanoic acid",Developmental Biology (2); Gene expression (Transcription) (2); Transcriptional regulation of brown and beige adipocyte differentiation (2)
MESH:C513867,"2,2-dichloro-1-(triphenylphosphonio)vinyl formamide perchlorate",Cytokine Signaling in Immune system (1); Signal Transduction (1); HIV Life Cycle (1)
MESH:C053063,"2,2-dichloroacetyl chloride",Cytokine Signaling in Immune system (1); Metabolism (1); Immune System (1)
MESH:C012280,"2,2'-dichlorobiphenyl",Signal Transduction (1); Signaling by Rho GTPases (1); RHO GTPase Effectors (1)
MESH:C018923,"2,2'-dihydroxy-6,6'-dinaphthyldisulfide",Metabolism (5); Metabolism of amine-derived hormones (5); Thyroxine biosynthesis (5)
MESH:C552398,"2,2'-dihydroxychalcone",Metabolism (3); Biological oxidations (3); Cytochrome P450 - arranged by substrate type (3)
MESH:C568513,"2,2-dimethyl-3-(4-(naphthalen-2-ylamino)phenyl)-3-(1,2,4)triazol-1-yl-propionic acid methyl ester",Metabolism (2); Biological oxidations (2); Cytochrome P450 - arranged by substrate type (2)
MESH:C054363,2-((2-(dimethylamino)ethyl)thio)-3-phenylquinoline,"Signal Transduction (1); RHOBTB3 ATPase cycle (1); Signaling by Rho GTPases, Miro GTPases and RHOBTB3 (1)"
MESH:D015082,"2,2'-Dipyridyl",Immune System (9); Cellular responses to stress (8); Cellular responses to stimuli (8)
MESH:C560790,2-(2-fluorobenzamido)benzoate ethyl ester,Extracellular matrix organization (2); Innate Immune System (2); Immune System (2)
MESH:C539997,"2-(2-furanyl)-7-(2-(4-(4-(2-methoxyethoxy)phenyl)-1-piperazinyl)ethyl)-7H-pyrazolo(4,3-e)(1,2,4)triazolo(1,5-c)pyrimidine-5-amine",Signal Transduction (1); Signaling by NTRKs (1); Activation of TRKA receptors (1)
MESH:C433826,2-(2-hydroxybiphenyl-3-yl)-1H-indole-5-carboxamidine,Hemostasis (2); Extrinsic Pathway of Fibrin Clot Formation (1); Intrinsic Pathway of Fibrin Clot Formation (1)
MESH:C003585,22-hydroxycholesterol,Metabolism (23); Metabolism of lipids (18); Immune System (16)
MESH:C446520,"2-(2-hydroxyethylsulfanyl)-3-methyl-1,4-naphthoquinone",Cell Cycle (3); Disease (3); Mitotic G2-G2/M phases (3)
MESH:C094210,"2,2'-(hydroxynitrosohydrazono)bis-ethanamine",Signal Transduction (7); Immune System (7); Generic Transcription Pathway (7)
MESH:C008437,"2,2'-methylenebis(4-methyl-6-tert-butylphenol)",Metabolism (1); Metabolism of amine-derived hormones (1); Thyroxine biosynthesis (1)
MESH:C030577,"2,2'-methylenebis(ethyl-6-tert-butylphenol)",Metabolism (1); Metabolism of amine-derived hormones (1); Thyroxine biosynthesis (1)
MESH:C436083,"2-(2-oxo-2-((3,7,11-trimethyl-2,6,10-dodecatrienyl)oxy)aminoethyl)phosphonic acid, (2,2-dimethyl-1-oxopropoxy)methyl ester sodium",PI3K Cascade (1); IRS-mediated signalling (1); Signaling by FGFR in disease (1)
MESH:C027012,"2-((2'-quinolinyl)-1,3-indandione)",Metabolism (2); PPARA activates gene expression (2); Biological oxidations (2)
MESH:C573301,22-thiocyanatosalvinorin A,Signal Transduction (1); Generic Transcription Pathway (1); Signaling by GPCR (1)
MESH:C047519,"2,2'-thiodiethanol",Metabolism (1); Signal Transduction (1); Biological oxidations (1)
MESH:C544380,"2-(3-(1,3-dicarboxypropyl)ureido)pentanedioic acid",Metabolism (1); Signal Transduction (1); Signaling by GPCR (1)
MESH:C022177,"2,3,2-tetramine",Cellular responses to stress (2); Detoxification of Reactive Oxygen Species (2); Cellular responses to stimuli (2)
MESH:C087667,"2,3,3',4,4',5-hexachlorobiphenyl",Metabolism (4); Biological oxidations (4); Cytochrome P450 - arranged by substrate type (4)
MESH:C067940,"2,3,3',4,4'-pentachlorobiphenyl",Metabolism (2); Biological oxidations (2); Cytochrome P450 - arranged by substrate type (2)
MESH:C032903,"2,3,3',4',6-pentachlorobiphenyl",Neurotransmitter clearance (1); Transmission across Chemical Synapses (1); Neuronal System (1)
MESH:C559522,"2,3,3'-trichlorobiphenyl",Generic Transcription Pathway (1); Nuclear Receptor transcription pathway (1); RNA Polymerase II Transcription (1)
MESH:C014218,"2,3,4,2',3',4'-hexachlorobiphenyl",Signal Transduction (2); Golgi Cisternae Pericentriolar Stack Reorganization (2); Cell Cycle (2)
MESH:C070055,"2,3',4,4',5-pentachlorobiphenyl",Metabolism (12); Signal Transduction (10); Disease (8)
MESH:C035834,"2,3,4,4'5-pentachlorobiphenyl",Metabolism (2); PPARA activates gene expression (2); Biological oxidations (2)
MESH:C054482,"2,3',4,4'-tetrachlorobiphenyl",Generic Transcription Pathway (2); Nuclear Receptor transcription pathway (2); RNA Polymerase II Transcription (2)
MESH:C520647,2-((3-((4-((5-(2-((3-fluorophenyl)amino)-2-oxoethyl)-1H-pyrazol-3-yl)amino)quinazolin-7-yl)oxy)propyl)(ethyl)amino)ethyl dihydrogen phosphate,Signal Transduction (2); Prolactin receptor signaling (1); Signaling by FGFR in disease (1)
MESH:C034133,"2',3',4',5,5'-pentachloro-2-biphenylol",Generic Transcription Pathway (1); Nuclear Receptor transcription pathway (1); RNA Polymerase II Transcription (1)
MESH:C027673,"2,3,4,5,6-pentachloroaniline",Signal Transduction (1); Signaling by Rho GTPases (1); RHO GTPase Effectors (1)
MESH:C104006,"2',3',4',5'-tetrachloro-4-biphenylol",Mitochondrial biogenesis (3); Signal Transduction (3); Organelle biogenesis and maintenance (3)
MESH:C511766,"2,3,4,5-tetrachlorobiphenyl",Generic Transcription Pathway (1); Nuclear Receptor transcription pathway (1); RNA Polymerase II Transcription (1)
MESH:C039674,"2,3,4,5-tetrachlorophenate",Metabolism (4); Phase II - Conjugation of compounds (4); Cytosolic sulfonation of small molecules (4)
MESH:D015647,"2,3,4,5-Tetrahydro-7,8-dihydroxy-1-phenyl-1H-3-benzazepine",Signal Transduction (1); Signaling by GPCR (1); Class A/1 (Rhodopsin-like receptors) (1)
MESH:C052915,"2,3,4',6-tetrachlorobiphenyl",Generic Transcription Pathway (2); Nuclear Receptor transcription pathway (2); RNA Polymerase II Transcription (2)
MESH:C031487,"2,3,4,6-tetrachlorophenol",Metabolism (4); Phase II - Conjugation of compounds (4); Cytosolic sulfonation of small molecules (4)
MESH:C038890,"2,3,4,7,8-pentachlorodibenzofuran",Metabolism (8); Metabolism of lipids (8); Biological oxidations (7)
MESH:C000616873,"2-(3-((4-aminobutyl )amino)propyl )-7-(3-((2-methoxybenzyl)amino)propyl)benzo(lmn)(3,8)phenanthroline-1,3,6,8(2H,7H)-tetraone",SUMOylation (2); SUMO E3 ligases SUMOylate target proteins (2); Metabolism of proteins (2)
MESH:C539142,"2-(3,4-dimethoxybenzyl)-7-(1-(1-hydroxyethyl)-4-phenylbutyl)-5-methylimidazo(5,1-f)(1,2,4)triazin-4 (3H)-one",Hemostasis (1); Signal Transduction (1); YAP1- and WWTR1 (TAZ)-stimulated gene expression (1)
MESH:C507816,"2-(3,4-dimethoxyphenyl)-5-fluorobenzothiazole",Metabolism (2); Biological oxidations (2); Cytochrome P450 - arranged by substrate type (2)
MESH:C502485,"2,3,4-trichlorophenol",Metabolism (4); Phase II - Conjugation of compounds (4); Cytosolic sulfonation of small molecules (4)
MESH:C041942,"2,3,4-tri-O-acetylarabinopyranosyl isothiocyanate",Stimuli-sensing channels (1); TRP channels (1); Transport of small molecules (1)
MESH:C000590846,"2,3,5,4'-tetrahydroxystilbene-2-O-beta-D-glucopyranoside",Metabolism (2); Biological oxidations (2); Cytochrome P450 - arranged by substrate type (2)
MESH:C093026,"2,3,5,4'-tetrahydroxystilbene 2-O-glucopyranoside",Antiviral mechanism by IFN-stimulated genes (1); Cytokine Signaling in Immune system (1); Immune System (1)
MESH:C078132,"2,3,5,6-tetrachlorobiphenyl",Generic Transcription Pathway (2); Nuclear Receptor transcription pathway (2); RNA Polymerase II Transcription (2)
MESH:C044578,"2,3,5,6-tetrachlorohydroquinone",Metabolism of proteins (2); Neurotransmitter clearance (1); Transmission across Chemical Synapses (1)
MESH:C039673,"2,3,5,6-tetrachlorophenate",Metabolism (5); Biological oxidations (5); Phase II - Conjugation of compounds (4)
MESH:C492600,"(2,3,5,6-tetrafluoro-4-methoxymethylphenyl)methyl-2,2-dimethyl-3-(1-propenyl)cyclopropanecarboxylate",Metabolism (1); Biological oxidations (1); Cytochrome P450 - arranged by substrate type (1)
MESH:C489827,"2,3,5,6-tetrafluoro-4-methylbenzyl (Z)-(1RS)-cis-3-(2-chloro-3,3,3-trifluoroprop-1-enyl)-2,2-dimethylcyclopropanecarboxylate",Developmental Biology (4); L1CAM interactions (4); Muscle contraction (4)
MESH:C101851,"2-(((3,5-dichlorophenyl)carbamoyl)oxy)-2-methyl-3-butenoic acid",Signal Transduction (3); Signaling by Rho GTPases (3); RHO GTPase Effectors (3)
MESH:C587734,"2,3,5-trichloro-6-phenyl-(1,4)benzoquinone",Immune System (47); Signal Transduction (42); Disease (39)
MESH:C056693,"2,3,5-trichlorophenol",Metabolism (1); Biological oxidations (1); Cytochrome P450 - arranged by substrate type (1)
MESH:C078765,"2,3,5-(triglutathion-S-yl)hydroquinone",Metabolism of proteins (75); Signal Transduction (70); Disease (64)
MESH:C036837,"2,3,5-trimethyl-6-(12-hydroxy-5,10-dodecadiynyl)-1,4-benzoquinone",Metabolism (2); Metabolism of lipids (2); Hemostasis (1)
MESH:C010498,"2,3,6,2',3',6'-hexachlorobiphenyl",Signal Transduction (3); Cell Cycle (3); Generic Transcription Pathway (3)
MESH:C516412,"2,3,6,7-tetrachlorobiphenylene",Metabolism (1); PPARA activates gene expression (1); Biological oxidations (1)
MESH:C066841,"2,3,7,8-tetrabromodibenzo-4-dioxin",Metabolism (6); Metabolism of lipids (6); Metabolism of steroids (6)
MESH:C014211,"2,3,7,8-tetrachlorodibenzofuran",Metabolism (8); Metabolism of lipids (8); Biological oxidations (7)
MESH:C000621655,"2-((3-acrylamido-4-methylphenyl)amino)-N-(2-methyl-5-(3,4,5-trimethoxybenzamido)phenyl)-4-(methylamino)pyrimidine-5-carboxamide",Apoptosis (1); Hemostasis (1); Intrinsic Pathway for Apoptosis (1)
MESH:C558395,"2-(3-benzoyl)-4-hydroxy-1,1-dioxo-2H-1,2-benzothiazine-2-yl-1-phenylethanone",Metabolism (1); Glucocorticoid biosynthesis (1); Metabolism of steroid hormones (1)
MESH:C029498,"2,3-bis(3'-hydroxybenzyl)butane-1,4-diol",Metabolism (1); Disease (1); Estrogen biosynthesis (1)
MESH:C029497,"2,3-bis(3'-hydroxybenzyl)butyrolactone","Signal Transduction (182); Cell Cycle (172); Cell Cycle, Mitotic (152)"
MESH:C486182,"2,3-bis(4-hydroxyphenyl)-propionitrile",Metabolism (6); Signal Transduction (6); Cytokine Signaling in Immune system (5)
MESH:C570603,"2,3-bis(4-nitrophenyl)acrylonitrile",Metabolism (2); Metabolism of lipids (2); PPARA activates gene expression (1)
MESH:C069172,"2,3-bis(palmitoyloxy)-2-propyl-1-palmitoylcysteine",Cytokine Signaling in Immune system (1); Metabolism (1); Immune System (1)
MESH:C038293,"2,3-bis(palmitoyloxy)-2-propyl-N-palmitoyl-cysteinyl-seryl-seryl-asparaginyl-alanine",Adaptive Immune System (2); Immune System (2); ER-Phagosome pathway (1)
MESH:C433825,2-(3-bromo-2-hydroxy-5-methylphenyl)-1H-indole-5-carboxamidine,Hemostasis (2); Extrinsic Pathway of Fibrin Clot Formation (1); Intrinsic Pathway of Fibrin Clot Formation (1)
MESH:C026978,"2,3-butylene glycol",Metabolism (3); Neurotransmitter clearance (1); Transmission across Chemical Synapses (1)
MESH:C568964,"2-(3-cyano-5-(3,4-dichlorophenyl)-4,5-dimethylfuran-2(5H)-ylidene)malononitrile",Signal Transduction (1); Signaling by GPCR (1); Class A/1 (Rhodopsin-like receptors) (1)
MESH:C017199,"2',3'-dialdehyde ATP",Hemostasis (2); Golgi Cisternae Pericentriolar Stack Reorganization (2); Cell Cycle (2)
MESH:C026373,"2,3-diaminonaphthalene",Cytokine Signaling in Immune system (2); Immune System (2); Cellular responses to stress (2)
MESH:C547124,"2,3-dibromopropyl-2,4,6-tribromophenyl ether",Metabolism (7); Metabolism of proteins (7); Metabolism of steroid hormones (6)
MESH:C076159,"2,3-dichloro-1-propanol",Metabolism (3); Cellular responses to stress (3); Cellular responses to stimuli (3)
MESH:C030375,"2,3-dichlorobiphenyl",Generic Transcription Pathway (2); Nuclear Receptor transcription pathway (2); RNA Polymerase II Transcription (2)
MESH:C091159,"2,3'-dichlorobiphenyl",Metabolism (1); Phase II - Conjugation of compounds (1); Cytosolic sulfonation of small molecules (1)
MESH:C037406,"2',3'-dideoxycytidine 5'-triphosphate",Metabolism of proteins (2); Mitochondrial translation initiation (2); Mitochondrial translation (2)
MESH:C031709,"2',3'-dideoxyguanosine 5'-triphosphate",Developmental Biology (1); Telomere Maintenance (1); Signal Transduction (1)
MESH:C419146,"2,3-diethyl-4,5-dipropyl-6-phenylpyridine-3-thiocarboxylate-5-carboxylate",Signal Transduction (1); Signaling by GPCR (1); Class A/1 (Rhodopsin-like receptors) (1)
MESH:C545227,"2,3-dihydroquinolin-4(1H)-one",Signal Transduction (8); Immune System (6); Disease (5)
MESH:C009135,"2,3-dihydroxybenzoic acid",Developmental Biology (1); Cytokine Signaling in Immune system (1); Collagen degradation (1)
MESH:C063002,"2,3-dimethoxy-1,4-naphthoquinone",Immune System (37); Signal Transduction (35); Metabolism of proteins (35)
MESH:C475470,"2,3-dimethoxy-6,6-dimethyl-5,6-dihydrobenzo(7,8)indolizino (2,3-b)quinoxaline",Cytokine Signaling in Immune system (1); Signal Transduction (1); Immune System (1)
MESH:C516077,"2,3-dimethylhydroquinone",Immune System (2); ROS and RNS production in phagocytes (1); Adaptive Immune System (1)
MESH:C054067,"2,3-dimethylphenol",Stimuli-sensing channels (2); TRP channels (2); Transport of small molecules (2)
MESH:C033831,"2,3-dimethylsuccinic acid",Transport of small molecules (1); SLC-mediated transmembrane transport (1); SLC-mediated transport of organic anions (1)
MESH:D019794,"2,3-Diphosphoglycerate",Metabolism (3); Signal Transduction (3); Metabolism of proteins (3)
MESH:C043231,"2,3-hexanedione",Metabolism (4); Metabolism of lipids (2); Metabolism of carbohydrates and carbohydrate derivatives (2)
MESH:C569113,2-(3-methoxyphenyl)-2-(ethylamino)cyclohexanone,Transport of small molecules (3); SLC-mediated transmembrane transport (3); SLC-mediated transport of neurotransmitters (3)
MESH:C416653,2-(3'-methoxyphenyl)-6-pyrrolidinyl-4-quinazolinone,Metabolism (2); Signal Transduction (2); Cell Cycle (2)
MESH:C112429,2-(((3-(morpholinylmethyl)-2H-chromen-8-yl)oxy)methyl)morpholine,Signal Transduction (1); Signaling by GPCR (1); Class A/1 (Rhodopsin-like receptors) (1)
MESH:C013186,"2,3-pentanedione",Developmental Biology (6); Metabolism (5); Signal Transduction (4)
MESH:C540167,"2-(4-(1-(hydroxyimino)-2,3-dihydro-1H-inden-5-yl)-3-(pyridin-4-yl)-1H-pyrazol-1-yl)ethan-1-ol",Hemostasis (2); Extrinsic Pathway of Fibrin Clot Formation (2); Formation of Fibrin Clot (Clotting Cascade) (2)
MESH:C545121,2-((4-(1-methyl-4-pyridin-4-yl-1H-pyrazol-3-yl)phenoxy)methyl)quinoline,Developmental Biology (4); Metabolism (4); Transcriptional regulation of brown and beige adipocyte differentiation (4)
MESH:C517140,"2-(4-(2-(3,4-dichlorophenyl)ethyl)phenylamino)benzoic acid",Neuronal System (1); Potassium Channels (1); Voltage gated Potassium channels (1)
MESH:C035976,"2,4,2',4'-tetrachlorobiphenyl",Neurotransmitter receptors and postsynaptic signal transmission (7); Transmission across Chemical Synapses (7); Neuronal System (7)
MESH:D015650,"24,25-Dihydroxyvitamin D 3",Signal Transduction (8); Immune System (5); Disease (4)
MESH:C028358,"24,25-epoxycholesterol",Immune System (9); Cytokine Signaling in Immune system (6); Adaptive Immune System (6)
MESH:C061282,2-(4-(2-carboxyethyl)phenethylamino)-5'-N-ethylcarboxamidoadenosine,Cellular responses to stimuli (9); Developmental Biology (8); Signal Transduction (8)
MESH:C110093,"2,4,2'-trihydroxychalcone",Metabolism (3); Biological oxidations (3); Cytochrome P450 - arranged by substrate type (3)
MESH:C440850,"2,4,3',5'-tetramethoxystilbene",Immune System (14); Signal Transduction (13); Cellular responses to stress (13)
MESH:C558663,"2-(4-(3-quinolin-6-ylmethyl-3H-(1,2,3)triazolo(4,5-b)pyrazin-5-yl)pyrazol-1-yl)ethanol",Metabolism (1); Metabolism of water-soluble vitamins and cofactors (1); Metabolism of vitamins and cofactors (1)
MESH:C541132,"2,4,4',5-tetrachlorobiphenyl",Metabolism (3); Signal Transduction (3); Cell Cycle (3)
MESH:C477900,"2-(4-(4-chlorophenyl)piperazin-1-ylmethyl)pyrazolo(1,5-a)-pyridine",Signal Transduction (1); Signaling by GPCR (1); Class A/1 (Rhodopsin-like receptors) (1)
MESH:C081766,"2,4,4'-trichlorobiphenyl",Signal Transduction (13); Disease (9); Immune System (7)
MESH:C018566,"2,4,5,2',4',5'-hexabromobiphenyl",Gap junction trafficking and regulation (1); Signal Transduction (1); Disease (1)
MESH:C014024,"2,4,5,2',4',5'-hexachlorobiphenyl",Signal Transduction (75); Disease (50); Metabolism (49)
MESH:C009828,"2,4,5,2',5'-pentachlorobiphenyl",Disease (15); Metabolism (12); Generic Transcription Pathway (12)
MESH:C532995,"2-(4-(5-(3,4-diethoxyphenyl)-1,2,4-oxadiazol-3-yl)-2,3-dihydro-1H-inden-1-yl amino)ethanol",Cytokine Signaling in Immune system (1); Signal Transduction (1); Disease (1)
MESH:C529061,"2-(4,5-dihydro-1,3-thiazol-2-ylthio)-1-(3,4-dihydroxyphenyl)ethanone",PIP3 activates AKT signaling (2); Developmental Biology (2); Cytokine Signaling in Immune system (2)
MESH:C015550,"2,4',5-trichlorobiphenyl",Generic Transcription Pathway (2); Nuclear Receptor transcription pathway (2); RNA Polymerase II Transcription (2)
MESH:C009534,"2,4,5-trichlorophenol",Metabolism (5); Phase II - Conjugation of compounds (4); Cytosolic sulfonation of small molecules (4)
MESH:D015085,"2,4,5-Trichlorophenoxyacetic Acid",Metabolism (3); Disease (2); Biological oxidations (2)
MESH:C086758,"2,4,5-trihydroxyphenylalanine quinone",Metabolism (1); Innate Immune System (1); Immune System (1)
MESH:C484217,"2,4,6-tribromoanisole",Metabolism (1); PPARA activates gene expression (1); Biological oxidations (1)
MESH:C004554,"2,4,6-tribromophenol",Metabolism (175); Metabolism of proteins (171); Disease (167)
MESH:C102834,"2,4,6-trichlorobiphenyl",Generic Transcription Pathway (2); Nuclear Receptor transcription pathway (2); RNA Polymerase II Transcription (2)
MESH:C024564,"2,4,6-trichlorophenol",Metabolism (10); Biological oxidations (6); Metabolism of lipids (6)
MESH:C067259,"2,4,6-trichlorophenyl-4'-aminophenyl ether",Generic Transcription Pathway (2); Nuclear Receptor transcription pathway (2); RNA Polymerase II Transcription (2)
MESH:C010422,"2,4,6-trichlorophenyl 4-nitrophenyl ether",Generic Transcription Pathway (3); Nuclear Receptor transcription pathway (3); RNA Polymerase II Transcription (3)
MESH:C071044,"2,4,6-trichlorophenylhydrazine",Signal Transduction (1); Signaling by Rho GTPases (1); RHO GTPase Effectors (1)
MESH:C066859,"2,4,6-triiodophenol",SUMOylation (3); SUMO E3 ligases SUMOylate target proteins (3); Metabolism of proteins (3)
MESH:C526470,"2,4,6-trimethylbenzaldehyde",Gene expression (Transcription) (2); Developmental Biology (1); Epigenetic regulation of gene expression (1)
MESH:C549350,"2,4,6-trimethyl-N-((3'-(methylsulfonyl)-4-biphenylyl)methyl)-N-((5-(trifluoromethyl)-2-furanyl)methyl)benzenesulfonamide",Transport of small molecules (3); ABC transporters in lipid homeostasis (2); Metabolism (2)
MESH:C473783,"2,4,6-trimethyl-N-(meta-3-trifluoromethylphenyl)benzenesulfonamide",Developmental Biology (1); Developmental Cell Lineages (1); Developmental Cell Lineages of the Exocrine Pancreas (1)
MESH:C000721062,"2,4,7-trimethyldibenzothiophene",Signal Transduction (1); Signaling by GPCR (1); Class A/1 (Rhodopsin-like receptors) (1)
MESH:C104564,2-(4-acetoxyphenyl)-2-chloro-N-methylethylamine,Macroautophagy (1); Cellular responses to stress (1); Regulation of HSF1-mediated heat shock response (1)
MESH:C533599,"24a-homo-1,15-dihydroxyergocalciferol",Metabolism (2); Disease (2); Vitamin D (calciferol) metabolism (2)
MESH:C425784,2-(4-amino-3-methylphenyl)-5-fluorobenzothiazole,Metabolism (12); Metabolism of lipids (6); Biological oxidations (5)
MESH:C060048,2-(4-amylcinnamoyl)amino-4-chlorobenzoic acid,Neuronal System (1); Potassium Channels (1); Tandem pore domain potassium channels (1)
MESH:C570545,2-(4-benzylpiperidin-1-yl)-1-(6-hydroxy-1H-indol-3-yl)ethanone,Neurotransmitter receptors and postsynaptic signal transmission (1); Transmission across Chemical Synapses (1); Neuronal System (1)
MESH:C525921,"2-(4-(biphenyl-4-sulfonyl)-piperazin-1-yl)-6,7-dipropoxyquinazolin-4-yl-amine",Developmental Biology (7); Cell-Cell communication (6); Cell junction organization (6)
MESH:C512081,"2,4-bis(alpha,alpha-dimethylbenzyl)phenol",Metabolism (1); Metabolism of amine-derived hormones (1); Thyroxine biosynthesis (1)
MESH:C047971,"2,4'-bisphenol F",Adaptive Immune System (1); Disease (1); Immune System (1)
MESH:C079321,"2-(4-bromo-2,5-dimethoxyphenyl)ethylamine",Transport of small molecules (3); SLC-mediated transmembrane transport (3); SLC-mediated transport of neurotransmitters (3)
MESH:C000595926,"2-(4-bromo-2,5-dimethoxyphenyl)-N-((2-methoxyphenyl)methyl)ethanamine",Metabolism (6); Biological oxidations (6); Cytochrome P450 - arranged by substrate type (6)
MESH:C000601106,"2-(4-chloro-2,5-dimethoxyphenyl)-N-((2-methoxyphenyl)methyl)ethanamine",Metabolism (6); Biological oxidations (6); Cytochrome P450 - arranged by substrate type (6)
MESH:C548544,"2-(4-chloro-6-(2,3-dimethylphenylamino)pyrimidin-2-ylthio)octanoic acid",Metabolism (3); Immune System (3); Metabolism of lipids (3)
MESH:C000599093,2-(4-chlorophenoxy)-N-(4-(2-(4-chlorophenoxy)acetamido)cyclohexyl)acetamide,Cellular responses to stress (5); Cellular responses to stimuli (5); PERK regulates gene expression (3)
MESH:C048213,2-(4-chlorophenoxy)propionic acid,Stimuli-sensing channels (1); Transport of small molecules (1); Ion channel transport (1)
MESH:C562254,"2'-(4-chlorophenyl)-3-(4-chlorophenylidene)-5,10-dimethyl-12-methylene-decahydro-1,2-(1',3'-dioxocyclopenta(c))azuleno(4,5-b)furan-4,11-dione",Disease (5); Signal Transduction (4); Innate Immune System (4)
MESH:C558746,2-(4-chlorophenyl)-5-(4-methoxybenzylidene)-5H-thiazol-4-one,Cytokine Signaling in Immune system (1); Metabolism (1); Innate Immune System (1)
MESH:C057349,"2,4-decadienal",Cytokine Signaling in Immune system (2); Metabolism (2); Signal Transduction (2)
MESH:C005959,"2,4-diaminobutyric acid",Metabolism (3); Adaptive Immune System (2); Collagen degradation (2)
MESH:C017202,"2,4-diaminohypoxanthine",Developmental Biology (1); Cytokine Signaling in Immune system (1); Metabolism (1)
MESH:C026805,"2,4-diaminopyridine",Signal Transduction (1); Disease (1); Signaling by ALK (1)
MESH:C017205,"2,4-diaminopyrimidine",Signal Transduction (1); Disease (1); Signaling by ALK (1)
MESH:C010914,"2,4-diaminotoluene",Immune System (3); Generic Transcription Pathway (3); RNA Polymerase II Transcription (3)
MESH:C013930,"2,4-dibromophenol",Metabolism (11); Metabolism of lipids (10); Metabolism of steroids (10)
MESH:C054619,"2,4-dichloroaniline",ROS and RNS production in phagocytes (1); Innate Immune System (1); Immune System (1)
MESH:C064515,"2',4'-dichlorobenzamil amiloride",Generic Transcription Pathway (2); RNA Polymerase II Transcription (2); Gene expression (Transcription) (2)
MESH:C029907,"2,4'-dichlorobiphenyl",Generic Transcription Pathway (2); Nuclear Receptor transcription pathway (2); RNA Polymerase II Transcription (2)
MESH:C004762,"2,4-dichlorophenol",Metabolism (7); Cellular responses to stimuli (7); Biological oxidations (6)
MESH:D015084,"2,4-Dichlorophenoxyacetic Acid",Immune System (7); Generic Transcription Pathway (6); RNA Polymerase II Transcription (6)
MESH:C552103,"(2,4-dihydroxy-5-isopropylphenyl)-(5-(4-methylpiperazin-1-ylmethyl)-1,3-dihydroisoindol-2-yl)methanone",HIV Life Cycle (1); Late Phase of HIV Life Cycle (1); HIV Infection (1)
MESH:C501649,"2',4'-dihydroxy-6'-methoxy-3',5'-dimethylchalcone",Disease (11); Signal Transduction (10); Generic Transcription Pathway (9)
MESH:C121479,"2,4-dihydroxybenzophenone",Signal Transduction (9); Generic Transcription Pathway (7); Metabolism of proteins (7)
MESH:C059354,"2',4'-dihydroxychalcone",Metabolism (3); Phase II - Conjugation of compounds (3); Glucuronidation (3)
MESH:C585912,"2,4-dihydroxy-N-(4-hydroxyphenyl)benzamide",Cytokine Signaling in Immune system (7); Immune System (7); Disease (6)
MESH:C568959,"2-(4-((dimethylamino)carbonyl)-3-fluorophenyl)-alpha,alpha-dimethyl-N-1,3,4-thiadiazol-2-yl-5H-(1)benzopyrano(2,3-b)pyridin-5-acetamide",Cytokine Signaling in Immune system (2); Immune System (2); Signaling by Interleukins (2)
MESH:C027804,"2,4-dimethylphenol",Stimuli-sensing channels (2); TRP channels (2); Transport of small molecules (2)
MESH:C045305,"2,4-dinitrofluorobenzene sulfonic acid",Signal Transduction (4); Immune System (4); Signaling by GPCR (4)
MESH:D019297,"2,4-Dinitrophenol",Metabolism (3); Biological oxidations (2); Cytochrome P450 - arranged by substrate type (2)
MESH:C098267,"2,4-dinitrophenyl-S-(N-acetylcysteine)",Hemostasis (1); Platelet degranulation  (1); Transport of small molecules (1)
MESH:C016403,"2,4-dinitrotoluene",Generic Transcription Pathway (3); Cellular responses to stress (3); RNA Polymerase II Transcription (3)
MESH:C056559,"2,4-di-tert-butylphenol",Developmental Biology (4); Generic Transcription Pathway (4); RNA Polymerase II Transcription (4)
MESH:C561637,2-(4-fluorophenylsulfonyl)-3-(1-(3-nitrophenylsulfonyl)-1H-pyrrol-2-yl)acrylonitrile,Cell Cycle (1); Mitotic G2-G2/M phases (1); Cyclin A/B1/B2 associated events during G2/M transition (1)
MESH:C502503,"2,4-heptadienal",Metabolism (1); Metabolism of steroid hormones (1); Pregnenolone biosynthesis (1)
MESH:C079389,"2,4-hexadienal",Metabolism (2); Metabolism of steroid hormones (1); Pregnenolone biosynthesis (1)
MESH:C044563,24-hydroxycholesterol,Metabolism (9); Metabolism of lipids (9); Cytokine Signaling in Immune system (6)
MESH:C439584,2-(4-hydroxyphenyl)-3-methyl-1-(4-(2-piperidin-1-yl-ethoxy)-benzyl)-1H-indol-5-ol,Cell Cycle (2); Disease (2); Generic Transcription Pathway (2)
MESH:C553231,2-(4-hydroxyphenyl)-3-phenylpent-2-enoic acid (4-(2-dimethylaminoethoxy)phenyl)amide,Developmental Biology (3); Signal Transduction (3); Cell Cycle (3)
MESH:C554181,"2-(4-iodo-2,5-dimethoxyphenyl)-N-(2-methoxybenzyl)ethanamine",Metabolism (7); Biological oxidations (7); Phase I - Functionalization of compounds (7)
MESH:C021310,2-(4'-maleimidylanilino)naphthalene-6-sulfonic acid,Metabolism (1); Sphingolipid de novo biosynthesis (1); Metabolism of porphyrins (1)
MESH:C000592767,"2-(4'-methoxybenzenesulfonyl)-2,3,4,9-tetrahydro-1H-pyrido(3,4-b)indole-3-carboxylic acid amide",Metabolism (1); Biological oxidations (1); Cytochrome P450 - arranged by substrate type (1)
MESH:C000613875,2-(4-methoxyphenyl)-1-(1-pentyl-indol-3-yl)methanone,Signal Transduction (3); Signaling by GPCR (3); Class A/1 (Rhodopsin-like receptors) (3)
MESH:C085911,2-(4-morpholinyl)-8-phenyl-4H-1-benzopyran-4-one,Signal Transduction (132); Immune System (112); Disease (107)
MESH:C408604,2-(4-nitrophenyl)-4-(4-fluorophenyl)-5-(4-pyridinyl)-1H-imidazole,Signal Transduction (8); Immune System (8); Innate Immune System (7)
MESH:C000608765,2-(4-(nitrophenyl)butan-2-ylamino)-1-(4-methoxyphenyl)ethanol,Signal Transduction (1); Membrane Trafficking (1); Signaling by GPCR (1)
MESH:C412886,"2,4-nonadienal",Metabolism (2); Hemostasis (1); Opioid Signalling (1)
MESH:C562251,"24-norcholan-2,3,24-tryl-2,3,23-sulfuric acid",Drug ADME (2); Atorvastatin ADME (2); Prednisone ADME (2)
MESH:C081331,24-norursodeoxycholic acid,Metabolism (1); Phase II - Conjugation of compounds (1); Glucuronidation (1)
MESH:C079315,2-(4-(quinolin-2-yl-methoxy)phenyl)-2-cyclopentylacetic acid,Metabolism (1); Synthesis of 5-eicosatetraenoic acids (1); Synthesis of Leukotrienes (LT) and Eoxins (EX) (1)
MESH:C089946,"2,4-thiazolidinedione",Gene expression (Transcription) (8); Cell Cycle (7); Generic Transcription Pathway (7)
MESH:C009497,2-(4-toluidino)-6-naphthalenesulfonic acid,Metabolism (1); Phase II - Conjugation of compounds (1); Glutathione conjugation (1)
MESH:C009694,"2,4-xylidine",ROS and RNS production in phagocytes (1); Innate Immune System (1); Immune System (1)
MESH:C009407,"2,5,2',5'-tetrachlorobiphenyl",Signal Transduction (79); Metabolism (55); Immune System (50)
MESH:C588087,2-(5-(3-chlorophenyl)-6-(4-chlorophenyl)-1-(1-(isopropylsulfonyl)-3-methylbutan-2-yl)-3-methyl-2-oxopiperidin-3-yl)acetic acid,Developmental Biology (3); Cytokine Signaling in Immune system (3); Immune System (3)
MESH:C091160,"2,5,3'-trichlorobiphenyl",Generic Transcription Pathway (2); Nuclear Receptor transcription pathway (2); RNA Polymerase II Transcription (2)
MESH:C450643,"(2)-5,6,7,8,4'-pentamethoxyflavanone",Signal Transduction (2); Disease (2); Apoptosis (1)
MESH:C488288,"2,5,7,8-tetramethyl-2R-(4R,8R,12-trimethyltridecyl)chroman-6-yloxy acetic acid",Signal Transduction (9); Immune System (6); Disease (5)
MESH:C477861,"(2-(5-amino-2-(4-fluorophenyl)-1,6-dihydro-6-oxo-1-pyrimidinyl)-N-(1-((5-methoxycarbonyl-2-benzoxazolyl)carbonyl)-2-phenylethyl)acetamide)",Degradation of the extracellular matrix (2); Extracellular matrix organization (2); Activation of Matrix Metalloproteinases (2)
MESH:C519132,"2-(5-benzo(1,3)dioxol-5-yl-2-tert-butyl-3H-imidazol-4-yl)-6-methylpyridine hydrochloride",Signal Transduction (7); Developmental Biology (6); Cell-Cell communication (4)
MESH:C007303,"2,5-diaminotoluene",Developmental Biology (1); Cytokine Signaling in Immune system (1); Disease (1)
MESH:C117776,"2,5-diaziridinyl-3-(hydroxymethyl)-6-methyl-1,4-benzoquinone",Disease (4); Generic Transcription Pathway (4); Cellular responses to stress (4)
MESH:C029905,"2,5-dichlorobiphenyl",Metabolism (1); Phase II - Conjugation of compounds (1); Cytosolic sulfonation of small molecules (1)
MESH:C056892,"2,5-dichlorophenol",Hemostasis (2); Signal Transduction (2); Platelet degranulation  (1)
MESH:C021008,"2',5'-dideoxyadenosine",Metabolism (1); Disease (1); Biological oxidations (1)
MESH:C112784,"2,5-dihydroxybenzaldehyde",Neurotransmitter clearance (1); Transmission across Chemical Synapses (1); Neuronal System (1)
MESH:C010925,"2,5-dihydroxybenzoic acid",Metabolism (4); Drug ADME (3); Adaptive Immune System (2)
MESH:C107497,"2',5'-dihydroxychalcone",Metabolism (4); Drug ADME (4); Phase II - Conjugation of compounds (3)
MESH:C003943,"2,5-dimethoxy-4-bromoamphetamine",Signal Transduction (1); Signaling by GPCR (1); Class A/1 (Rhodopsin-like receptors) (1)
MESH:C543308,"2,5-dimethyl-1,4-benzoquinonediamine",Metabolism (1); Phase II - Conjugation of compounds (1); Glutathione conjugation (1)
MESH:C073715,"2,5-dimethyl-3,6-diaziridinyl-1,4-benzoquinone",Metabolism (1); Cellular responses to stress (1); Regulation of ornithine decarboxylase (ODC) (1)
MESH:C020617,"2,5-dimethyl-4-benzoquinone",Immune System (4); Cytokine Signaling in Immune system (3); Extracellular matrix organization (2)
MESH:C506698,"2,5-dimethylcelecoxib",Signal Transduction (4); Disease (4); Infectious disease (4)
MESH:C019359,"2,5-di-tert-butylhydroquinone",Gene expression (Transcription) (3); Generic Transcription Pathway (2); SUMOylation (2)
MESH:C011269,"2,5-hexanedione",Apoptosis (1); Apoptotic cleavage of cellular proteins (1); Developmental Biology (1)
MESH:C007997,25-hydroxycholesterol,Metabolism (19); Metabolism of lipids (12); Disease (11)
MESH:C104450,25-hydroxyvitamin D,Metabolism (4); Vitamin D (calciferol) metabolism (4); Metabolism of lipids (4)
MESH:C023505,"2',5'-oligoadenylate",Immune System (5); Cytokine Signaling in Immune system (4); Antiviral mechanism by IFN-stimulated genes (3)
MESH:C520041,"(25S)-26-adamantyl-25-hydroxy-2-methylene-22,23-didehydro-19,27-dinor-20-epi-vitamin D3",Metabolism (1); PPARA activates gene expression (1); Biological oxidations (1)
MESH:C048893,"2,5-xylenol",Stimuli-sensing channels (2); TRP channels (2); Transport of small molecules (2)
MESH:C016835,"2,5-xylidene",Metabolism (2); Phase II - Conjugation of compounds (2); Acetylation (2)
MESH:C040488,"26,26,26,27,27,27-hexafluoro-1,25-dihydroxyvitamin D3",Gene expression (Transcription) (7); Generic Transcription Pathway (6); Metabolism of proteins (6)
MESH:C058194,26-aminocholesterol,Metabolism (1); Regulation of cholesterol biosynthesis by SREBP (SREBF) (1); Cholesterol biosynthesis (1)
MESH:C588014,"2-((6-chloro-1,1,2,2,3,3,4,4,5,5,6,6-dodecafluorohexyl)oxy)-1,1,2,2-tetrafluoroethanesulfonic acid",Metabolism (1); Triglyceride catabolism (1); Metabolism of porphyrins (1)
MESH:C071023,"2,6-diamino-4-hydroxy-5-formamidopyrimidine",Recognition and association of DNA glycosylase with site containing an affected pyrimidine (1); Cleavage of the damaged pyrimidine  (1); Disease (1)
MESH:C570894,"2,6-diaminopyridine-3,5-bis(thiocyanate)",Disease (2); Innate Immune System (2); Immune System (2)
MESH:C034593,"2,6-dibromobenzoquinone",Transport of small molecules (2); Hemostasis (1); Platelet degranulation  (1)
MESH:C038964,"2,6-dibromophenol",Metabolism (8); Metabolism of lipids (8); Metabolism of steroids (8)
MESH:C582717,"2,6-dichloro-(1,4)benzoquinone",Hemostasis (1); Platelet degranulation  (1); Transport of small molecules (1)
MESH:C015802,"2,6-dichloro-4-nitrophenol",Metabolism (18); Metabolism of proteins (10); Aerobic respiration and respiratory electron transport (9)
MESH:C029908,"2,6-dichlorobiphenyl",Signal Transduction (1); Signaling by Rho GTPases (1); RHO GTPase Effectors (1)
MESH:D015086,"2,6-Dichloroindophenol",Immune System (15); Cytokine Signaling in Immune system (14); Cellular responses to stress (8)
MESH:C034889,"2,6-dihydroxyanthraquinone",Metabolism (7); Biological oxidations (7); Phase II - Conjugation of compounds (4)
MESH:C026942,"2,6-diisocyanatotoluene",Metabolism (1); Metabolism of water-soluble vitamins and cofactors (1); Metabolism of vitamins and cofactors (1)
MESH:C570407,"2,6-diisopropyl-4-(3-(3-methyl-3H-diazirin-3-yl)propyl)phenol",Neurotransmitter receptors and postsynaptic signal transmission (4); Transmission across Chemical Synapses (4); Neuronal System (4)
MESH:C018520,"2,6-diisopropylnaphthalene",Developmental Biology (1); Epigenetic regulation of gene expression (1); Gene expression (Transcription) (1)
MESH:C030511,"2,6-dimethoxy-1,4-benzoquinone",Adaptive Immune System (2); Metabolism (2); Metabolism of nucleotides (2)
MESH:C035577,"2,6-dimethyl-1,4-benzoquinone",Adaptive Immune System (3); Metabolism (3); Immune System (3)
MESH:C028519,"2,6-dimethylnaphthalene",Metabolism (3); Biological oxidations (3); Cytochrome P450 - arranged by substrate type (3)
MESH:C023514,"2,6-dinitrotoluene",Generic Transcription Pathway (3); RNA Polymerase II Transcription (3); Gene expression (Transcription) (3)
MESH:C438607,"2,6-di-tert-butyl-4-(3-hydroxy-2,2-dimethylpropyl)phenol",Neurotransmitter receptors and postsynaptic signal transmission (2); Transmission across Chemical Synapses (2); Neuronal System (2)
MESH:C038639,"2,6-di-tert-butyl-4-hydroxy-4-methyl-2,5-cyclohexadien-1-one",Generic Transcription Pathway (2); Nuclear Receptor transcription pathway (2); RNA Polymerase II Transcription (2)
MESH:C010915,"2,6-di-tert-butyl-4-hydroxymethylphenol",Signal Transduction (1); Signaling by Rho GTPases (1); RHO GTPase Effectors (1)
MESH:C035407,"2,6-di-tert-butylphenol",Metabolism (3); Erythrocytes take up carbon dioxide and release oxygen (2); Erythrocytes take up oxygen and release carbon dioxide (2)
MESH:C568612,"(2-(6-fluoro-1H-indol-3-yl)-ethyl)-(3-(2,2,3,3-tetrafluoropropoxy)benzyl)amine",Signal Transduction (1); Signaling by GPCR (1); Class A/1 (Rhodopsin-like receptors) (1)
MESH:C097196,"2,6-nonadienal",Hemostasis (1); Opioid Signalling (1); G-protein mediated events (1)
MESH:C036531,"2,6-xylenol",Transport of small molecules (4); Erythrocytes take up carbon dioxide and release oxygen (2); Erythrocytes take up oxygen and release carbon dioxide (2)
MESH:C007766,"2,6-xylidine",Metabolism (2); Biological oxidations (2); Cytochrome P450 - arranged by substrate type (2)
MESH:C477642,"2-(7-(3,4-dimethoxyphenyl)imidazo(1,2-c)pyrimidin-5-ylamino)nicotinamide",Disease (5); Adaptive Immune System (3); Immune System (3)
MESH:C043829,"2',7'-bis(carboxyethyl)-5(6)-carboxyfluorescein",Transport of small molecules (2); ABC-family proteins mediated transport (2); Drug ADME (2)
MESH:C473073,"2',7'-bis-(carboxypropyl)-5(6)-carboxyfluorescein",Metabolism (1); Sphingolipid de novo biosynthesis (1); Metabolism of porphyrins (1)
MESH:C037631,"2',7'-dichlorofluorescein",Metabolism (1); Recycling of bile acids and salts (1); Disease (1)
MESH:C107946,"2,7-dihydroxynaphthalene",Muscle contraction (8); Signal Transduction (6); Disease (5)
MESH:C085049,"2,7-dinitrofluorene",Metabolism (2); Biological oxidations (2); Cytochrome P450 - arranged by substrate type (2)
MESH:C486873,27-hydroxy-4-cholesten-3-one,Metabolism (1); Regulation of cholesterol biosynthesis by SREBP (SREBF) (1); Cholesterol biosynthesis (1)
MESH:C076996,27-hydroxycholesterol,Signal Transduction (25); Immune System (24); Cytokine Signaling in Immune system (21)
MESH:C062897,28-deoxonimbolide,Apoptosis (1); Intrinsic Pathway for Apoptosis (1); Formation of apoptosome (1)
MESH:C000599179,28-O-acetylbetulin-3-ylglucopyranoside,Immune System (6); Signal Transduction (5); Disease (5)
MESH:C507130,2-(8-quinolinoxy)propionic acid,Signal Transduction (2); Innate Immune System (2); Immune System (2)
MESH:C023704,2-acetamidoethanethiol,Signaling by ERBB2 (2); Signaling by ERBB2 in Cancer (2); SHC1 events in ERBB2 signaling (2)
MESH:C096092,"2-(acetoxyamino)-1-methyl-6-phenylimidazo(4,5-b)pyridine",Metabolism (2); Phase II - Conjugation of compounds (2); Glutathione conjugation (2)
MESH:C539612,2-acetylamino-3-(4-(2-acetylamino-2-carboxyethylsulfanylthiocarbonylamino)phenylthiocarbamoylsulfanyl)propionic acid,Cellular responses to stress (4); Detoxification of Reactive Oxygen Species (4); Cellular responses to stimuli (4)
MESH:D015073,2-Acetylaminofluorene,Metabolism (14); Biological oxidations (7); Cellular responses to stimuli (7)
MESH:C488175,2-(acetyloxy)benzoic acid 6-(nitrooxymethyl)-2-phenylmethyl ester,Apoptosis (1); Apoptotic cleavage of cellular proteins (1); Developmental Biology (1)
MESH:C584787,2-acetylphenothiazine,Metabolism (3); Disease (3); Metabolism of steroid hormones (3)
MESH:C014953,2-acetyltributylcitrate,Metabolism (11); Metabolism of lipids (11); Metabolism of steroids (8)
MESH:C099328,2-allylphenol,Metabolism (3); Phase II - Conjugation of compounds (3); Glutathione conjugation (3)
MESH:C507616,"2-amino-14,16-dimethyloctadecan-3-ol",Metabolism of proteins (46); Metabolism (43); Disease (39)
MESH:C519626,"2-amino-1,7-dimethylimidazo(4,5-g)quinoxaline",Metabolism (3); Biological oxidations (3); Cytochrome P450 - arranged by substrate type (3)
MESH:C077584,"2-amino-1-methyl-6-(4-hydroxyphenyl)imidazo(4,5-b)pyridine",Metabolism (7); Biological oxidations (7); Cytochrome P450 - arranged by substrate type (5)
MESH:C502239,"2-amino-1-methyl-6-phenolimidazo(4,5-b)pyridine-DNA adduct",Translesion synthesis by Y family DNA polymerases bypasses lesions on DNA template (4); Metabolism (4); Termination of translesion DNA synthesis (4)
MESH:C522525,"2-amino-1-methyl-6-phenyl-1H-imidazo(4,5-b)pyridine",Metabolism (3); Biological oxidations (3); Cytochrome P450 - arranged by substrate type (3)
MESH:C049584,"2-amino-1-methyl-6-phenylimidazo(4,5-b)pyridine",Signal Transduction (50); Immune System (49); Metabolism (45)
MESH:C494607,2-amino-3-(2-amino-2-carboxyethylsulfanyl-mercuricsulfanyl)-propionic acid,Transport of small molecules (3); SLC-mediated transmembrane transport (3); Disease (2)
MESH:C418233,2-amino-3-(3-hydrox-5(2-methyl-2H-tetrazol-5-yl)isoxazol-4-yl)propionic acid,Generic Transcription Pathway (4); RNA Polymerase II Transcription (4); Gene expression (Transcription) (4)
MESH:C548172,"2-amino-3-(4-((5-amino-2-phenylbenzo(d)oxazol-7-yl)methoxy)-3,5-dichlorophenyl)propanoic acid",Hemostasis (1); Metabolism (1); Cell surface interactions at the vascular wall (1)
MESH:C474829,2-amino-3-(4-chloro-3-hydroxy-5-isoxazolyl)propionic acid,Neurotransmitter receptors and postsynaptic signal transmission (2); Transmission across Chemical Synapses (2); Neuronal System (2)
MESH:C036989,"2-amino-3,4-dimethylimidazo(4,5-f)quinoline",Metabolism (12); Generic Transcription Pathway (8); RNA Polymerase II Transcription (8)
MESH:C492908,"2-amino-3-(4'-N,N-bis(2-chloroethyl)amino)phenylpropionic acid N-oxide",Metabolism (3); Signal Transduction (3); Cellular responses to stress (3)
MESH:C111046,2-amino-3-(5-tert-butyl-3-(phosphonomethoxy)-4-isoxazolyl)propionic acid,Neurotransmitter receptors and postsynaptic signal transmission (1); Transmission across Chemical Synapses (1); Neuronal System (1)
MESH:C042052,"2-amino-3,7,8-trimethylimidazo(4,5-f)quinoxaline",Abacavir transmembrane transport (2); Abacavir ADME (2); Transport of small molecules (2)
MESH:C036990,"2-amino-3,8-dimethylimidazo(4,5-f)quinoxaline",Metabolism (33); Signal Transduction (27); Immune System (26)
MESH:C000599178,2-amino-3-hydroxy-2-hydroxymethylpropyl 3-acetylbetulinoate,Apoptosis (1); Intrinsic Pathway for Apoptosis (1); Formation of apoptosome (1)
MESH:C531569,2-amino-3-hydroxypyridine,Adaptive Immune System (2); Immune System (2); Cellular responses to stress (2)
MESH:C546460,"2-amino-3-methyl-3H-imidazo(4,5-f)quinoline",Metabolism (5); Biological oxidations (5); Drug ADME (5)
MESH:C017821,"2-amino-3-methyl-9H-pyrido(2,3-b)indole",Metabolism (11); Biological oxidations (10); Phase II - Conjugation of compounds (8)
MESH:C029216,"2-amino-3-methylimidazo(4,5-f)quinoline",Metabolism (15); Immune System (9); Biological oxidations (9)
MESH:C432523,"2-amino-3-methylimidazo(4,5-f)quinoxaline",Drug ADME (4); Metabolism (3); Phase II - Conjugation of compounds (3)
MESH:C581356,"2-amino-4-(3,4-(methylenedioxy)benzylamino)-6-(3-methoxyphenyl)pyrimidine",Developmental Biology (7); Immune System (6); Cytokine Signaling in Immune system (5)
MESH:C005926,2-amino-4-hydroxy-6-formylpteridine,Apoptosis (1); Hemostasis (1); Apoptotic cleavage of cellular proteins (1)
MESH:C085470,"2-amino-4-hydroxymethyl-3,8-dimethylimidazo(4,5-f)quinoxaline",Metabolism (2); Biological oxidations (2); Cytochrome P450 - arranged by substrate type (2)
MESH:C562225,"2-amino-4-phenyl-8-pyrrolidin-1-ylmethylindeno(1,2-d)pyrimidin-5-one",Signal Transduction (2); Signaling by GPCR (2); Class A/1 (Rhodopsin-like receptors) (2)
MESH:C014328,2-amino-4-phenylbutyric acid,Developmental Biology (1); Signal Transduction (1); Macroautophagy (1)
MESH:C012729,2-amino-4-phosphonobutyric acid,Signal Transduction (2); Signaling by GPCR (2); GPCR downstream signalling (2)
MESH:C093124,"2-amino-5,6-dihydro-6-methyl-4H-1,3-thiazine",Cytokine Signaling in Immune system (5); Immune System (5); Signaling by Interleukins (5)
MESH:C087594,2-amino-5-nitrophenol,Developmental Biology (1); Cytokine Signaling in Immune system (1); Signaling by SCF-KIT (1)
MESH:C501280,2-amino-6-(2-(cyclopropylmethoxy)-6-hydroxyphenyl)-4-piperidin-4-yl nicotinonitrile,Cytokine Signaling in Immune system (5); Signal Transduction (5); Immune System (5)
MESH:C561592,2-amino-6-borono-2-(difluoromethyl)hexanoic acid,Metabolism (2); Innate Immune System (2); Immune System (2)
MESH:C561591,2-amino-6-borono-2-methylhexanoic acid,Metabolism (2); Innate Immune System (2); Immune System (2)
MESH:C121228,2-amino-6-boronohexanoic acid,Metabolism (3); Urea cycle (3); Metabolism of amino acids and derivatives (3)
MESH:C023785,"2-amino-6-methyldipyrido(1,2-a-3',2'-d)imidazole",Metabolism (6); Biological oxidations (6); Drug ADME (5)
MESH:C570862,"2-amino-7-(4-fluoro-2-(6-methoxypyridin-2-yl)phenyl)-4-methyl-7,8-dihydropyrido(4,3-d)pyrimidin-5(6H)-one",Signal Transduction (9); Cellular responses to stress (9); Cellular responses to stimuli (9)
MESH:C570662,"2-amino-8-(4-(2-hydroxyethoxy)cyclohexyl)-6-(6-methoxypyridin-3-yl)-4-methylpyrido(2,3-d)pyrimidin-7(8H)-one",Signal Transduction (9); Disease (7); Immune System (5)
MESH:C017822,"2-amino-9H-pyrido(2,3-b)indole",Metabolism (7); Biological oxidations (6); Drug ADME (6)
MESH:C070094,2-aminoadamantane,DNA Double-Strand Break Repair (1); Nonhomologous End-Joining (NHEJ) (1); DNA Repair (1)
MESH:D015074,2-Aminoadipic Acid,Neurotransmitter receptors and postsynaptic signal transmission (4); Transmission across Chemical Synapses (4); Neuronal System (4)
MESH:C499326,2-((aminocarbonyl)amino)-5-(4-fluorophenyl)-3-thiophenecarboxamide,Cytokine Signaling in Immune system (3); Signal Transduction (3); Disease (3)
MESH:C014970,2-aminodiphenyl,Signal Transduction (7); Immune System (7); Cytokine Signaling in Immune system (6)
MESH:C504876,2-aminoethoxydiphenylborane,Adaptive Immune System (2); Disease (2); Immune System (2)
MESH:C109986,2-aminoethoxydiphenyl borate,Immune System (16); Signal Transduction (13); Cellular responses to stimuli (10)
MESH:C012177,2-aminofluorene,Metabolism (7); Biological oxidations (7); Phase II - Conjugation of compounds (4)
MESH:C006545,2-aminoindan,Signal Transduction (1); Signaling by GPCR (1); Class A/1 (Rhodopsin-like receptors) (1)
MESH:C027667,2-aminophenol,Metabolism (6); Biological oxidations (3); Cellular responses to stress (3)
MESH:D015075,2-Aminopurine,Cytokine Signaling in Immune system (4); Immune System (4); Disease (2)
MESH:C012180,2-aminopyrimidine,Metabolism (1); Biological oxidations (1); Cytochrome P450 - arranged by substrate type (1)
MESH:C005464,2-aminothiophenol,Complement cascade (3); Initial triggering of complement (3); Innate Immune System (3)
MESH:C003898,2-anisidine,Immune System (36); Cytokine Signaling in Immune system (27); Signaling by Interleukins (22)
MESH:C006593,2-anthramine,Cytokine Signaling in Immune system (5); Immune System (5); Signaling by Interleukins (5)
MESH:C054916,"2-azido-3-iodo-7,8-dibromodibenzo-1,4-dioxin",Metabolism (1); PPARA activates gene expression (1); Biological oxidations (1)
MESH:C484327,2'-benzoyloxycinnamaldehyde,POLB-Dependent Long Patch Base Excision Repair (1); Resolution of AP sites via the multiple-nucleotide patch replacement pathway (1); Signal Transduction (1)
MESH:C048008,2-(beta-(3-iodo-4-hydroxyphenyl)ethylaminomethyl)tetralone,Signal Transduction (3); Signaling by GPCR (3); Class A/1 (Rhodopsin-like receptors) (3)
MESH:C069723,2beta-carbomethoxy-3beta-(4-iodophenyl)tropane,Neurotransmitter clearance (2); Transmission across Chemical Synapses (2); Neuronal System (2)
MESH:C425062,(2-boronoethyl)-cysteine,Metabolism (3); Urea cycle (3); Metabolism of amino acids and derivatives (3)
MESH:C521501,"2-bromo-12,13-dihydro-5-indolo(2,3-a)pyrrolo(3,4-c)carbazole-5,7(6H)-dione",Inhibition of replication initiation of damaged DNA by RB1/E2F1 (1); E2F mediated regulation of DNA replication (1); Cell-Cell communication (1)
MESH:C022776,2-bromopalmitate,Immune System (84); Metabolism of proteins (79); Metabolism (77)
MESH:C032038,2-bromophenol,Metabolism (8); Metabolism of lipids (8); Metabolism of steroids (8)
MESH:C043958,2-butanol,Neurotransmitter receptors and postsynaptic signal transmission (2); Transmission across Chemical Synapses (2); Neuronal System (2)
MESH:C012796,2-butenal,Signal Transduction (41); Immune System (34); Cytokine Signaling in Immune system (27)
MESH:C437043,2-butylamino-2-demethoxy-hypocrellin B,Signal Transduction (4); Immune System (4); Cellular responses to stimuli (4)
MESH:C012257,2-chloro-4-phenylphenol,SUMOylation (3); SUMO E3 ligases SUMOylate target proteins (3); Metabolism of proteins (3)
MESH:C107349,2-chloro-5-hydroxyphenylglycine,Neuronal System (1); Signal Transduction (1); Signaling by GPCR (1)
MESH:C457499,2-chloro-5-nitrobenzanilide,Metabolism (30); Immune System (30); Disease (29)
MESH:C086837,2-chloroacetanilide,Metabolism (2); Metabolism of amine-derived hormones (2); Thyroxine biosynthesis (2)
MESH:D015762,2-Chloroadenosine,PIP3 activates AKT signaling (1); Developmental Biology (1); Signal Transduction (1)
MESH:C025257,2-chloroaniline,ROS and RNS production in phagocytes (1); Innate Immune System (1); Immune System (1)
MESH:C059341,2-chlorobenzaldehyde,Metabolism (1); Metabolism of steroid hormones (1); Pregnenolone biosynthesis (1)
MESH:C055142,2-chlorobiphenyl,Generic Transcription Pathway (2); Nuclear Receptor transcription pathway (2); RNA Polymerase II Transcription (2)
MESH:C027643,2-chlorodibenzo-4-dioxin,Cytokine Signaling in Immune system (1); Immune System (1); Generic Transcription Pathway (1)
MESH:C031278,2-chloroethyl ethyl sulfide,Metabolism (27); Gene expression (Transcription) (27); Disease (25)
MESH:C091423,2-chloromethylpyridine,Cellular responses to stress (6); Cellular responses to stimuli (6); Cellular response to chemical stress (6)
MESH:C093872,"2-chloro-N-(2,6-diethylphenyl)acetamide",Metabolism (1); Biological oxidations (1); Cytochrome P450 - arranged by substrate type (1)
MESH:C550088,2-chloro-N-(4-chlorobiphenyl-2-yl)nicotinamide,Metabolism (9); Biological oxidations (6); Cytochrome P450 - arranged by substrate type (6)
MESH:C090034,2-chloro-N(6)-(3-iodobenzyl)adenosine-5'-N-methyluronamide,Signal Transduction (2); Metabolism (1); Integration of energy metabolism (1)
MESH:C058394,2-chloro-N(6)cyclopentyladenosine,Signal Transduction (1); Signaling by GPCR (1); Class A/1 (Rhodopsin-like receptors) (1)
MESH:C465253,"2-chloro-N6-methyl-(N)-methanocarba-2'-deoxyadenosine-3',5'-bisphosphate",Hemostasis (1); Cytokine Signaling in Immune system (1); Signal Transduction (1)
MESH:C030683,2-chlorophenol,Metabolism (4); Phase II - Conjugation of compounds (4); Cytosolic sulfonation of small molecules (4)
MESH:C513402,2'-C-methylcytidine,Metabolism (2); Metabolism of nucleotides (2); Pyrimidine salvage (2)
MESH:C034047,2-cresol,Neurotransmitter clearance (1); Transmission across Chemical Synapses (1); Neuronal System (1)
MESH:C070279,2'-cyano-2'-deoxyarabinofuranosylcytosine,Cell Cycle (6); Generic Transcription Pathway (6); Transcriptional Regulation by TP53 (6)
MESH:C518860,"2-cyano-3,12-dioxooleana-1,9(11)-dien-28-oic acid ethyl amide",Disease (2); Metabolism of proteins (2); Infectious disease (2)
MESH:C530803,"2-cyano-3,12-dioxooleana-1,9(11)-dien-28-oic acid methyl amide",Adaptive Immune System (1); Disease (1); Immune System (1)
MESH:C568680,"(2-cyano-3,12-dioxooleana-1,9-dien-28-oic acid) trifluoroethylamide",Adaptive Immune System (1); Disease (1); Immune System (1)
MESH:C115284,2-cyano-3-hydroxy-N-(4-(trifluoromethyl)phenyl)-2-hepten-6-ynamide,Metabolism (1); Metabolism of nucleotides (1); Pyrimidine biosynthesis (1)
MESH:C578079,2-cyclohexylselenazolidine-4-carboxylic acid,Cellular responses to stress (3); Cellular responses to stimuli (3); Cellular response to chemical stress (3)
MESH:C532254,"2-cyclopentyl-4-(5-phenyl-1H-pyrrolo(2,3-b)pyridin-3-yl)-benzoic acid",PI3K Cascade (1); IRS-mediated signalling (1); Signaling by FGFR in disease (1)
MESH:C436284,2-cyclopentyl-5-(5-isoquinolylsulfonyl)-6-nitro-1H-benzo(D)imidazole,Signal Transduction (3); Cell-Cell communication (2); Disease (2)
MESH:C058118,2'-deoxyadenosine,DNA Repair (5); Disease (4); Translesion synthesis by Y family DNA polymerases bypasses lesions on DNA template (3)
MESH:C024107,2'-deoxycytidine 5'-triphosphate,Translesion synthesis by Y family DNA polymerases bypasses lesions on DNA template (2); Translesion synthesis by POLK (2); Termination of translesion DNA synthesis (2)
MESH:C530888,2'-deoxy-N4-(2-(4-nitrophenyl)ethoxycarbonyl)-5-azacytidine,Metabolism (1); Biological oxidations (1); Phase I - Functionalization of compounds (1)
MESH:C031302,2-deoxyribose 1-phosphate,Metabolism (1); Metabolism of nucleotides (1); Pyrimidine salvage (1)
MESH:C028145,2'-deoxythymidylyl-(3'-5')-2'-deoxyadenosine,Developmental Biology (3); Signaling by NOTCH (3); Signal Transduction (3)
MESH:C007267,2'-deoxyuridylic acid,Metabolism (1); Glycosaminoglycan metabolism (1); Hyaluronan metabolism (1)
MESH:C058706,2-desamino-2-methylaminopterin,"Metabolism (1); Tetrahydrobiopterin (BH4) synthesis, recycling, salvage and regulation (1); Cell Cycle (1)"
MESH:C004726,2-dichlorobenzene,Metabolism (4); Biological oxidations (4); Cytochrome P450 - arranged by substrate type (3)
MESH:C492322,"2-dimethylamino-4,5,6,7-tetrabromo-1H-benzimidazole","Cell Cycle (5); Cell Cycle, Mitotic (5); RNA Polymerase II Transcription (5)"
MESH:C000595230,"2-((dimethylamino)methyl)-9-hydroxythieno(2,3-c)isoquinolin-5(4H)-one",POLB-Dependent Long Patch Base Excision Repair (1); Resolution of AP sites via the multiple-nucleotide patch replacement pathway (1); Signal Transduction (1)
MESH:C487689,"(2E,4E,6E,10E)-3,7,11,15-tetramethyl-2,4,6,10,14-hexadecapentaenoic acid",Cytokine Signaling in Immune system (3); Signal Transduction (3); Disease (3)
MESH:C476489,(2E)-decenal,Metabolism (1); Metabolism of steroid hormones (1); Pregnenolone biosynthesis (1)
MESH:C518368,"(2E)-N,N-dibutyl-3-(4-hydroxy-3-methoxyphenyl)acrylamide",Developmental Biology (3); Cell Cycle (3); Disease (3)
MESH:C545239,2'-epi-2'-O-acetylthevetin B,E2F-enabled inhibition of pre-replication complex formation (2); E2F mediated regulation of DNA replication (2); Signal Transduction (2)
MESH:C051450,2-ethyl-5-carboxypentyl phthalate,Signal Transduction (6); Developmental Biology (5); Metabolism of proteins (5)
MESH:C040668,2-ethylhexanoic acid,"Developmental Biology (1); BMAL1:CLOCK,NPAS2 activates circadian expression (1); Metabolism (1)"
MESH:C034017,2-ethylhexanol,Stimuli-sensing channels (1); TRP channels (1); Transport of small molecules (1)
MESH:C576261,"2-ethylhexyl 2,3,4,5-tetrabromobenzoate",SUMOylation (2); SUMO E3 ligases SUMOylate target proteins (2); Metabolism of proteins (2)
MESH:C036758,2-ethylhexyl acrylate,Metabolism (5); Metabolism of amine-derived hormones (4); Thyroxine biosynthesis (4)
MESH:C018535,2-ethylhexyldiphenylphosphate,Disease (11); Metabolism (10); Signal Transduction (10)
MESH:C103422,2-ethylhexyl salicylate,Metabolism (1); Androgen biosynthesis (1); Mineralocorticoid biosynthesis (1)
MESH:C010724,"2-ethylidene-1,5-dimethyl-3,3-diphenylpyrrolidine",Metabolism (1); Disease (1); Estrogen biosynthesis (1)
MESH:C495777,2-ethylphenol,Stimuli-sensing channels (2); TRP channels (2); Transport of small molecules (2)
MESH:C065012,2-ethynylnaphthalene,Metabolism (2); Biological oxidations (2); Cytochrome P450 - arranged by substrate type (2)
MESH:C535034,2-ethynylpyrene,Metabolism (1); Disease (1); Biological oxidations (1)
MESH:C525063,"2'-fluoro-6,7-methylenedioxy-2-phenyl-4-quinolone",Signal Transduction (10); Developmental Biology (7); Disease (7)
MESH:C040514,2-fluorohexadecanoic acid,Signaling by NOTCH (1); Signal Transduction (1); Pre-NOTCH Transcription and Translation (1)
MESH:C492656,"2-furan-2-yl-7-3-(4-(4-(4-methylpiperazine-1-sulfonyl)phenylethyl)-7H-pyrazolo(4,3-e)(1,2,4)triazolo-(1,5-c)pyrimdin-5-ylamine)",Signal Transduction (1); Signaling by NTRKs (1); Activation of TRKA receptors (1)
MESH:C487404,2-furoyl-LIGRLO-amide,Signal Transduction (1); Signaling by VEGF (1); Neurophilin interactions with VEGF and VEGFR (1)
MESH:C087939,2''-galloylhyperin,Disease (3); Immune System (3); Cellular responses to stress (3)
MESH:C586542,2'-(glutathion-S-yl)-deschlorodiclofenac,Metabolism (15); Biological oxidations (15); Cytochrome P450 - arranged by substrate type (14)
MESH:D012369,"2H-Benzo(a)quinolizin-2-ol, 2-Ethyl-1,3,4,6,7,11b-hexahydro-3-isobutyl-9,10-dimethoxy-",Neurotransmitter release cycle (1); Transmission across Chemical Synapses (1); Neuronal System (1)
MESH:C011917,2-heptanone,Opioid Signalling (2); G-protein mediated events (2); Metabolism (2)
MESH:C064600,2-heptenal,Metabolism (1); Metabolism of steroid hormones (1); Pregnenolone biosynthesis (1)
MESH:C037076,2-hexanol,Neuronal System (1); Potassium Channels (1); Voltage gated Potassium channels (1)
MESH:C051750,2-hexenal,Metabolism (7); Biological oxidations (3); Metabolism of lipids (3)
MESH:C526651,2-hexyl-1-cyclopentanone thiosemicarbazone,"Plasma lipoprotein assembly, remodeling, and clearance (1); Binding and Uptake of Ligands by Scavenger Receptors (1); Scavenging by Class B Receptors (1)"
MESH:C076864,2-hexynyladenosine-5'-N-ethylcarboxamide,Signal Transduction (1); Signaling by NTRKs (1); Activation of TRKA receptors (1)
MESH:C000589290,"2-hydroxy-1-(2-((9-(4-methylcyclohexyl)-9H-pyrido(4',3'-4,5)pyrrolo(2,3-d)pyrimidin-2-yl)amino)-7,8-dihydro-1,6-naphthyridin-6(5H)-yl)ethanone",Disease (6); Signal Transduction (4); Immune System (4)
MESH:C120275,2-hydroxy-1-naphthylaldehyde isonicotinoyl hydrazone,Generic Transcription Pathway (14); RNA Polymerase II Transcription (14); Gene expression (Transcription) (14)
MESH:C561157,"2'-hydroxy-2,3',4,5'-tetrabromodipheyl ether",Metabolism (1); Extracellular matrix organization (1); Disease (1)
MESH:C584586,"2-hydroxy-3,5,3',5'-tetramethoxystilbene",Metabolism (3); Metabolism of steroid hormones (3); Metabolism of proteins (3)
MESH:C576975,"2-hydroxy-3',5,5'-trimethoxychalcone",Signal Transduction (5); Disease (5); Generic Transcription Pathway (5)
MESH:C581774,2-hydroxy-3-(5-((morpholin-4-yl)methyl)pyridin-2-yl)-1H-indole-5-carbonitrile,Adaptive Immune System (1); Immune System (1); Antigen processing: Ubiquitination & Proteasome degradation (1)
MESH:C522458,"2-hydroxy-4-(2,2,3,3,3-pentafluoropropoxy)benzoic acid",Cytokine Signaling in Immune system (3); Immune System (3); Signal Transduction (2)
MESH:C577640,"2-hydroxy-4-(4-(5-(2-methyl-3-phenylprop-2-enylidene)-4-oxo-2-sulfanylidene-1,3-thiazolidin-3-yl)butanoylamino)benzoic acid",Signal Transduction (1); Signaling by GPCR (1); Class A/1 (Rhodopsin-like receptors) (1)
MESH:C104570,(2-hydroxy-4-(octyloxy)phenyl)phenylmethanone,Metabolism (1); Androgen biosynthesis (1); Mineralocorticoid biosynthesis (1)
MESH:C497101,2-hydroxy-9-cis-octadecenoic acid,Cell Cycle (7); Disease (7); Generic Transcription Pathway (7)
MESH:C060533,"2-hydroxyamino-1-methyl-6-phenylimidazo(4,5-b)pyridine",Metabolism (15); Biological oxidations (15); Phase II - Conjugation of compounds (12)
MESH:C032012,"2-hydroxyamino-3-methylimidazolo(4,5-f)quinoline",Metabolism (2); Phase II - Conjugation of compounds (2); Acetylation (2)
MESH:C013031,2'-hydroxychalcone,Metabolism (2); Biological oxidations (2); Cytochrome P450 - arranged by substrate type (2)
MESH:C051268,2-hydroxychavicol,Metabolism (8); Glycosaminoglycan metabolism (3); Disease (3)
MESH:C061026,2-hydroxychrysophanol,Metabolism (2); Biological oxidations (2); Cytochrome P450 - arranged by substrate type (2)
MESH:C053054,2-hydroxyemodin,Metabolism (2); Biological oxidations (2); Cytochrome P450 - arranged by substrate type (2)
MESH:C001390,2-hydroxyestradiol,Metabolism (14); Biological oxidations (11); Phase II - Conjugation of compounds (8)
MESH:C008012,2-hydroxyestriol,Metabolism (3); Phase II - Conjugation of compounds (3); Glucuronidation (3)
MESH:C024980,2-hydroxyestrone,Metabolism (7); Biological oxidations (6); Phase II - Conjugation of compounds (5)
MESH:C035957,2-hydroxyethyl acrylate,Metabolism (3); Metabolism of lipids (2); Synthesis of bile acids and bile salts (1)
MESH:C031319,2-hydroxyethyl disulfide,HIV Life Cycle (2); Integration of provirus (2); Early Phase of HIV Life Cycle (2)
MESH:C520534,2'-hydroxyflavanone,Cytokine Signaling in Immune system (11); Immune System (11); Signal Transduction (10)
MESH:C559867,"2-(hydroxyimino)-N,N-dimethyl-N'-propylacetimidamide",Neurotransmitter clearance (1); Transmission across Chemical Synapses (1); Neuronal System (1)
MESH:C120943,"2-hydroxymethyl-4,8-dihydrobenzo(1,2-b-5,4-b')dithiophene-48-dione",Cytokine Signaling in Immune system (1); Immune System (1); Signaling by Interleukins (1)
MESH:C005756,2-hydroxyphenylacetic acid,Metabolism (2); Biological oxidations (2); Cytochrome P450 - arranged by substrate type (2)
MESH:C002585,2-hydroxyphytanic acid,Signal Transduction (2); Generic Transcription Pathway (2); Nuclear Receptor transcription pathway (2)
MESH:D000073738,2-Hydroxypropyl-beta-cyclodextrin,Metabolism (2); PPARA activates gene expression (2); Biological oxidations (2)
MESH:C029639,2-hydroxypropyl methacrylate,Cytokine Signaling in Immune system (1); Signal Transduction (1); Immune System (1)
MESH:C017679,2-hydroxypyridine,Metabolism (1); PPARA activates gene expression (1); Biological oxidations (1)
MESH:C107724,2-hydroxyquinoline,Metabolism (1); Synthesis of 5-eicosatetraenoic acids (1); Arachidonate metabolism (1)
MESH:C044556,2-iodomelatonin,Signal Transduction (2); Signaling by GPCR (2); Class A/1 (Rhodopsin-like receptors) (2)
MESH:C505559,2-iodophenyl-(1-(1-methylpiperidin-2-ylmethyl)-1H-indol-3-yl)methanone,Signal Transduction (3); Signaling by GPCR (3); Class A/1 (Rhodopsin-like receptors) (3)
MESH:C000590793,2-isopropyl-5-methylcyclohexanone,Developmental Biology (1); Epigenetic regulation of gene expression (1); Gene expression (Transcription) (1)
MESH:C507236,(2-isopropyl-5-methylcyclohexyl) diphenylphosphine oxide,Neuronal System (1); Potassium Channels (1); Voltage gated Potassium channels (1)
MESH:C561419,2-isopropyl-6-methyl-4-pyrimidinol,Signal Transduction (1); Signaling by GPCR (1); Class A/1 (Rhodopsin-like receptors) (1)
MESH:C014632,2-keto-4-methylthiobutyric acid,Metabolism (2); Regulation of ornithine decarboxylase (ODC) (2); Metabolism of polyamines (2)
MESH:C029729,2-mercaptomethyl-3-guanidinoethylthiopropionic acid,Prolactin receptor signaling (1); Developmental Biology (1); Cytokine Signaling in Immune system (1)
MESH:C096118,"2-methoxy-1,4-naphthoquinone",Developmental Biology (1); Cytokine Signaling in Immune system (1); Signaling by SCF-KIT (1)
MESH:C072790,2-methoxy-4-amino-5-chlorobenzoic acid 2-(diethylamino)ethyl ester,Signal Transduction (1); Signaling by GPCR (1); Class A/1 (Rhodopsin-like receptors) (1)
MESH:C000612164,"2-methoxy-5-((3,4,5-trimethosyphenyl)seleninyl)phenol",Signal Transduction (5); Immune System (5); Developmental Biology (4)
MESH:C000594525,"2-methoxy-6-undecyl-1,4-benzoquinone",Signal Transduction (13); Signaling by Receptor Tyrosine Kinases (10); Cytokine Signaling in Immune system (8)
MESH:C049826,2-methoxyacetaldehyde,Metabolism (3); Biological oxidations (3); Phase I - Functionalization of compounds (3)
MESH:D000077584,2-Methoxyestradiol,Signal Transduction (19); Disease (18); Generic Transcription Pathway (16)
MESH:C500344,"2-methoxyestradiol-3,17-bis-O,O-sulfamate",Signal Transduction (3); Disease (3); Metabolism of proteins (2)
MESH:C526438,"2-methoxyestradiol-3,17-O,O-bis(sulfamate)",Developmental Biology (2); Metabolism (2); E2F-enabled inhibition of pre-replication complex formation (1)
MESH:C003655,2-methoxyestrone,Metabolism (2); Metabolism of lipids (2); Estrogen biosynthesis (1)
MESH:C058525,2-methoxyidazoxan,Hemostasis (3); Signal Transduction (3); Signaling by GPCR (3)
MESH:C521104,2-methoxy-N-(3-(4-((3-methyl-4-((6-methyl-3-pyridinyl)oxy)phenyl)amino)-6-quinazolinyl)-2-propenyl)acetamide,Transport of small molecules (5); Disease (4); Metabolism (3)
MESH:C577942,"2-methoxy-N-(3-methyl-2-oxo-1,2,3,4-tetrahydroquinazolin-6-yl)benzenesulfonamide",Signal Transduction (18); Extracellular matrix organization (17); Immune System (14)
MESH:C082155,2-methoxynaphthalene,Metabolism (1); Phase II - Conjugation of compounds (1); Methylation (1)
MESH:C405442,2-methoxyoestrone-3-O-sulphamate,Disease (2); Interleukin-6 signaling (1); MAPK3 (ERK1) activation (1)
MESH:C092159,2-methoxypropanol,Cytokine Signaling in Immune system (1); Disease (1); Innate Immune System (1)
MESH:C062397,"2-methyl-1,4-hydroquinone",Adaptive Immune System (1); Disease (1); Immune System (1)
MESH:C459092,2-methyl-1-((4-methyl-5-isoquinolinyl)sulfonyl)homopiperazine,Hemostasis (1); Adaptive Immune System (1); Signal Transduction (1)
MESH:C101261,2-methyl-1-propenylbenzoate,Neurotransmitter clearance (1); Transmission across Chemical Synapses (1); Neuronal System (1)
MESH:C511621,2-methyl-2H-pyrazole-3-carboxylic acid (2-methyl-4-o-tolylazophenyl)amide,Metabolism (94); Signal Transduction (87); Immune System (85)
MESH:C430966,2-methyl-4-chlorophenol,Developmental Biology (1); L1CAM interactions (1); Muscle contraction (1)
MESH:D008456,2-Methyl-4-chlorophenoxyacetic Acid,Glycoprotein hormones (1); Peptide hormone biosynthesis (1); Generic Transcription Pathway (1)
